temporal_index,extraction_policy_version,sample_fps_requested,sample_fps_effective,laplacian_percentile_video,tenengrad_percentile_video,quality_rank_video,step_name,filename,width,height,laplacian_score,tenengrad_score,brightness_mean,brightness_std,shadow_pixel_ratio,highlight_pixel_ratio,contrast_p90_p10,file_size_bytes,laplacian_percentile,tenengrad_percentile,quality_rank,status,error,video_id,frame_id,frame_name,relative_path,short_edge,long_edge,pixel_count,aspect_ratio,global_laplacian,global_tenengrad,mean_brightness,processing_status
1,2,2.0,2.0,88.89,27.78,10,STEP2_TECHNICAL_METRICS,Sasha_v01/Sasha_v01_001.png,2160,3948,3.06,261.135,147.997,58.073,0.023,0.061,144.0,3549968,34.29,43.33,1136,ok,,Sasha_v01,Sasha_v01/Sasha_v01_001.png,Sasha_v01_001.png,work/frames_raw/Sasha_v01/Sasha_v01_001.png,2160,3948,8527680,0.547112,3.06,261.135,147.997,PASS
2,2,2.0,2.0,94.44,66.67,2,STEP2_TECHNICAL_METRICS,Sasha_v01/Sasha_v01_002.png,2160,3948,3.59,269.892,147.101,59.5,0.028,0.059,148.0,4686975,42.59,44.6,1048,ok,,Sasha_v01,Sasha_v01/Sasha_v01_002.png,Sasha_v01_002.png,work/frames_raw/Sasha_v01/Sasha_v01_002.png,2160,3948,8527680,0.547112,3.59,269.892,147.101,PASS
3,2,2.0,2.0,100.0,50.0,3,STEP2_TECHNICAL_METRICS,Sasha_v01/Sasha_v01_003.png,2160,3948,3.642,265.214,150.179,57.634,0.017,0.055,145.0,4571921,43.49,44.17,1039,ok,,Sasha_v01,Sasha_v01/Sasha_v01_003.png,Sasha_v01_003.png,work/frames_raw/Sasha_v01/Sasha_v01_003.png,2160,3948,8527680,0.547112,3.642,265.214,150.179,PASS
4,2,2.0,2.0,83.33,0.0,13,STEP2_TECHNICAL_METRICS,Sasha_v01/Sasha_v01_004.png,2160,3948,2.899,199.866,149.577,57.122,0.006,0.06,150.0,3833860,31.66,34.32,1258,ok,,Sasha_v01,Sasha_v01/Sasha_v01_004.png,Sasha_v01_004.png,work/frames_raw/Sasha_v01/Sasha_v01_004.png,2160,3948,8527680,0.547112,2.899,199.866,149.577,PASS
5,2,2.0,2.0,33.33,77.78,11,STEP2_TECHNICAL_METRICS,Sasha_v01/Sasha_v01_005.png,2160,3948,2.667,270.738,145.702,72.87,0.156,0.073,199.0,3695649,26.28,44.7,1198,ok,,Sasha_v01,Sasha_v01/Sasha_v01_005.png,Sasha_v01_005.png,work/frames_raw/Sasha_v01/Sasha_v01_005.png,2160,3948,8527680,0.547112,2.667,270.738,145.702,PASS
6,2,2.0,2.0,66.67,100.0,1,STEP2_TECHNICAL_METRICS,Sasha_v01/Sasha_v01_006.png,2160,3948,2.753,284.434,142.352,71.605,0.155,0.048,196.0,3548935,27.96,46.56,1157,ok,,Sasha_v01,Sasha_v01/Sasha_v01_006.png,Sasha_v01_006.png,work/frames_raw/Sasha_v01/Sasha_v01_006.png,2160,3948,8527680,0.547112,2.753,284.434,142.352,PASS
7,2,2.0,2.0,38.89,83.33,8,STEP2_TECHNICAL_METRICS,Sasha_v01/Sasha_v01_007.png,2160,3948,2.67,275.591,147.687,70.877,0.125,0.08,194.0,3552226,26.34,45.29,1189,ok,,Sasha_v01,Sasha_v01/Sasha_v01_007.png,Sasha_v01_007.png,work/frames_raw/Sasha_v01/Sasha_v01_007.png,2160,3948,8527680,0.547112,2.67,275.591,147.687,PASS
8,2,2.0,2.0,61.11,72.22,6,STEP2_TECHNICAL_METRICS,Sasha_v01/Sasha_v01_008.png,2160,3948,2.745,270.212,140.734,70.543,0.144,0.057,192.0,3449598,27.9,44.65,1183,ok,,Sasha_v01,Sasha_v01/Sasha_v01_008.png,Sasha_v01_008.png,work/frames_raw/Sasha_v01/Sasha_v01_008.png,2160,3948,8527680,0.547112,2.745,270.212,140.734,PASS
9,2,2.0,2.0,50.0,88.89,5,STEP2_TECHNICAL_METRICS,Sasha_v01/Sasha_v01_009.png,2160,3948,2.723,275.686,143.853,69.188,0.129,0.057,190.0,3665586,27.36,45.39,1178,ok,,Sasha_v01,Sasha_v01/Sasha_v01_009.png,Sasha_v01_009.png,work/frames_raw/Sasha_v01/Sasha_v01_009.png,2160,3948,8527680,0.547112,2.723,275.686,143.853,PASS
10,2,2.0,2.0,16.67,22.22,17,STEP2_TECHNICAL_METRICS,Sasha_v01/Sasha_v01_010.png,2160,3948,2.628,260.048,140.038,71.372,0.156,0.044,197.0,3594152,25.51,43.01,1229,ok,,Sasha_v01,Sasha_v01/Sasha_v01_010.png,Sasha_v01_010.png,work/frames_raw/Sasha_v01/Sasha_v01_010.png,2160,3948,8527680,0.547112,2.628,260.048,140.038,PASS
11,2,2.0,2.0,11.11,11.11,18,STEP2_TECHNICAL_METRICS,Sasha_v01/Sasha_v01_011.png,2160,3948,2.597,248.09,142.141,71.791,0.147,0.059,192.0,3401174,24.79,41.26,1257,ok,,Sasha_v01,Sasha_v01/Sasha_v01_011.png,Sasha_v01_011.png,work/frames_raw/Sasha_v01/Sasha_v01_011.png,2160,3948,8527680,0.547112,2.597,248.09,142.141,PASS
12,2,2.0,2.0,77.78,44.44,9,STEP2_TECHNICAL_METRICS,Sasha_v01/Sasha_v01_012.png,2160,3948,2.83,264.922,140.983,70.445,0.151,0.039,196.0,3869332,29.93,44.01,1161,ok,,Sasha_v01,Sasha_v01/Sasha_v01_012.png,Sasha_v01_012.png,work/frames_raw/Sasha_v01/Sasha_v01_012.png,2160,3948,8527680,0.547112,2.83,264.922,140.983,PASS
13,2,2.0,2.0,44.44,16.67,14,STEP2_TECHNICAL_METRICS,Sasha_v01/Sasha_v01_013.png,2160,3948,2.673,254.076,149.464,68.931,0.109,0.071,188.0,3565088,26.46,42.27,1227,ok,,Sasha_v01,Sasha_v01/Sasha_v01_013.png,Sasha_v01_013.png,work/frames_raw/Sasha_v01/Sasha_v01_013.png,2160,3948,8527680,0.547112,2.673,254.076,149.464,PASS
14,2,2.0,2.0,27.78,61.11,12,STEP2_TECHNICAL_METRICS,Sasha_v01/Sasha_v01_014.png,2160,3948,2.661,266.771,149.936,68.22,0.113,0.069,188.0,3616739,25.99,44.33,1210,ok,,Sasha_v01,Sasha_v01/Sasha_v01_014.png,Sasha_v01_014.png,work/frames_raw/Sasha_v01/Sasha_v01_014.png,2160,3948,8527680,0.547112,2.661,266.771,149.936,PASS
15,2,2.0,2.0,72.22,55.56,7,STEP2_TECHNICAL_METRICS,Sasha_v01/Sasha_v01_015.png,2160,3948,2.823,266.44,149.445,67.588,0.117,0.067,187.0,3612217,29.69,44.28,1160,ok,,Sasha_v01,Sasha_v01/Sasha_v01_015.png,Sasha_v01_015.png,work/frames_raw/Sasha_v01/Sasha_v01_015.png,2160,3948,8527680,0.547112,2.823,266.44,149.445,PASS
16,2,2.0,2.0,22.22,33.33,15,STEP2_TECHNICAL_METRICS,Sasha_v01/Sasha_v01_016.png,2160,3948,2.659,262.589,141.822,70.165,0.143,0.062,192.0,3544840,25.93,43.59,1220,ok,,Sasha_v01,Sasha_v01/Sasha_v01_016.png,Sasha_v01_016.png,work/frames_raw/Sasha_v01/Sasha_v01_016.png,2160,3948,8527680,0.547112,2.659,262.589,141.822,PASS
17,2,2.0,2.0,55.56,94.44,4,STEP2_TECHNICAL_METRICS,Sasha_v01/Sasha_v01_017.png,2160,3948,2.729,279.451,146.829,69.156,0.135,0.064,191.0,3799090,27.54,46.03,1168,ok,,Sasha_v01,Sasha_v01/Sasha_v01_017.png,Sasha_v01_017.png,work/frames_raw/Sasha_v01/Sasha_v01_017.png,2160,3948,8527680,0.547112,2.729,279.451,146.829,PASS
18,2,2.0,2.0,5.56,38.89,16,STEP2_TECHNICAL_METRICS,Sasha_v01/Sasha_v01_018.png,2160,3948,2.434,264.692,147.384,69.812,0.138,0.067,193.0,3154539,21.21,43.96,1271,ok,,Sasha_v01,Sasha_v01/Sasha_v01_018.png,Sasha_v01_018.png,work/frames_raw/Sasha_v01/Sasha_v01_018.png,2160,3948,8527680,0.547112,2.434,264.692,147.384,PASS
19,2,2.0,2.0,0.0,5.56,19,STEP2_TECHNICAL_METRICS,Sasha_v01/Sasha_v01_019.png,2160,3948,2.374,223.631,135.976,71.497,0.152,0.047,195.0,2928834,19.47,38.35,1343,ok,,Sasha_v01,Sasha_v01/Sasha_v01_019.png,Sasha_v01_019.png,work/frames_raw/Sasha_v01/Sasha_v01_019.png,2160,3948,8527680,0.547112,2.374,223.631,135.976,PASS
1,2,2.0,0.725221594026548,22.12,24.37,95,STEP2_TECHNICAL_METRICS,Sasha_v03/Sasha_v03_001.png,2160,3840,2.074,113.497,155.72,46.43,0.007,0.023,124.0,2236626,12.78,14.83,1624,ok,,Sasha_v03,Sasha_v03/Sasha_v03_001.png,Sasha_v03_001.png,work/frames_raw/Sasha_v03/Sasha_v03_001.png,2160,3840,8294400,0.5625,2.074,113.497,155.72,PASS
2,2,2.0,0.725221594026548,47.79,25.21,77,STEP2_TECHNICAL_METRICS,Sasha_v03/Sasha_v03_002.png,2160,3840,2.468,115.38,154.934,46.768,0.009,0.022,126.0,3153841,22.16,15.2,1546,ok,,Sasha_v03,Sasha_v03/Sasha_v03_002.png,Sasha_v03_002.png,work/frames_raw/Sasha_v03/Sasha_v03_002.png,2160,3840,8294400,0.5625,2.468,115.38,154.934,PASS
3,2,2.0,0.725221594026548,64.6,30.25,61,STEP2_TECHNICAL_METRICS,Sasha_v03/Sasha_v03_003.png,2160,3840,2.673,118.734,153.756,48.246,0.009,0.022,128.0,3221991,26.46,15.84,1488,ok,,Sasha_v03,Sasha_v03/Sasha_v03_003.png,Sasha_v03_003.png,work/frames_raw/Sasha_v03/Sasha_v03_003.png,2160,3840,8294400,0.5625,2.673,118.734,153.756,PASS
4,2,2.0,0.725221594026548,30.97,7.56,100,STEP2_TECHNICAL_METRICS,Sasha_v03/Sasha_v03_004.png,2160,3840,2.236,88.188,155.334,49.848,0.013,0.023,132.0,2836201,16.01,9.96,1645,ok,,Sasha_v03,Sasha_v03/Sasha_v03_004.png,Sasha_v03_004.png,work/frames_raw/Sasha_v03/Sasha_v03_004.png,2160,3840,8294400,0.5625,2.236,88.188,155.334,PASS
5,2,2.0,0.725221594026548,95.58,96.64,4,STEP2_TECHNICAL_METRICS,Sasha_v03/Sasha_v03_005.png,2160,3840,3.636,262.838,145.225,43.176,0.005,0.022,114.0,3218422,43.37,43.64,1049,ok,,Sasha_v03,Sasha_v03/Sasha_v03_005.png,Sasha_v03_005.png,work/frames_raw/Sasha_v03/Sasha_v03_005.png,2160,3840,8294400,0.5625,3.636,262.838,145.225,PASS
6,2,2.0,0.725221594026548,72.57,69.75,36,STEP2_TECHNICAL_METRICS,Sasha_v03/Sasha_v03_006.png,2160,3840,2.797,183.246,144.222,47.438,0.02,0.014,129.0,3484153,29.09,29.87,1330,ok,,Sasha_v03,Sasha_v03/Sasha_v03_006.png,Sasha_v03_006.png,work/frames_raw/Sasha_v03/Sasha_v03_006.png,2160,3840,8294400,0.5625,2.797,183.246,144.222,PASS
7,2,2.0,0.725221594026548,73.45,72.27,31,STEP2_TECHNICAL_METRICS,Sasha_v03/Sasha_v03_007.png,2160,3840,2.832,185.162,144.692,48.845,0.016,0.026,136.0,3369490,29.99,30.35,1319,ok,,Sasha_v03,Sasha_v03/Sasha_v03_007.png,Sasha_v03_007.png,work/frames_raw/Sasha_v03/Sasha_v03_007.png,2160,3840,8294400,0.5625,2.832,185.162,144.692,PASS
8,2,2.0,0.725221594026548,94.69,97.48,5,STEP2_TECHNICAL_METRICS,Sasha_v03/Sasha_v03_008.png,2160,3840,3.581,263.511,145.254,54.098,0.043,0.021,162.0,3869147,42.47,43.75,1055,ok,,Sasha_v03,Sasha_v03/Sasha_v03_008.png,Sasha_v03_008.png,work/frames_raw/Sasha_v03/Sasha_v03_008.png,2160,3840,8294400,0.5625,3.581,263.511,145.254,PASS
9,2,2.0,0.725221594026548,26.55,6.72,110,STEP2_TECHNICAL_METRICS,Sasha_v03/Sasha_v03_009.png,2160,3840,2.124,86.536,146.944,47.875,0.02,0.022,136.0,2693201,13.98,9.59,1670,ok,,Sasha_v03,Sasha_v03/Sasha_v03_009.png,Sasha_v03_009.png,work/frames_raw/Sasha_v03/Sasha_v03_009.png,2160,3840,8294400,0.5625,2.124,86.536,146.944,PASS
10,2,2.0,0.725221594026548,39.82,51.26,67,STEP2_TECHNICAL_METRICS,Sasha_v03/Sasha_v03_010.png,2160,3840,2.351,154.446,155.931,49.604,0.015,0.02,135.0,2769234,18.76,23.09,1492,ok,,Sasha_v03,Sasha_v03/Sasha_v03_010.png,Sasha_v03_010.png,work/frames_raw/Sasha_v03/Sasha_v03_010.png,2160,3840,8294400,0.5625,2.351,154.446,155.931,PASS
11,2,2.0,0.725221594026548,87.61,73.11,24,STEP2_TECHNICAL_METRICS,Sasha_v03/Sasha_v03_011.png,2160,3840,3.138,186.221,138.537,48.592,0.027,0.019,122.0,3477851,35.36,30.61,1259,ok,,Sasha_v03,Sasha_v03/Sasha_v03_011.png,Sasha_v03_011.png,work/frames_raw/Sasha_v03/Sasha_v03_011.png,2160,3840,8294400,0.5625,3.138,186.221,138.537,PASS
12,2,2.0,0.725221594026548,93.81,90.76,8,STEP2_TECHNICAL_METRICS,Sasha_v03/Sasha_v03_012.png,2160,3840,3.53,208.923,148.477,47.84,0.014,0.022,130.0,3779493,41.46,36.44,1132,ok,,Sasha_v03,Sasha_v03/Sasha_v03_012.png,Sasha_v03_012.png,work/frames_raw/Sasha_v03/Sasha_v03_012.png,2160,3840,8294400,0.5625,3.53,208.923,148.477,PASS
13,2,2.0,0.725221594026548,92.04,88.24,10,STEP2_TECHNICAL_METRICS,Sasha_v03/Sasha_v03_013.png,2160,3840,3.454,206.642,143.945,51.064,0.014,0.022,142.0,4207444,40.26,35.81,1145,ok,,Sasha_v03,Sasha_v03/Sasha_v03_013.png,Sasha_v03_013.png,work/frames_raw/Sasha_v03/Sasha_v03_013.png,2160,3840,8294400,0.5625,3.454,206.642,143.945,PASS
14,2,2.0,0.725221594026548,97.35,94.12,6,STEP2_TECHNICAL_METRICS,Sasha_v03/Sasha_v03_014.png,2160,3840,3.862,236.258,146.27,51.983,0.023,0.023,146.0,4393999,47.55,40.04,1041,ok,,Sasha_v03,Sasha_v03/Sasha_v03_014.png,Sasha_v03_014.png,work/frames_raw/Sasha_v03/Sasha_v03_014.png,2160,3840,8294400,0.5625,3.862,236.258,146.27,PASS
15,2,2.0,0.725221594026548,52.21,31.09,70,STEP2_TECHNICAL_METRICS,Sasha_v03/Sasha_v03_015.png,2160,3840,2.511,119.226,150.008,45.752,0.001,0.024,132.0,3169573,23.12,16.0,1532,ok,,Sasha_v03,Sasha_v03/Sasha_v03_015.png,Sasha_v03_015.png,work/frames_raw/Sasha_v03/Sasha_v03_015.png,2160,3840,8294400,0.5625,2.511,119.226,150.008,PASS
16,2,2.0,0.725221594026548,21.24,29.41,90,STEP2_TECHNICAL_METRICS,Sasha_v03/Sasha_v03_016.png,2160,3840,2.015,117.674,148.219,41.697,0.001,0.017,99.0,2302963,11.65,15.73,1627,ok,,Sasha_v03,Sasha_v03/Sasha_v03_016.png,Sasha_v03_016.png,work/frames_raw/Sasha_v03/Sasha_v03_016.png,2160,3840,8294400,0.5625,2.015,117.674,148.219,PASS
17,2,2.0,0.725221594026548,30.09,26.89,84,STEP2_TECHNICAL_METRICS,Sasha_v03/Sasha_v03_017.png,2160,3840,2.228,116.305,141.716,49.829,0.01,0.008,138.0,2488975,15.89,15.36,1595,ok,,Sasha_v03,Sasha_v03/Sasha_v03_017.png,Sasha_v03_017.png,work/frames_raw/Sasha_v03/Sasha_v03_017.png,2160,3840,8294400,0.5625,2.228,116.305,141.716,PASS
18,2,2.0,0.725221594026548,56.64,44.54,55,STEP2_TECHNICAL_METRICS,Sasha_v03/Sasha_v03_018.png,2160,3840,2.596,139.456,146.477,51.963,0.003,0.009,145.0,2959665,24.73,20.07,1462,ok,,Sasha_v03,Sasha_v03/Sasha_v03_018.png,Sasha_v03_018.png,work/frames_raw/Sasha_v03/Sasha_v03_018.png,2160,3840,8294400,0.5625,2.596,139.456,146.477,PASS
19,2,2.0,0.725221594026548,61.95,45.38,52,STEP2_TECHNICAL_METRICS,Sasha_v03/Sasha_v03_019.png,2160,3840,2.629,140.727,150.699,51.584,0.0,0.011,138.0,2921789,25.57,20.34,1450,ok,,Sasha_v03,Sasha_v03/Sasha_v03_019.png,Sasha_v03_019.png,work/frames_raw/Sasha_v03/Sasha_v03_019.png,2160,3840,8294400,0.5625,2.629,140.727,150.699,PASS
20,2,2.0,0.725221594026548,33.63,57.14,68,STEP2_TECHNICAL_METRICS,Sasha_v03/Sasha_v03_020.png,2160,3840,2.279,161.408,160.562,43.669,0.003,0.03,107.0,2474836,16.97,24.74,1494,ok,,Sasha_v03,Sasha_v03/Sasha_v03_020.png,Sasha_v03_020.png,work/frames_raw/Sasha_v03/Sasha_v03_020.png,2160,3840,8294400,0.5625,2.279,161.408,160.562,PASS
21,2,2.0,0.725221594026548,36.28,32.77,80,STEP2_TECHNICAL_METRICS,Sasha_v03/Sasha_v03_021.png,2160,3840,2.312,120.645,144.857,48.533,0.001,0.027,130.0,2621879,17.86,16.47,1569,ok,,Sasha_v03,Sasha_v03/Sasha_v03_021.png,Sasha_v03_021.png,work/frames_raw/Sasha_v03/Sasha_v03_021.png,2160,3840,8294400,0.5625,2.312,120.645,144.857,PASS
22,2,2.0,0.725221594026548,41.59,71.43,51,STEP2_TECHNICAL_METRICS,Sasha_v03/Sasha_v03_022.png,2160,3840,2.362,183.875,147.31,47.338,0.0,0.01,128.0,2515869,19.12,30.08,1419,ok,,Sasha_v03,Sasha_v03/Sasha_v03_022.png,Sasha_v03_022.png,work/frames_raw/Sasha_v03/Sasha_v03_022.png,2160,3840,8294400,0.5625,2.362,183.875,147.31,PASS
23,2,2.0,0.725221594026548,63.72,93.28,25,STEP2_TECHNICAL_METRICS,Sasha_v03/Sasha_v03_023.png,2160,3840,2.672,235.739,141.329,44.14,0.011,0.014,121.0,2579604,26.4,39.83,1253,ok,,Sasha_v03,Sasha_v03/Sasha_v03_023.png,Sasha_v03_023.png,work/frames_raw/Sasha_v03/Sasha_v03_023.png,2160,3840,8294400,0.5625,2.672,235.739,141.329,PASS
24,2,2.0,0.725221594026548,59.29,61.34,44,STEP2_TECHNICAL_METRICS,Sasha_v03/Sasha_v03_024.png,2160,3840,2.619,172.426,143.466,42.672,0.004,0.018,109.0,2976321,25.21,27.07,1387,ok,,Sasha_v03,Sasha_v03/Sasha_v03_024.png,Sasha_v03_024.png,work/frames_raw/Sasha_v03/Sasha_v03_024.png,2160,3840,8294400,0.5625,2.619,172.426,143.466,PASS
25,2,2.0,0.725221594026548,84.96,89.08,14,STEP2_TECHNICAL_METRICS,Sasha_v03/Sasha_v03_025.png,2160,3840,3.027,206.87,149.758,49.188,0.028,0.023,126.0,3353756,33.87,35.86,1218,ok,,Sasha_v03,Sasha_v03/Sasha_v03_025.png,Sasha_v03_025.png,work/frames_raw/Sasha_v03/Sasha_v03_025.png,2160,3840,8294400,0.5625,3.027,206.87,149.758,PASS
26,2,2.0,0.725221594026548,69.91,10.08,72,STEP2_TECHNICAL_METRICS,Sasha_v03/Sasha_v03_026.png,2160,3840,2.734,91.616,132.929,45.836,0.015,0.012,120.0,3223292,27.72,11.02,1536,ok,,Sasha_v03,Sasha_v03/Sasha_v03_026.png,Sasha_v03_026.png,work/frames_raw/Sasha_v03/Sasha_v03_026.png,2160,3840,8294400,0.5625,2.734,91.616,132.929,PASS
27,2,2.0,0.725221594026548,88.5,74.79,20,STEP2_TECHNICAL_METRICS,Sasha_v03/Sasha_v03_027.png,2160,3840,3.165,187.407,142.302,44.571,0.005,0.015,119.0,3740917,35.66,30.83,1250,ok,,Sasha_v03,Sasha_v03/Sasha_v03_027.png,Sasha_v03_027.png,work/frames_raw/Sasha_v03/Sasha_v03_027.png,2160,3840,8294400,0.5625,3.165,187.407,142.302,PASS
28,2,2.0,0.725221594026548,91.15,91.6,9,STEP2_TECHNICAL_METRICS,Sasha_v03/Sasha_v03_028.png,2160,3840,3.389,212.841,152.242,50.702,0.025,0.026,133.0,3667882,39.01,37.02,1146,ok,,Sasha_v03,Sasha_v03/Sasha_v03_028.png,Sasha_v03_028.png,work/frames_raw/Sasha_v03/Sasha_v03_028.png,2160,3840,8294400,0.5625,3.389,212.841,152.242,PASS
29,2,2.0,0.725221594026548,20.35,0.0,115,STEP2_TECHNICAL_METRICS,Sasha_v03/Sasha_v03_029.png,2160,3840,1.986,41.51,150.82,47.157,0.003,0.025,126.0,2610276,10.93,1.59,1796,ok,,Sasha_v03,Sasha_v03/Sasha_v03_029.png,Sasha_v03_029.png,work/frames_raw/Sasha_v03/Sasha_v03_029.png,2160,3840,8294400,0.5625,1.986,41.51,150.82,PASS
30,2,2.0,0.725221594026548,15.04,10.92,113,STEP2_TECHNICAL_METRICS,Sasha_v03/Sasha_v03_030.png,2160,3840,1.719,93.192,164.462,36.461,0.0,0.033,84.0,1941693,6.75,11.23,1746,ok,,Sasha_v03,Sasha_v03/Sasha_v03_030.png,Sasha_v03_030.png,work/frames_raw/Sasha_v03/Sasha_v03_030.png,2160,3840,8294400,0.5625,1.719,93.192,164.462,PASS
31,2,2.0,0.725221594026548,3.54,12.61,117,STEP2_TECHNICAL_METRICS,Sasha_v03/Sasha_v03_031.png,2160,3840,1.397,97.436,163.095,31.015,0.001,0.031,75.0,1382790,2.51,12.13,1777,ok,,Sasha_v03,Sasha_v03/Sasha_v03_031.png,Sasha_v03_031.png,work/frames_raw/Sasha_v03/Sasha_v03_031.png,2160,3840,8294400,0.5625,1.397,97.436,163.095,PASS
32,2,2.0,0.725221594026548,32.74,4.2,104,STEP2_TECHNICAL_METRICS,Sasha_v03/Sasha_v03_032.png,2160,3840,2.266,73.895,149.515,48.399,0.005,0.033,119.0,2931695,16.67,6.99,1669,ok,,Sasha_v03,Sasha_v03/Sasha_v03_032.png,Sasha_v03_032.png,work/frames_raw/Sasha_v03/Sasha_v03_032.png,2160,3840,8294400,0.5625,2.266,73.895,149.515,PASS
33,2,2.0,0.725221594026548,28.32,5.04,109,STEP2_TECHNICAL_METRICS,Sasha_v03/Sasha_v03_033.png,2160,3840,2.164,76.546,154.277,45.767,0.006,0.034,112.0,2836164,14.76,7.79,1684,ok,,Sasha_v03,Sasha_v03/Sasha_v03_033.png,Sasha_v03_033.png,work/frames_raw/Sasha_v03/Sasha_v03_033.png,2160,3840,8294400,0.5625,2.164,76.546,154.277,PASS
34,2,2.0,0.725221594026548,75.22,47.9,42,STEP2_TECHNICAL_METRICS,Sasha_v03/Sasha_v03_034.png,2160,3840,2.865,149.174,146.291,45.739,0.002,0.031,123.0,3356981,30.76,21.93,1386,ok,,Sasha_v03,Sasha_v03/Sasha_v03_034.png,Sasha_v03_034.png,work/frames_raw/Sasha_v03/Sasha_v03_034.png,2160,3840,8294400,0.5625,2.865,149.174,146.291,PASS
35,2,2.0,0.725221594026548,77.88,43.7,43,STEP2_TECHNICAL_METRICS,Sasha_v03/Sasha_v03_035.png,2160,3840,2.894,139.412,154.314,50.306,0.008,0.036,128.0,3666010,31.48,20.02,1397,ok,,Sasha_v03,Sasha_v03/Sasha_v03_035.png,Sasha_v03_035.png,work/frames_raw/Sasha_v03/Sasha_v03_035.png,2160,3840,8294400,0.5625,2.894,139.412,154.314,PASS
36,2,2.0,0.725221594026548,92.92,77.31,15,STEP2_TECHNICAL_METRICS,Sasha_v03/Sasha_v03_036.png,2160,3840,3.461,189.156,154.139,46.831,0.003,0.035,124.0,3870252,40.44,31.2,1188,ok,,Sasha_v03,Sasha_v03/Sasha_v03_036.png,Sasha_v03_036.png,work/frames_raw/Sasha_v03/Sasha_v03_036.png,2160,3840,8294400,0.5625,3.461,189.156,154.139,PASS
37,2,2.0,0.725221594026548,83.19,14.29,59,STEP2_TECHNICAL_METRICS,Sasha_v03/Sasha_v03_037.png,2160,3840,2.962,102.436,152.095,49.852,0.01,0.034,130.0,3792476,32.62,12.76,1453,ok,,Sasha_v03,Sasha_v03/Sasha_v03_037.png,Sasha_v03_037.png,work/frames_raw/Sasha_v03/Sasha_v03_037.png,2160,3840,8294400,0.5625,2.962,102.436,152.095,PASS
38,2,2.0,0.725221594026548,15.93,18.49,108,STEP2_TECHNICAL_METRICS,Sasha_v03/Sasha_v03_038.png,2160,3840,1.724,106.286,167.317,34.959,0.0,0.034,85.0,1838625,6.81,13.51,1711,ok,,Sasha_v03,Sasha_v03/Sasha_v03_038.png,Sasha_v03_038.png,work/frames_raw/Sasha_v03/Sasha_v03_038.png,2160,3840,8294400,0.5625,1.724,106.286,167.317,PASS
39,2,2.0,0.725221594026548,23.01,2.52,114,STEP2_TECHNICAL_METRICS,Sasha_v03/Sasha_v03_039.png,2160,3840,2.078,69.487,160.868,46.012,0.004,0.031,115.0,2683770,12.9,6.25,1729,ok,,Sasha_v03,Sasha_v03/Sasha_v03_039.png,Sasha_v03_039.png,work/frames_raw/Sasha_v03/Sasha_v03_039.png,2160,3840,8294400,0.5625,2.078,69.487,160.868,PASS
40,2,2.0,0.725221594026548,10.62,15.97,112,STEP2_TECHNICAL_METRICS,Sasha_v03/Sasha_v03_040.png,2160,3840,1.597,104.315,159.489,33.797,0.001,0.032,74.0,1441452,4.84,13.08,1748,ok,,Sasha_v03,Sasha_v03/Sasha_v03_040.png,Sasha_v03_040.png,work/frames_raw/Sasha_v03/Sasha_v03_040.png,2160,3840,8294400,0.5625,1.597,104.315,159.489,PASS
41,2,2.0,0.725221594026548,19.47,35.29,86,STEP2_TECHNICAL_METRICS,Sasha_v03/Sasha_v03_041.png,2160,3840,1.93,124.767,157.935,41.059,0.001,0.034,101.0,2031919,9.92,17.27,1629,ok,,Sasha_v03,Sasha_v03/Sasha_v03_041.png,Sasha_v03_041.png,work/frames_raw/Sasha_v03/Sasha_v03_041.png,2160,3840,8294400,0.5625,1.93,124.767,157.935,PASS
42,2,2.0,0.725221594026548,29.2,5.88,106,STEP2_TECHNICAL_METRICS,Sasha_v03/Sasha_v03_042.png,2160,3840,2.224,83.83,140.298,46.877,0.01,0.026,124.0,2859689,15.77,8.95,1660,ok,,Sasha_v03,Sasha_v03/Sasha_v03_042.png,Sasha_v03_042.png,work/frames_raw/Sasha_v03/Sasha_v03_042.png,2160,3840,8294400,0.5625,2.224,83.83,140.298,PASS
43,2,2.0,0.725221594026548,63.72,33.61,60,STEP2_TECHNICAL_METRICS,Sasha_v03/Sasha_v03_043.png,2160,3840,2.672,120.978,148.812,51.555,0.019,0.025,135.0,3025094,26.4,16.58,1478,ok,,Sasha_v03,Sasha_v03/Sasha_v03_043.png,Sasha_v03_043.png,work/frames_raw/Sasha_v03/Sasha_v03_043.png,2160,3840,8294400,0.5625,2.672,120.978,148.812,PASS
44,2,2.0,0.725221594026548,37.17,8.4,96,STEP2_TECHNICAL_METRICS,Sasha_v03/Sasha_v03_044.png,2160,3840,2.314,88.555,152.693,42.605,0.0,0.029,114.0,2922779,17.92,10.17,1619,ok,,Sasha_v03,Sasha_v03/Sasha_v03_044.png,Sasha_v03_044.png,work/frames_raw/Sasha_v03/Sasha_v03_044.png,2160,3840,8294400,0.5625,2.314,88.555,152.693,PASS
45,2,2.0,0.725221594026548,67.26,17.65,69,STEP2_TECHNICAL_METRICS,Sasha_v03/Sasha_v03_045.png,2160,3840,2.706,105.282,151.666,41.305,0.005,0.027,103.0,3326356,27.0,13.4,1512,ok,,Sasha_v03,Sasha_v03/Sasha_v03_045.png,Sasha_v03_045.png,work/frames_raw/Sasha_v03/Sasha_v03_045.png,2160,3840,8294400,0.5625,2.706,105.282,151.666,PASS
46,2,2.0,0.725221594026548,11.5,37.82,92,STEP2_TECHNICAL_METRICS,Sasha_v03/Sasha_v03_046.png,2160,3840,1.638,128.281,163.257,38.962,0.002,0.039,95.0,1751411,5.32,18.06,1671,ok,,Sasha_v03,Sasha_v03/Sasha_v03_046.png,Sasha_v03_046.png,work/frames_raw/Sasha_v03/Sasha_v03_046.png,2160,3840,8294400,0.5625,1.638,128.281,163.257,PASS
47,2,2.0,0.725221594026548,7.08,9.24,116,STEP2_TECHNICAL_METRICS,Sasha_v03/Sasha_v03_047.png,2160,3840,1.496,89.905,162.165,37.213,0.002,0.042,87.0,1726276,3.76,10.59,1779,ok,,Sasha_v03,Sasha_v03/Sasha_v03_047.png,Sasha_v03_047.png,work/frames_raw/Sasha_v03/Sasha_v03_047.png,2160,3840,8294400,0.5625,1.496,89.905,162.165,PASS
48,2,2.0,0.725221594026548,28.32,15.13,97,STEP2_TECHNICAL_METRICS,Sasha_v03/Sasha_v03_048.png,2160,3840,2.164,103.805,150.717,42.966,0.003,0.032,106.0,2486220,14.76,12.92,1623,ok,,Sasha_v03,Sasha_v03/Sasha_v03_048.png,Sasha_v03_048.png,work/frames_raw/Sasha_v03/Sasha_v03_048.png,2160,3840,8294400,0.5625,2.164,103.805,150.717,PASS
49,2,2.0,0.725221594026548,24.78,38.66,82,STEP2_TECHNICAL_METRICS,Sasha_v03/Sasha_v03_049.png,2160,3840,2.105,129.867,151.191,40.824,0.002,0.035,98.0,2276084,13.38,18.38,1590,ok,,Sasha_v03,Sasha_v03/Sasha_v03_049.png,Sasha_v03_049.png,work/frames_raw/Sasha_v03/Sasha_v03_049.png,2160,3840,8294400,0.5625,2.105,129.867,151.191,PASS
50,2,2.0,0.725221594026548,25.66,27.73,88,STEP2_TECHNICAL_METRICS,Sasha_v03/Sasha_v03_050.png,2160,3840,2.114,116.478,157.406,39.161,0.001,0.037,91.0,2513178,13.68,15.41,1614,ok,,Sasha_v03,Sasha_v03/Sasha_v03_050.png,Sasha_v03_050.png,work/frames_raw/Sasha_v03/Sasha_v03_050.png,2160,3840,8294400,0.5625,2.114,116.478,157.406,PASS
51,2,2.0,0.725221594026548,9.73,41.18,89,STEP2_TECHNICAL_METRICS,Sasha_v03/Sasha_v03_051.png,2160,3840,1.576,136.487,154.642,37.935,0.0,0.0,101.0,1381007,4.36,19.6,1667,ok,,Sasha_v03,Sasha_v03/Sasha_v03_051.png,Sasha_v03_051.png,work/frames_raw/Sasha_v03/Sasha_v03_051.png,2160,3840,8294400,0.5625,1.576,136.487,154.642,PASS
52,2,2.0,0.725221594026548,74.34,87.39,22,STEP2_TECHNICAL_METRICS,Sasha_v03/Sasha_v03_052.png,2160,3840,2.857,203.725,161.672,41.407,0.002,0.042,97.0,3002277,30.65,35.17,1260,ok,,Sasha_v03,Sasha_v03/Sasha_v03_052.png,Sasha_v03_052.png,work/frames_raw/Sasha_v03/Sasha_v03_052.png,2160,3840,8294400,0.5625,2.857,203.725,161.672,PASS
53,2,2.0,0.725221594026548,0.88,48.74,91,STEP2_TECHNICAL_METRICS,Sasha_v03/Sasha_v03_053.png,2160,3840,1.339,149.749,157.371,30.958,0.004,0.0,68.0,1208187,2.03,22.03,1666,ok,,Sasha_v03,Sasha_v03/Sasha_v03_053.png,Sasha_v03_053.png,work/frames_raw/Sasha_v03/Sasha_v03_053.png,2160,3840,8294400,0.5625,1.339,149.749,157.371,PASS
54,2,2.0,0.725221594026548,35.4,40.34,75,STEP2_TECHNICAL_METRICS,Sasha_v03/Sasha_v03_054.png,2160,3840,2.3,133.036,148.453,40.962,0.005,0.03,103.0,2592750,17.44,19.01,1556,ok,,Sasha_v03,Sasha_v03/Sasha_v03_054.png,Sasha_v03_054.png,work/frames_raw/Sasha_v03/Sasha_v03_054.png,2160,3840,8294400,0.5625,2.3,133.036,148.453,PASS
55,2,2.0,0.725221594026548,40.71,59.66,57,STEP2_TECHNICAL_METRICS,Sasha_v03/Sasha_v03_055.png,2160,3840,2.357,171.963,148.943,45.261,0.007,0.031,112.0,2565903,19.0,26.96,1449,ok,,Sasha_v03,Sasha_v03/Sasha_v03_055.png,Sasha_v03_055.png,work/frames_raw/Sasha_v03/Sasha_v03_055.png,2160,3840,8294400,0.5625,2.357,171.963,148.943,PASS
56,2,2.0,0.725221594026548,96.46,92.44,7,STEP2_TECHNICAL_METRICS,Sasha_v03/Sasha_v03_056.png,2160,3840,3.691,223.256,153.138,45.354,0.003,0.038,111.0,4007349,44.68,38.29,1087,ok,,Sasha_v03,Sasha_v03/Sasha_v03_056.png,Sasha_v03_056.png,work/frames_raw/Sasha_v03/Sasha_v03_056.png,2160,3840,8294400,0.5625,3.691,223.256,153.138,PASS
57,2,2.0,0.725221594026548,5.31,1.68,118,STEP2_TECHNICAL_METRICS,Sasha_v03/Sasha_v03_057.png,2160,3840,1.431,69.099,148.026,40.425,0.001,0.017,97.0,1561156,2.81,6.2,1820,ok,,Sasha_v03,Sasha_v03/Sasha_v03_057.png,Sasha_v03_057.png,work/frames_raw/Sasha_v03/Sasha_v03_057.png,2160,3840,8294400,0.5625,1.431,69.099,148.026,PASS
58,2,2.0,0.725221594026548,1.77,47.06,93,STEP2_TECHNICAL_METRICS,Sasha_v03/Sasha_v03_058.png,2160,3840,1.345,142.533,163.829,32.863,0.001,0.039,76.0,1030050,2.09,20.71,1680,ok,,Sasha_v03,Sasha_v03/Sasha_v03_058.png,Sasha_v03_058.png,work/frames_raw/Sasha_v03/Sasha_v03_058.png,2160,3840,8294400,0.5625,1.345,142.533,163.829,PASS
59,2,2.0,0.725221594026548,50.44,75.63,41,STEP2_TECHNICAL_METRICS,Sasha_v03/Sasha_v03_059.png,2160,3840,2.497,187.934,154.276,41.072,0.005,0.04,94.0,2535307,22.88,30.93,1377,ok,,Sasha_v03,Sasha_v03/Sasha_v03_059.png,Sasha_v03_059.png,work/frames_raw/Sasha_v03/Sasha_v03_059.png,2160,3840,8294400,0.5625,2.497,187.934,154.276,PASS
60,2,2.0,0.725221594026548,45.13,58.82,54,STEP2_TECHNICAL_METRICS,Sasha_v03/Sasha_v03_060.png,2160,3840,2.419,170.355,159.007,40.521,0.004,0.038,94.0,2558596,20.97,26.64,1432,ok,,Sasha_v03,Sasha_v03/Sasha_v03_060.png,Sasha_v03_060.png,work/frames_raw/Sasha_v03/Sasha_v03_060.png,2160,3840,8294400,0.5625,2.419,170.355,159.007,PASS
61,2,2.0,0.725221594026548,68.14,78.15,30,STEP2_TECHNICAL_METRICS,Sasha_v03/Sasha_v03_061.png,2160,3840,2.715,189.634,159.856,41.169,0.005,0.041,96.0,2676617,27.12,31.25,1336,ok,,Sasha_v03,Sasha_v03/Sasha_v03_061.png,Sasha_v03_061.png,work/frames_raw/Sasha_v03/Sasha_v03_061.png,2160,3840,8294400,0.5625,2.715,189.634,159.856,PASS
62,2,2.0,0.725221594026548,4.42,0.84,119,STEP2_TECHNICAL_METRICS,Sasha_v03/Sasha_v03_062.png,2160,3840,1.419,63.848,162.102,41.973,0.008,0.027,96.0,1748456,2.75,4.87,1835,ok,,Sasha_v03,Sasha_v03/Sasha_v03_062.png,Sasha_v03_062.png,work/frames_raw/Sasha_v03/Sasha_v03_062.png,2160,3840,8294400,0.5625,1.419,63.848,162.102,PASS
63,2,2.0,0.725221594026548,16.81,26.05,98,STEP2_TECHNICAL_METRICS,Sasha_v03/Sasha_v03_063.png,2160,3840,1.725,116.206,153.334,43.996,0.005,0.03,106.0,2033656,6.87,15.31,1690,ok,,Sasha_v03,Sasha_v03/Sasha_v03_063.png,Sasha_v03_063.png,work/frames_raw/Sasha_v03/Sasha_v03_063.png,2160,3840,8294400,0.5625,1.725,116.206,153.334,PASS
64,2,2.0,0.725221594026548,14.16,23.53,101,STEP2_TECHNICAL_METRICS,Sasha_v03/Sasha_v03_064.png,2160,3840,1.698,112.028,144.767,41.509,0.003,0.022,104.0,1664078,6.51,14.57,1701,ok,,Sasha_v03,Sasha_v03/Sasha_v03_064.png,Sasha_v03_064.png,work/frames_raw/Sasha_v03/Sasha_v03_064.png,2160,3840,8294400,0.5625,1.698,112.028,144.767,PASS
65,2,2.0,0.725221594026548,12.39,22.69,107,STEP2_TECHNICAL_METRICS,Sasha_v03/Sasha_v03_065.png,2160,3840,1.65,111.116,149.702,40.069,0.002,0.029,97.0,1734287,5.5,14.51,1717,ok,,Sasha_v03,Sasha_v03/Sasha_v03_065.png,Sasha_v03_065.png,work/frames_raw/Sasha_v03/Sasha_v03_065.png,2160,3840,8294400,0.5625,1.65,111.116,149.702,PASS
66,2,2.0,0.725221594026548,0.0,3.36,120,STEP2_TECHNICAL_METRICS,Sasha_v03/Sasha_v03_066.png,2160,3840,1.326,71.518,156.966,43.512,0.001,0.042,110.0,1494997,1.91,6.51,1826,ok,,Sasha_v03,Sasha_v03/Sasha_v03_066.png,Sasha_v03_066.png,work/frames_raw/Sasha_v03/Sasha_v03_066.png,2160,3840,8294400,0.5625,1.326,71.518,156.966,PASS
67,2,2.0,0.725221594026548,6.19,49.58,85,STEP2_TECHNICAL_METRICS,Sasha_v03/Sasha_v03_067.png,2160,3840,1.447,150.018,153.934,33.512,0.006,0.001,80.0,1062062,3.05,22.19,1654,ok,,Sasha_v03,Sasha_v03/Sasha_v03_067.png,Sasha_v03_067.png,work/frames_raw/Sasha_v03/Sasha_v03_067.png,2160,3840,8294400,0.5625,1.447,150.018,153.934,PASS
68,2,2.0,0.725221594026548,7.96,55.46,83,STEP2_TECHNICAL_METRICS,Sasha_v03/Sasha_v03_068.png,2160,3840,1.514,159.663,158.659,43.901,0.003,0.03,114.0,1241890,4.0,24.1,1618,ok,,Sasha_v03,Sasha_v03/Sasha_v03_068.png,Sasha_v03_068.png,work/frames_raw/Sasha_v03/Sasha_v03_068.png,2160,3840,8294400,0.5625,1.514,159.663,158.659,PASS
69,2,2.0,0.725221594026548,23.89,13.45,102,STEP2_TECHNICAL_METRICS,Sasha_v03/Sasha_v03_069.png,2160,3840,2.099,98.633,155.752,41.583,0.001,0.037,99.0,2439716,13.26,12.34,1653,ok,,Sasha_v03,Sasha_v03/Sasha_v03_069.png,Sasha_v03_069.png,work/frames_raw/Sasha_v03/Sasha_v03_069.png,2160,3840,8294400,0.5625,2.099,98.633,155.752,PASS
70,2,2.0,0.725221594026548,49.56,42.02,66,STEP2_TECHNICAL_METRICS,Sasha_v03/Sasha_v03_070.png,2160,3840,2.492,138.448,155.586,40.837,0.001,0.043,98.0,2817117,22.64,19.81,1486,ok,,Sasha_v03,Sasha_v03/Sasha_v03_070.png,Sasha_v03_070.png,work/frames_raw/Sasha_v03/Sasha_v03_070.png,2160,3840,8294400,0.5625,2.492,138.448,155.586,PASS
71,2,2.0,0.725221594026548,80.53,68.07,29,STEP2_TECHNICAL_METRICS,Sasha_v03/Sasha_v03_071.png,2160,3840,2.91,177.715,156.47,44.15,0.001,0.042,110.0,3221797,31.78,28.65,1316,ok,,Sasha_v03,Sasha_v03/Sasha_v03_071.png,Sasha_v03_071.png,work/frames_raw/Sasha_v03/Sasha_v03_071.png,2160,3840,8294400,0.5625,2.91,177.715,156.47,PASS
72,2,2.0,0.725221594026548,78.76,52.94,40,STEP2_TECHNICAL_METRICS,Sasha_v03/Sasha_v03_072.png,2160,3840,2.895,156.358,157.13,43.882,0.001,0.047,107.0,3425291,31.54,23.41,1369,ok,,Sasha_v03,Sasha_v03/Sasha_v03_072.png,Sasha_v03_072.png,work/frames_raw/Sasha_v03/Sasha_v03_072.png,2160,3840,8294400,0.5625,2.895,156.358,157.13,PASS
73,2,2.0,0.725221594026548,81.42,63.87,33,STEP2_TECHNICAL_METRICS,Sasha_v03/Sasha_v03_073.png,2160,3840,2.928,173.652,155.582,43.422,0.001,0.042,106.0,3309826,31.96,27.38,1327,ok,,Sasha_v03,Sasha_v03/Sasha_v03_073.png,Sasha_v03_073.png,work/frames_raw/Sasha_v03/Sasha_v03_073.png,2160,3840,8294400,0.5625,2.928,173.652,155.582,PASS
74,2,2.0,0.725221594026548,86.73,76.47,21,STEP2_TECHNICAL_METRICS,Sasha_v03/Sasha_v03_074.png,2160,3840,3.089,187.973,153.84,42.468,0.001,0.046,101.0,3301497,34.65,30.99,1263,ok,,Sasha_v03,Sasha_v03/Sasha_v03_074.png,Sasha_v03_074.png,work/frames_raw/Sasha_v03/Sasha_v03_074.png,2160,3840,8294400,0.5625,3.089,187.973,153.84,PASS
75,2,2.0,0.725221594026548,2.65,52.1,87,STEP2_TECHNICAL_METRICS,Sasha_v03/Sasha_v03_075.png,2160,3840,1.393,155.605,169.033,36.139,0.0,0.0,96.0,1008411,2.45,23.31,1649,ok,,Sasha_v03,Sasha_v03/Sasha_v03_075.png,Sasha_v03_075.png,work/frames_raw/Sasha_v03/Sasha_v03_075.png,2160,3840,8294400,0.5625,1.393,155.605,169.033,PASS
76,2,2.0,0.725221594026548,18.58,46.22,81,STEP2_TECHNICAL_METRICS,Sasha_v03/Sasha_v03_076.png,2160,3840,1.927,141.315,155.888,41.728,0.004,0.035,99.0,2086797,9.8,20.44,1604,ok,,Sasha_v03,Sasha_v03/Sasha_v03_076.png,Sasha_v03_076.png,work/frames_raw/Sasha_v03/Sasha_v03_076.png,2160,3840,8294400,0.5625,1.927,141.315,155.888,PASS
77,2,2.0,0.725221594026548,27.43,42.86,79,STEP2_TECHNICAL_METRICS,Sasha_v03/Sasha_v03_077.png,2160,3840,2.135,139.199,161.41,41.202,0.002,0.036,104.0,2379227,14.16,19.92,1572,ok,,Sasha_v03,Sasha_v03/Sasha_v03_077.png,Sasha_v03_077.png,work/frames_raw/Sasha_v03/Sasha_v03_077.png,2160,3840,8294400,0.5625,2.135,139.199,161.41,PASS
78,2,2.0,0.725221594026548,38.05,53.78,65,STEP2_TECHNICAL_METRICS,Sasha_v03/Sasha_v03_078.png,2160,3840,2.32,158.392,161.365,40.655,0.006,0.035,94.0,2608888,18.16,23.78,1491,ok,,Sasha_v03,Sasha_v03/Sasha_v03_078.png,Sasha_v03_078.png,work/frames_raw/Sasha_v03/Sasha_v03_078.png,2160,3840,8294400,0.5625,2.32,158.392,161.365,PASS
79,2,2.0,0.725221594026548,13.27,21.85,105,STEP2_TECHNICAL_METRICS,Sasha_v03/Sasha_v03_079.png,2160,3840,1.696,110.997,170.485,30.25,0.0,0.021,73.0,1780482,6.39,14.46,1705,ok,,Sasha_v03,Sasha_v03/Sasha_v03_079.png,Sasha_v03_079.png,work/frames_raw/Sasha_v03/Sasha_v03_079.png,2160,3840,8294400,0.5625,1.696,110.997,170.485,PASS
80,2,2.0,0.725221594026548,22.12,20.17,99,STEP2_TECHNICAL_METRICS,Sasha_v03/Sasha_v03_080.png,2160,3840,2.074,109.572,155.026,43.396,0.002,0.043,97.0,2447780,12.78,14.25,1631,ok,,Sasha_v03,Sasha_v03/Sasha_v03_080.png,Sasha_v03_080.png,work/frames_raw/Sasha_v03/Sasha_v03_080.png,2160,3840,8294400,0.5625,2.074,109.572,155.026,PASS
81,2,2.0,0.725221594026548,46.02,28.57,76,STEP2_TECHNICAL_METRICS,Sasha_v03/Sasha_v03_081.png,2160,3840,2.436,116.824,157.496,39.678,0.0,0.041,90.0,2931601,21.27,15.57,1550,ok,,Sasha_v03,Sasha_v03/Sasha_v03_081.png,Sasha_v03_081.png,work/frames_raw/Sasha_v03/Sasha_v03_081.png,2160,3840,8294400,0.5625,2.436,116.824,157.496,PASS
82,2,2.0,0.725221594026548,72.57,78.99,27,STEP2_TECHNICAL_METRICS,Sasha_v03/Sasha_v03_082.png,2160,3840,2.797,189.938,154.115,40.586,0.008,0.034,94.0,3062670,29.09,31.3,1317,ok,,Sasha_v03,Sasha_v03/Sasha_v03_082.png,Sasha_v03_082.png,work/frames_raw/Sasha_v03/Sasha_v03_082.png,2160,3840,8294400,0.5625,2.797,189.938,154.115,PASS
83,2,2.0,0.725221594026548,69.03,31.93,56,STEP2_TECHNICAL_METRICS,Sasha_v03/Sasha_v03_083.png,2160,3840,2.716,120.2,153.619,41.214,0.0,0.04,100.0,3180200,27.18,16.21,1474,ok,,Sasha_v03,Sasha_v03/Sasha_v03_083.png,Sasha_v03_083.png,work/frames_raw/Sasha_v03/Sasha_v03_083.png,2160,3840,8294400,0.5625,2.716,120.2,153.619,PASS
84,2,2.0,0.725221594026548,55.75,94.96,28,STEP2_TECHNICAL_METRICS,Sasha_v03/Sasha_v03_084.png,2160,3840,2.571,240.107,155.528,36.23,0.003,0.001,97.0,2391268,24.37,40.52,1275,ok,,Sasha_v03,Sasha_v03/Sasha_v03_084.png,Sasha_v03_084.png,work/frames_raw/Sasha_v03/Sasha_v03_084.png,2160,3840,8294400,0.5625,2.571,240.107,155.528,PASS
85,2,2.0,0.725221594026548,79.65,95.8,12,STEP2_TECHNICAL_METRICS,Sasha_v03/Sasha_v03_085.png,2160,3840,2.907,248.859,155.642,36.64,0.003,0.001,97.0,2829589,31.72,41.47,1173,ok,,Sasha_v03,Sasha_v03/Sasha_v03_085.png,Sasha_v03_085.png,work/frames_raw/Sasha_v03/Sasha_v03_085.png,2160,3840,8294400,0.5625,2.907,248.859,155.642,PASS
86,2,2.0,0.725221594026548,17.7,19.33,103,STEP2_TECHNICAL_METRICS,Sasha_v03/Sasha_v03_086.png,2160,3840,1.74,107.904,157.303,42.595,0.003,0.039,101.0,1945514,7.11,13.88,1702,ok,,Sasha_v03,Sasha_v03/Sasha_v03_086.png,Sasha_v03_086.png,work/frames_raw/Sasha_v03/Sasha_v03_086.png,2160,3840,8294400,0.5625,1.74,107.904,157.303,PASS
87,2,2.0,0.725221594026548,35.4,11.76,94,STEP2_TECHNICAL_METRICS,Sasha_v03/Sasha_v03_087.png,2160,3840,2.3,93.417,150.219,41.816,0.001,0.032,113.0,2969591,17.44,11.33,1616,ok,,Sasha_v03,Sasha_v03/Sasha_v03_087.png,Sasha_v03_087.png,work/frames_raw/Sasha_v03/Sasha_v03_087.png,2160,3840,8294400,0.5625,2.3,93.417,150.219,PASS
88,2,2.0,0.725221594026548,61.06,16.81,74,STEP2_TECHNICAL_METRICS,Sasha_v03/Sasha_v03_088.png,2160,3840,2.625,104.428,153.093,41.445,0.001,0.028,110.0,3277947,25.39,13.14,1539,ok,,Sasha_v03,Sasha_v03/Sasha_v03_088.png,Sasha_v03_088.png,work/frames_raw/Sasha_v03/Sasha_v03_088.png,2160,3840,8294400,0.5625,2.625,104.428,153.093,PASS
89,2,2.0,0.725221594026548,8.85,21.01,111,STEP2_TECHNICAL_METRICS,Sasha_v03/Sasha_v03_089.png,2160,3840,1.554,110.851,161.089,39.587,0.0,0.017,108.0,1573629,4.12,14.35,1740,ok,,Sasha_v03,Sasha_v03/Sasha_v03_089.png,Sasha_v03_089.png,work/frames_raw/Sasha_v03/Sasha_v03_089.png,2160,3840,8294400,0.5625,1.554,110.851,161.089,PASS
90,2,2.0,0.725221594026548,65.49,79.83,32,STEP2_TECHNICAL_METRICS,Sasha_v03/Sasha_v03_090.png,2160,3840,2.687,190.427,152.788,52.369,0.002,0.012,148.0,3100515,26.64,31.46,1341,ok,,Sasha_v03,Sasha_v03/Sasha_v03_090.png,Sasha_v03_090.png,work/frames_raw/Sasha_v03/Sasha_v03_090.png,2160,3840,8294400,0.5625,2.687,190.427,152.788,PASS
91,2,2.0,0.725221594026548,53.1,66.39,45,STEP2_TECHNICAL_METRICS,Sasha_v03/Sasha_v03_091.png,2160,3840,2.519,176.332,161.941,53.391,0.0,0.044,143.0,2932687,23.24,28.23,1398,ok,,Sasha_v03,Sasha_v03/Sasha_v03_091.png,Sasha_v03_091.png,work/frames_raw/Sasha_v03/Sasha_v03_091.png,2160,3840,8294400,0.5625,2.519,176.332,161.941,PASS
92,2,2.0,0.725221594026548,84.07,80.67,18,STEP2_TECHNICAL_METRICS,Sasha_v03/Sasha_v03_092.png,2160,3840,3.02,190.533,157.134,54.83,0.002,0.03,147.0,3370462,33.69,31.62,1268,ok,,Sasha_v03,Sasha_v03/Sasha_v03_092.png,Sasha_v03_092.png,work/frames_raw/Sasha_v03/Sasha_v03_092.png,2160,3840,8294400,0.5625,3.02,190.533,157.134,PASS
93,2,2.0,0.725221594026548,44.25,34.45,73,STEP2_TECHNICAL_METRICS,Sasha_v03/Sasha_v03_093.png,2160,3840,2.401,124.624,127.188,47.032,0.004,0.023,124.0,2670191,20.43,17.21,1545,ok,,Sasha_v03,Sasha_v03/Sasha_v03_093.png,Sasha_v03_093.png,work/frames_raw/Sasha_v03/Sasha_v03_093.png,2160,3840,8294400,0.5625,2.401,124.624,127.188,PASS
94,2,2.0,0.725221594026548,71.68,63.03,39,STEP2_TECHNICAL_METRICS,Sasha_v03/Sasha_v03_094.png,2160,3840,2.785,172.789,160.903,55.217,0.0,0.07,147.0,2943458,28.91,27.28,1358,ok,,Sasha_v03,Sasha_v03/Sasha_v03_094.png,Sasha_v03_094.png,work/frames_raw/Sasha_v03/Sasha_v03_094.png,2160,3840,8294400,0.5625,2.785,172.789,160.903,PASS
95,2,2.0,0.725221594026548,58.41,83.19,37,STEP2_TECHNICAL_METRICS,Sasha_v03/Sasha_v03_095.png,2160,3840,2.616,193.285,146.139,52.095,0.006,0.015,146.0,2790549,25.09,32.47,1347,ok,,Sasha_v03,Sasha_v03/Sasha_v03_095.png,Sasha_v03_095.png,work/frames_raw/Sasha_v03/Sasha_v03_095.png,2160,3840,8294400,0.5625,2.616,193.285,146.139,PASS
96,2,2.0,0.725221594026548,48.67,64.71,50,STEP2_TECHNICAL_METRICS,Sasha_v03/Sasha_v03_096.png,2160,3840,2.48,175.737,154.259,51.519,0.0,0.03,145.0,2465779,22.46,27.81,1411,ok,,Sasha_v03,Sasha_v03/Sasha_v03_096.png,Sasha_v03_096.png,work/frames_raw/Sasha_v03/Sasha_v03_096.png,2160,3840,8294400,0.5625,2.48,175.737,154.259,PASS
97,2,2.0,0.725221594026548,46.9,67.23,49,STEP2_TECHNICAL_METRICS,Sasha_v03/Sasha_v03_097.png,2160,3840,2.438,176.676,151.064,51.739,0.003,0.012,142.0,2589861,21.39,28.28,1416,ok,,Sasha_v03,Sasha_v03/Sasha_v03_097.png,Sasha_v03_097.png,work/frames_raw/Sasha_v03/Sasha_v03_097.png,2160,3840,8294400,0.5625,2.438,176.676,151.064,PASS
98,2,2.0,0.725221594026548,34.51,36.97,78,STEP2_TECHNICAL_METRICS,Sasha_v03/Sasha_v03_098.png,2160,3840,2.297,126.433,134.31,48.493,0.003,0.035,132.0,2739056,17.32,17.64,1566,ok,,Sasha_v03,Sasha_v03/Sasha_v03_098.png,Sasha_v03_098.png,work/frames_raw/Sasha_v03/Sasha_v03_098.png,2160,3840,8294400,0.5625,2.297,126.433,134.31,PASS
99,2,2.0,0.725221594026548,53.98,50.42,53,STEP2_TECHNICAL_METRICS,Sasha_v03/Sasha_v03_099.png,2160,3840,2.538,150.102,150.371,51.673,0.0,0.093,148.0,2733475,23.36,22.25,1452,ok,,Sasha_v03,Sasha_v03/Sasha_v03_099.png,Sasha_v03_099.png,work/frames_raw/Sasha_v03/Sasha_v03_099.png,2160,3840,8294400,0.5625,2.538,150.102,150.371,PASS
100,2,2.0,0.725221594026548,76.99,86.55,19,STEP2_TECHNICAL_METRICS,Sasha_v03/Sasha_v03_100.png,2160,3840,2.891,201.35,155.827,51.181,0.0,0.039,136.0,2981538,31.36,34.75,1256,ok,,Sasha_v03,Sasha_v03/Sasha_v03_100.png,Sasha_v03_100.png,work/frames_raw/Sasha_v03/Sasha_v03_100.png,2160,3840,8294400,0.5625,2.891,201.35,155.827,PASS
101,2,2.0,0.725221594026548,62.83,81.51,35,STEP2_TECHNICAL_METRICS,Sasha_v03/Sasha_v03_101.png,2160,3840,2.658,190.741,153.918,54.199,0.003,0.033,148.0,3087162,25.87,31.73,1346,ok,,Sasha_v03,Sasha_v03/Sasha_v03_101.png,Sasha_v03_101.png,work/frames_raw/Sasha_v03/Sasha_v03_101.png,2160,3840,8294400,0.5625,2.658,190.741,153.918,PASS
102,2,2.0,0.725221594026548,90.27,85.71,11,STEP2_TECHNICAL_METRICS,Sasha_v03/Sasha_v03_102.png,2160,3840,3.249,201.166,154.947,55.355,0.0,0.061,149.0,3447912,37.4,34.59,1185,ok,,Sasha_v03,Sasha_v03/Sasha_v03_102.png,Sasha_v03_102.png,work/frames_raw/Sasha_v03/Sasha_v03_102.png,2160,3840,8294400,0.5625,3.249,201.166,154.947,PASS
103,2,2.0,0.725221594026548,54.87,62.18,47,STEP2_TECHNICAL_METRICS,Sasha_v03/Sasha_v03_103.png,2160,3840,2.565,172.484,155.3,55.812,0.0,0.063,150.0,2926333,24.13,27.12,1399,ok,,Sasha_v03,Sasha_v03/Sasha_v03_103.png,Sasha_v03_103.png,work/frames_raw/Sasha_v03/Sasha_v03_103.png,2160,3840,8294400,0.5625,2.565,172.484,155.3,PASS
104,2,2.0,0.725221594026548,85.84,84.03,16,STEP2_TECHNICAL_METRICS,Sasha_v03/Sasha_v03_104.png,2160,3840,3.076,195.585,157.481,55.463,0.0,0.062,149.0,3473538,34.53,32.73,1240,ok,,Sasha_v03,Sasha_v03/Sasha_v03_104.png,Sasha_v03_104.png,work/frames_raw/Sasha_v03/Sasha_v03_104.png,2160,3840,8294400,0.5625,3.076,195.585,157.481,PASS
105,2,2.0,0.725221594026548,89.38,84.87,13,STEP2_TECHNICAL_METRICS,Sasha_v03/Sasha_v03_105.png,2160,3840,3.213,198.159,153.451,55.241,0.0,0.056,149.0,3410884,36.68,33.63,1211,ok,,Sasha_v03,Sasha_v03/Sasha_v03_105.png,Sasha_v03_105.png,work/frames_raw/Sasha_v03/Sasha_v03_105.png,2160,3840,8294400,0.5625,3.213,198.159,153.451,PASS
106,2,2.0,0.725221594026548,51.33,65.55,48,STEP2_TECHNICAL_METRICS,Sasha_v03/Sasha_v03_106.png,2160,3840,2.5,176.124,160.779,56.501,0.0,0.083,150.0,2754758,23.0,28.07,1401,ok,,Sasha_v03,Sasha_v03/Sasha_v03_106.png,Sasha_v03_106.png,work/frames_raw/Sasha_v03/Sasha_v03_106.png,2160,3840,8294400,0.5625,2.5,176.124,160.779,PASS
107,2,2.0,0.725221594026548,70.8,73.95,34,STEP2_TECHNICAL_METRICS,Sasha_v03/Sasha_v03_107.png,2160,3840,2.76,186.575,156.468,52.822,0.001,0.038,142.0,2853425,28.14,30.67,1332,ok,,Sasha_v03,Sasha_v03/Sasha_v03_107.png,Sasha_v03_107.png,work/frames_raw/Sasha_v03/Sasha_v03_107.png,2160,3840,8294400,0.5625,2.76,186.575,156.468,PASS
108,2,2.0,0.725221594026548,66.37,68.91,38,STEP2_TECHNICAL_METRICS,Sasha_v03/Sasha_v03_108.png,2160,3840,2.704,180.551,156.482,54.586,0.001,0.031,147.0,3016865,26.94,29.29,1357,ok,,Sasha_v03,Sasha_v03/Sasha_v03_108.png,Sasha_v03_108.png,work/frames_raw/Sasha_v03/Sasha_v03_108.png,2160,3840,8294400,0.5625,2.704,180.551,156.482,PASS
109,2,2.0,0.725221594026548,78.76,82.35,23,STEP2_TECHNICAL_METRICS,Sasha_v03/Sasha_v03_109.png,2160,3840,2.895,192.301,156.299,53.561,0.004,0.019,143.0,3538810,31.54,32.26,1283,ok,,Sasha_v03,Sasha_v03/Sasha_v03_109.png,Sasha_v03_109.png,work/frames_raw/Sasha_v03/Sasha_v03_109.png,2160,3840,8294400,0.5625,2.895,192.301,156.299,PASS
110,2,2.0,0.725221594026548,82.3,70.59,26,STEP2_TECHNICAL_METRICS,Sasha_v03/Sasha_v03_110.png,2160,3840,2.941,183.811,144.174,53.994,0.002,0.043,151.0,3316772,32.32,30.03,1298,ok,,Sasha_v03,Sasha_v03/Sasha_v03_110.png,Sasha_v03_110.png,work/frames_raw/Sasha_v03/Sasha_v03_110.png,2160,3840,8294400,0.5625,2.941,183.811,144.174,PASS
111,2,2.0,0.725221594026548,38.94,54.62,63,STEP2_TECHNICAL_METRICS,Sasha_v03/Sasha_v03_111.png,2160,3840,2.331,159.441,144.209,54.988,0.02,0.008,152.0,2478980,18.46,24.05,1485,ok,,Sasha_v03,Sasha_v03/Sasha_v03_111.png,Sasha_v03_111.png,work/frames_raw/Sasha_v03/Sasha_v03_111.png,2160,3840,8294400,0.5625,2.331,159.441,144.209,PASS
112,2,2.0,0.725221594026548,57.52,36.13,62,STEP2_TECHNICAL_METRICS,Sasha_v03/Sasha_v03_112.png,2160,3840,2.61,126.267,136.607,50.02,0.001,0.038,139.0,2896427,24.97,17.58,1483,ok,,Sasha_v03,Sasha_v03/Sasha_v03_112.png,Sasha_v03_112.png,work/frames_raw/Sasha_v03/Sasha_v03_112.png,2160,3840,8294400,0.5625,2.61,126.267,136.607,PASS
113,2,2.0,0.725221594026548,43.36,56.3,58,STEP2_TECHNICAL_METRICS,Sasha_v03/Sasha_v03_113.png,2160,3840,2.398,161.234,159.371,59.489,0.002,0.085,158.0,2529894,20.25,24.63,1460,ok,,Sasha_v03,Sasha_v03/Sasha_v03_113.png,Sasha_v03_113.png,work/frames_raw/Sasha_v03/Sasha_v03_113.png,2160,3840,8294400,0.5625,2.398,161.234,159.371,PASS
114,2,2.0,0.725221594026548,42.48,39.5,71,STEP2_TECHNICAL_METRICS,Sasha_v03/Sasha_v03_114.png,2160,3840,2.394,130.157,148.361,57.063,0.0,0.077,161.0,2734171,20.07,18.54,1538,ok,,Sasha_v03,Sasha_v03/Sasha_v03_114.png,Sasha_v03_114.png,work/frames_raw/Sasha_v03/Sasha_v03_114.png,2160,3840,8294400,0.5625,2.394,130.157,148.361,PASS
115,2,2.0,0.725221594026548,60.18,57.98,46,STEP2_TECHNICAL_METRICS,Sasha_v03/Sasha_v03_115.png,2160,3840,2.62,164.369,153.147,53.496,0.0,0.099,152.0,2971108,25.27,25.69,1403,ok,,Sasha_v03,Sasha_v03/Sasha_v03_115.png,Sasha_v03_115.png,work/frames_raw/Sasha_v03/Sasha_v03_115.png,2160,3840,8294400,0.5625,2.62,164.369,153.147,PASS
116,2,2.0,0.725221594026548,76.11,89.92,17,STEP2_TECHNICAL_METRICS,Sasha_v03/Sasha_v03_116.png,2160,3840,2.875,207.429,146.715,51.836,0.004,0.023,150.0,2838132,31.0,36.02,1241,ok,,Sasha_v03,Sasha_v03/Sasha_v03_116.png,Sasha_v03_116.png,work/frames_raw/Sasha_v03/Sasha_v03_116.png,2160,3840,8294400,0.5625,2.875,207.429,146.715,PASS
117,2,2.0,0.725221594026548,31.86,60.5,64,STEP2_TECHNICAL_METRICS,Sasha_v03/Sasha_v03_117.png,2160,3840,2.264,172.388,135.027,55.812,0.031,0.015,160.0,2260937,16.55,27.01,1473,ok,,Sasha_v03,Sasha_v03/Sasha_v03_117.png,Sasha_v03_117.png,work/frames_raw/Sasha_v03/Sasha_v03_117.png,2160,3840,8294400,0.5625,2.264,172.388,135.027,PASS
118,2,2.0,0.725221594026548,98.23,98.32,3,STEP2_TECHNICAL_METRICS,Sasha_v03/Sasha_v03_118.png,2160,3840,8.839,564.152,157.196,45.822,0.002,0.068,126.0,4048293,82.08,70.07,420,ok,,Sasha_v03,Sasha_v03/Sasha_v03_118.png,Sasha_v03_118.png,work/frames_raw/Sasha_v03/Sasha_v03_118.png,2160,3840,8294400,0.5625,8.839,564.152,157.196,PASS
119,2,2.0,0.725221594026548,99.12,99.16,2,STEP2_TECHNICAL_METRICS,Sasha_v03/Sasha_v03_119.png,2160,3840,30.118,1837.111,103.372,56.557,0.121,0.006,153.0,7671454,96.36,91.15,102,ok,,Sasha_v03,Sasha_v03/Sasha_v03_119.png,Sasha_v03_119.png,work/frames_raw/Sasha_v03/Sasha_v03_119.png,2160,3840,8294400,0.5625,30.118,1837.111,103.372,PASS
120,2,2.0,0.725221594026548,100.0,100.0,1,STEP2_TECHNICAL_METRICS,Sasha_v03/Sasha_v03_120.png,2160,3840,31.628,2058.551,111.248,54.001,0.087,0.006,149.0,7740418,96.54,93.01,85,ok,,Sasha_v03,Sasha_v03/Sasha_v03_120.png,Sasha_v03_120.png,work/frames_raw/Sasha_v03/Sasha_v03_120.png,2160,3840,8294400,0.5625,31.628,2058.551,111.248,PASS
1,2,2.0,2.0,63.64,68.18,8,STEP2_TECHNICAL_METRICS,Sasha_v04/Sasha_v04_001.png,2160,3840,6.769,552.879,145.397,52.576,0.028,0.034,137.0,2524725,77.06,69.49,477,ok,,Sasha_v04,Sasha_v04/Sasha_v04_001.png,Sasha_v04_001.png,work/frames_raw/Sasha_v04/Sasha_v04_001.png,2160,3840,8294400,0.5625,6.769,552.879,145.397,PASS
2,2,2.0,2.0,54.55,54.55,11,STEP2_TECHNICAL_METRICS,Sasha_v04/Sasha_v04_002.png,2160,3840,6.543,519.772,156.763,50.407,0.014,0.063,137.0,3088651,75.57,67.69,509,ok,,Sasha_v04,Sasha_v04/Sasha_v04_002.png,Sasha_v04_002.png,work/frames_raw/Sasha_v04/Sasha_v04_002.png,2160,3840,8294400,0.5625,6.543,519.772,156.763,PASS
3,2,2.0,2.0,68.18,63.64,9,STEP2_TECHNICAL_METRICS,Sasha_v04/Sasha_v04_003.png,2160,3840,6.861,537.768,155.924,49.566,0.009,0.065,126.0,3325383,77.66,68.8,479,ok,,Sasha_v04,Sasha_v04/Sasha_v04_003.png,Sasha_v04_003.png,work/frames_raw/Sasha_v04/Sasha_v04_003.png,2160,3840,8294400,0.5625,6.861,537.768,155.924,PASS
4,2,2.0,2.0,50.0,50.0,12,STEP2_TECHNICAL_METRICS,Sasha_v04/Sasha_v04_004.png,2160,3840,6.202,489.692,163.123,48.406,0.005,0.072,125.0,3100035,73.3,65.41,550,ok,,Sasha_v04,Sasha_v04/Sasha_v04_004.png,Sasha_v04_004.png,work/frames_raw/Sasha_v04/Sasha_v04_004.png,2160,3840,8294400,0.5625,6.202,489.692,163.123,PASS
5,2,2.0,2.0,27.27,27.27,17,STEP2_TECHNICAL_METRICS,Sasha_v04/Sasha_v04_005.png,2160,3840,5.146,394.803,158.657,49.899,0.011,0.07,128.0,2764148,66.07,58.21,675,ok,,Sasha_v04,Sasha_v04/Sasha_v04_005.png,Sasha_v04_005.png,work/frames_raw/Sasha_v04/Sasha_v04_005.png,2160,3840,8294400,0.5625,5.146,394.803,158.657,PASS
6,2,2.0,2.0,31.82,31.82,16,STEP2_TECHNICAL_METRICS,Sasha_v04/Sasha_v04_006.png,2160,3840,5.286,399.766,157.008,48.818,0.011,0.061,125.0,2980953,67.32,58.53,659,ok,,Sasha_v04,Sasha_v04/Sasha_v04_006.png,Sasha_v04_006.png,work/frames_raw/Sasha_v04/Sasha_v04_006.png,2160,3840,8294400,0.5625,5.286,399.766,157.008,PASS
7,2,2.0,2.0,40.91,45.45,13,STEP2_TECHNICAL_METRICS,Sasha_v04/Sasha_v04_007.png,2160,3840,5.758,426.196,158.606,46.557,0.012,0.048,123.0,2891512,70.67,60.96,602,ok,,Sasha_v04,Sasha_v04/Sasha_v04_007.png,Sasha_v04_007.png,work/frames_raw/Sasha_v04/Sasha_v04_007.png,2160,3840,8294400,0.5625,5.758,426.196,158.606,PASS
8,2,2.0,2.0,22.73,22.73,18,STEP2_TECHNICAL_METRICS,Sasha_v04/Sasha_v04_008.png,2160,3840,4.773,353.046,157.403,44.379,0.009,0.047,109.0,2520151,62.01,54.93,753,ok,,Sasha_v04,Sasha_v04/Sasha_v04_008.png,Sasha_v04_008.png,work/frames_raw/Sasha_v04/Sasha_v04_008.png,2160,3840,8294400,0.5625,4.773,353.046,157.403,PASS
9,2,2.0,2.0,9.09,9.09,21,STEP2_TECHNICAL_METRICS,Sasha_v04/Sasha_v04_009.png,2160,3840,3.417,219.452,150.934,52.302,0.012,0.056,140.0,2735217,39.55,38.14,1134,ok,,Sasha_v04,Sasha_v04/Sasha_v04_009.png,Sasha_v04_009.png,work/frames_raw/Sasha_v04/Sasha_v04_009.png,2160,3840,8294400,0.5625,3.417,219.452,150.934,PASS
10,2,2.0,2.0,0.0,0.0,23,STEP2_TECHNICAL_METRICS,Sasha_v04/Sasha_v04_010.png,2160,3840,2.495,157.298,157.007,45.993,0.01,0.057,105.0,2022879,22.76,23.73,1443,ok,,Sasha_v04,Sasha_v04/Sasha_v04_010.png,Sasha_v04_010.png,work/frames_raw/Sasha_v04/Sasha_v04_010.png,2160,3840,8294400,0.5625,2.495,157.298,157.007,PASS
11,2,2.0,2.0,4.55,4.55,22,STEP2_TECHNICAL_METRICS,Sasha_v04/Sasha_v04_011.png,2160,3840,3.006,195.917,147.888,49.31,0.021,0.029,125.0,2161920,33.33,32.79,1255,ok,,Sasha_v04,Sasha_v04/Sasha_v04_011.png,Sasha_v04_011.png,work/frames_raw/Sasha_v04/Sasha_v04_011.png,2160,3840,8294400,0.5625,3.006,195.917,147.888,PASS
12,2,2.0,2.0,13.64,13.64,20,STEP2_TECHNICAL_METRICS,Sasha_v04/Sasha_v04_012.png,2160,3840,4.013,273.529,150.423,46.503,0.028,0.027,120.0,2616657,50.36,45.07,978,ok,,Sasha_v04,Sasha_v04/Sasha_v04_012.png,Sasha_v04_012.png,work/frames_raw/Sasha_v04/Sasha_v04_012.png,2160,3840,8294400,0.5625,4.013,273.529,150.423,PASS
13,2,2.0,2.0,59.09,59.09,10,STEP2_TECHNICAL_METRICS,Sasha_v04/Sasha_v04_013.png,2160,3840,6.609,533.738,147.783,51.731,0.054,0.028,142.0,3040853,76.05,68.7,496,ok,,Sasha_v04,Sasha_v04/Sasha_v04_013.png,Sasha_v04_013.png,work/frames_raw/Sasha_v04/Sasha_v04_013.png,2160,3840,8294400,0.5625,6.609,533.738,147.783,PASS
14,2,2.0,2.0,77.27,72.73,6,STEP2_TECHNICAL_METRICS,Sasha_v04/Sasha_v04_014.png,2160,3840,7.527,589.774,148.26,51.459,0.053,0.027,141.0,3309666,79.51,71.61,434,ok,,Sasha_v04,Sasha_v04/Sasha_v04_014.png,Sasha_v04_014.png,work/frames_raw/Sasha_v04/Sasha_v04_014.png,2160,3840,8294400,0.5625,7.527,589.774,148.26,PASS
15,2,2.0,2.0,72.73,77.27,7,STEP2_TECHNICAL_METRICS,Sasha_v04/Sasha_v04_015.png,2160,3840,7.332,601.174,149.293,51.016,0.051,0.028,140.0,3458286,79.39,72.56,422,ok,,Sasha_v04,Sasha_v04/Sasha_v04_015.png,Sasha_v04_015.png,work/frames_raw/Sasha_v04/Sasha_v04_015.png,2160,3840,8294400,0.5625,7.332,601.174,149.293,PASS
16,2,2.0,2.0,90.91,90.91,3,STEP2_TECHNICAL_METRICS,Sasha_v04/Sasha_v04_016.png,2160,3840,7.866,622.265,149.113,51.22,0.052,0.028,142.0,3541235,80.59,74.42,393,ok,,Sasha_v04,Sasha_v04/Sasha_v04_016.png,Sasha_v04_016.png,work/frames_raw/Sasha_v04/Sasha_v04_016.png,2160,3840,8294400,0.5625,7.866,622.265,149.113,PASS
17,2,2.0,2.0,86.36,86.36,4,STEP2_TECHNICAL_METRICS,Sasha_v04/Sasha_v04_017.png,2160,3840,7.845,606.662,150.042,49.643,0.042,0.029,135.0,3467408,80.41,73.2,401,ok,,Sasha_v04,Sasha_v04/Sasha_v04_017.png,Sasha_v04_017.png,work/frames_raw/Sasha_v04/Sasha_v04_017.png,2160,3840,8294400,0.5625,7.845,606.662,150.042,PASS
18,2,2.0,2.0,45.45,40.91,14,STEP2_TECHNICAL_METRICS,Sasha_v04/Sasha_v04_018.png,2160,3840,5.795,422.744,152.523,46.32,0.03,0.031,121.0,2765579,70.91,60.86,600,ok,,Sasha_v04,Sasha_v04/Sasha_v04_018.png,Sasha_v04_018.png,work/frames_raw/Sasha_v04/Sasha_v04_018.png,2160,3840,8294400,0.5625,5.795,422.744,152.523,PASS
19,2,2.0,2.0,100.0,100.0,1,STEP2_TECHNICAL_METRICS,Sasha_v04/Sasha_v04_019.png,2160,3840,8.546,668.961,153.914,48.417,0.03,0.031,133.0,3414047,81.66,76.69,367,ok,,Sasha_v04,Sasha_v04/Sasha_v04_019.png,Sasha_v04_019.png,work/frames_raw/Sasha_v04/Sasha_v04_019.png,2160,3840,8294400,0.5625,8.546,668.961,153.914,PASS
20,2,2.0,2.0,18.18,18.18,19,STEP2_TECHNICAL_METRICS,Sasha_v04/Sasha_v04_020.png,2160,3840,4.562,345.07,158.294,50.067,0.031,0.058,134.0,2788881,59.92,54.08,780,ok,,Sasha_v04,Sasha_v04/Sasha_v04_020.png,Sasha_v04_020.png,work/frames_raw/Sasha_v04/Sasha_v04_020.png,2160,3840,8294400,0.5625,4.562,345.07,158.294,PASS
21,2,2.0,2.0,36.36,36.36,15,STEP2_TECHNICAL_METRICS,Sasha_v04/Sasha_v04_021.png,2160,3840,5.32,412.213,158.201,47.548,0.021,0.051,126.0,2892091,67.56,59.69,649,ok,,Sasha_v04,Sasha_v04/Sasha_v04_021.png,Sasha_v04_021.png,work/frames_raw/Sasha_v04/Sasha_v04_021.png,2160,3840,8294400,0.5625,5.32,412.213,158.201,PASS
22,2,2.0,2.0,95.45,95.45,2,STEP2_TECHNICAL_METRICS,Sasha_v04/Sasha_v04_022.png,2160,3840,8.101,644.116,154.957,47.56,0.025,0.038,126.0,3188577,81.24,75.74,380,ok,,Sasha_v04,Sasha_v04/Sasha_v04_022.png,Sasha_v04_022.png,work/frames_raw/Sasha_v04/Sasha_v04_022.png,2160,3840,8294400,0.5625,8.101,644.116,154.957,PASS
23,2,2.0,2.0,81.82,81.82,5,STEP2_TECHNICAL_METRICS,Sasha_v04/Sasha_v04_023.png,2160,3840,7.599,602.595,156.954,49.26,0.02,0.06,133.0,3449015,79.63,72.72,414,ok,,Sasha_v04,Sasha_v04/Sasha_v04_023.png,Sasha_v04_023.png,work/frames_raw/Sasha_v04/Sasha_v04_023.png,2160,3840,8294400,0.5625,7.599,602.595,156.954,PASS
1,2,2.0,2.0,96.77,87.1,3,STEP2_TECHNICAL_METRICS,Sasha_v05/Sasha_v05_001.png,2160,3840,35.458,3550.619,138.623,50.034,0.021,0.022,129.0,10620743,96.95,97.14,53,ok,,Sasha_v05,Sasha_v05/Sasha_v05_001.png,Sasha_v05_001.png,work/frames_raw/Sasha_v05/Sasha_v05_001.png,2160,3840,8294400,0.5625,35.458,3550.619,138.623,PASS
2,2,2.0,2.0,3.23,3.23,31,STEP2_TECHNICAL_METRICS,Sasha_v05/Sasha_v05_002.png,2160,3840,20.68,2187.944,142.914,53.876,0.029,0.029,145.0,9612415,93.25,93.96,103,ok,,Sasha_v05,Sasha_v05/Sasha_v05_002.png,Sasha_v05_002.png,work/frames_raw/Sasha_v05/Sasha_v05_002.png,2160,3840,8294400,0.5625,20.68,2187.944,142.914,PASS
3,2,2.0,2.0,0.0,0.0,32,STEP2_TECHNICAL_METRICS,Sasha_v05/Sasha_v05_003.png,2160,3840,20.621,2145.236,142.582,51.058,0.016,0.032,133.0,10157962,93.07,93.7,109,ok,,Sasha_v05,Sasha_v05/Sasha_v05_003.png,Sasha_v05_003.png,work/frames_raw/Sasha_v05/Sasha_v05_003.png,2160,3840,8294400,0.5625,20.621,2145.236,142.582,PASS
4,2,2.0,2.0,9.68,9.68,29,STEP2_TECHNICAL_METRICS,Sasha_v05/Sasha_v05_004.png,2160,3840,21.933,2438.641,142.02,49.955,0.01,0.036,132.0,10435794,93.97,95.29,89,ok,,Sasha_v05,Sasha_v05/Sasha_v05_004.png,Sasha_v05_004.png,work/frames_raw/Sasha_v05/Sasha_v05_004.png,2160,3840,8294400,0.5625,21.933,2438.641,142.02,PASS
5,2,2.0,2.0,70.97,51.61,12,STEP2_TECHNICAL_METRICS,Sasha_v05/Sasha_v05_005.png,2160,3840,29.449,3089.033,141.497,51.501,0.012,0.034,135.0,11352520,96.24,96.5,63,ok,,Sasha_v05,Sasha_v05/Sasha_v05_005.png,Sasha_v05_005.png,work/frames_raw/Sasha_v05/Sasha_v05_005.png,2160,3840,8294400,0.5625,29.449,3089.033,141.497,PASS
6,2,2.0,2.0,38.71,38.71,19,STEP2_TECHNICAL_METRICS,Sasha_v05/Sasha_v05_006.png,2160,3840,26.11,2997.279,141.083,50.946,0.014,0.03,133.0,11983554,95.22,96.24,73,ok,,Sasha_v05,Sasha_v05/Sasha_v05_006.png,Sasha_v05_006.png,work/frames_raw/Sasha_v05/Sasha_v05_006.png,2160,3840,8294400,0.5625,26.11,2997.279,141.083,PASS
7,2,2.0,2.0,61.29,54.84,15,STEP2_TECHNICAL_METRICS,Sasha_v05/Sasha_v05_007.png,2160,3840,28.456,3160.266,141.876,51.208,0.014,0.028,133.0,12088664,96.0,96.56,65,ok,,Sasha_v05,Sasha_v05/Sasha_v05_007.png,Sasha_v05_007.png,work/frames_raw/Sasha_v05/Sasha_v05_007.png,2160,3840,8294400,0.5625,28.456,3160.266,141.876,PASS
8,2,2.0,2.0,29.03,45.16,21,STEP2_TECHNICAL_METRICS,Sasha_v05/Sasha_v05_008.png,2160,3840,25.609,3032.177,144.133,51.449,0.014,0.031,134.0,12020568,94.98,96.35,75,ok,,Sasha_v05,Sasha_v05/Sasha_v05_008.png,Sasha_v05_008.png,work/frames_raw/Sasha_v05/Sasha_v05_008.png,2160,3840,8294400,0.5625,25.609,3032.177,144.133,PASS
9,2,2.0,2.0,87.1,90.32,5,STEP2_TECHNICAL_METRICS,Sasha_v05/Sasha_v05_009.png,2160,3840,32.552,3595.602,145.462,49.838,0.014,0.026,131.0,12052925,96.77,97.19,55,ok,,Sasha_v05,Sasha_v05/Sasha_v05_009.png,Sasha_v05_009.png,work/frames_raw/Sasha_v05/Sasha_v05_009.png,2160,3840,8294400,0.5625,32.552,3595.602,145.462,PASS
10,2,2.0,2.0,12.9,19.35,28,STEP2_TECHNICAL_METRICS,Sasha_v05/Sasha_v05_010.png,2160,3840,22.417,2693.437,144.024,48.948,0.016,0.025,128.0,10883785,94.21,95.82,83,ok,,Sasha_v05,Sasha_v05/Sasha_v05_010.png,Sasha_v05_010.png,work/frames_raw/Sasha_v05/Sasha_v05_010.png,2160,3840,8294400,0.5625,22.417,2693.437,144.024,PASS
11,2,2.0,2.0,35.48,29.03,22,STEP2_TECHNICAL_METRICS,Sasha_v05/Sasha_v05_011.png,2160,3840,26.077,2903.143,144.509,48.097,0.011,0.026,125.0,11220830,95.16,96.08,76,ok,,Sasha_v05,Sasha_v05/Sasha_v05_011.png,Sasha_v05_011.png,work/frames_raw/Sasha_v05/Sasha_v05_011.png,2160,3840,8294400,0.5625,26.077,2903.143,144.509,PASS
12,2,2.0,2.0,22.58,35.48,23,STEP2_TECHNICAL_METRICS,Sasha_v05/Sasha_v05_012.png,2160,3840,25.389,2983.915,143.091,47.839,0.011,0.026,125.0,11552093,94.86,96.19,77,ok,,Sasha_v05,Sasha_v05/Sasha_v05_012.png,Sasha_v05_012.png,work/frames_raw/Sasha_v05/Sasha_v05_012.png,2160,3840,8294400,0.5625,25.389,2983.915,143.091,PASS
13,2,2.0,2.0,90.32,93.55,4,STEP2_TECHNICAL_METRICS,Sasha_v05/Sasha_v05_013.png,2160,3840,34.258,3631.339,142.428,47.737,0.012,0.025,125.0,12155218,96.83,97.25,54,ok,,Sasha_v05,Sasha_v05/Sasha_v05_013.png,Sasha_v05_013.png,work/frames_raw/Sasha_v05/Sasha_v05_013.png,2160,3840,8294400,0.5625,34.258,3631.339,142.428,PASS
14,2,2.0,2.0,51.61,58.06,16,STEP2_TECHNICAL_METRICS,Sasha_v05/Sasha_v05_014.png,2160,3840,27.557,3165.943,142.468,49.374,0.012,0.023,131.0,12192009,95.76,96.61,67,ok,,Sasha_v05,Sasha_v05/Sasha_v05_014.png,Sasha_v05_014.png,work/frames_raw/Sasha_v05/Sasha_v05_014.png,2160,3840,8294400,0.5625,27.557,3165.943,142.468,PASS
15,2,2.0,2.0,45.16,32.26,20,STEP2_TECHNICAL_METRICS,Sasha_v05/Sasha_v05_015.png,2160,3840,26.423,2912.322,142.705,48.518,0.01,0.023,129.0,11294208,95.4,96.13,72,ok,,Sasha_v05,Sasha_v05/Sasha_v05_015.png,Sasha_v05_015.png,work/frames_raw/Sasha_v05/Sasha_v05_015.png,2160,3840,8294400,0.5625,26.423,2912.322,142.705,PASS
16,2,2.0,2.0,41.94,48.39,17,STEP2_TECHNICAL_METRICS,Sasha_v05/Sasha_v05_016.png,2160,3840,26.308,3066.018,140.559,47.569,0.009,0.022,124.0,11774790,95.28,96.45,71,ok,,Sasha_v05,Sasha_v05/Sasha_v05_016.png,Sasha_v05_016.png,work/frames_raw/Sasha_v05/Sasha_v05_016.png,2160,3840,8294400,0.5625,26.308,3066.018,140.559,PASS
17,2,2.0,2.0,58.06,61.29,14,STEP2_TECHNICAL_METRICS,Sasha_v05/Sasha_v05_017.png,2160,3840,28.193,3281.956,142.2,48.16,0.013,0.022,128.0,11868277,95.94,96.66,64,ok,,Sasha_v05,Sasha_v05/Sasha_v05_017.png,Sasha_v05_017.png,work/frames_raw/Sasha_v05/Sasha_v05_017.png,2160,3840,8294400,0.5625,28.193,3281.956,142.2,PASS
18,2,2.0,2.0,6.45,6.45,30,STEP2_TECHNICAL_METRICS,Sasha_v05/Sasha_v05_018.png,2160,3840,21.646,2287.707,142.309,48.899,0.02,0.022,128.0,9587308,93.73,94.39,97,ok,,Sasha_v05,Sasha_v05/Sasha_v05_018.png,Sasha_v05_018.png,work/frames_raw/Sasha_v05/Sasha_v05_018.png,2160,3840,8294400,0.5625,21.646,2287.707,142.309,PASS
19,2,2.0,2.0,80.65,74.19,7,STEP2_TECHNICAL_METRICS,Sasha_v05/Sasha_v05_019.png,2160,3840,31.752,3427.034,141.792,49.236,0.009,0.033,129.0,11033040,96.59,96.88,58,ok,,Sasha_v05,Sasha_v05/Sasha_v05_019.png,Sasha_v05_019.png,work/frames_raw/Sasha_v05/Sasha_v05_019.png,2160,3840,8294400,0.5625,31.752,3427.034,141.792,PASS
20,2,2.0,2.0,93.55,96.77,2,STEP2_TECHNICAL_METRICS,Sasha_v05/Sasha_v05_020.png,2160,3840,34.728,4165.796,143.808,47.508,0.011,0.028,125.0,12196950,96.89,97.35,52,ok,,Sasha_v05,Sasha_v05/Sasha_v05_020.png,Sasha_v05_020.png,work/frames_raw/Sasha_v05/Sasha_v05_020.png,2160,3840,8294400,0.5625,34.728,4165.796,143.808,PASS
21,2,2.0,2.0,100.0,100.0,1,STEP2_TECHNICAL_METRICS,Sasha_v05/Sasha_v05_021.png,2160,3840,36.271,4397.096,142.476,47.25,0.014,0.023,125.0,12864174,97.01,97.46,49,ok,,Sasha_v05,Sasha_v05/Sasha_v05_021.png,Sasha_v05_021.png,work/frames_raw/Sasha_v05/Sasha_v05_021.png,2160,3840,8294400,0.5625,36.271,4397.096,142.476,PASS
22,2,2.0,2.0,64.52,80.65,9,STEP2_TECHNICAL_METRICS,Sasha_v05/Sasha_v05_022.png,2160,3840,28.971,3474.993,142.078,48.027,0.015,0.021,127.0,12204969,96.12,97.03,62,ok,,Sasha_v05,Sasha_v05/Sasha_v05_022.png,Sasha_v05_022.png,work/frames_raw/Sasha_v05/Sasha_v05_022.png,2160,3840,8294400,0.5625,28.971,3474.993,142.078,PASS
23,2,2.0,2.0,25.81,12.9,26,STEP2_TECHNICAL_METRICS,Sasha_v05/Sasha_v05_023.png,2160,3840,25.585,2602.128,144.742,50.121,0.029,0.023,128.0,10389663,94.92,95.66,80,ok,,Sasha_v05,Sasha_v05/Sasha_v05_023.png,Sasha_v05_023.png,work/frames_raw/Sasha_v05/Sasha_v05_023.png,2160,3840,8294400,0.5625,25.585,2602.128,144.742,PASS
24,2,2.0,2.0,16.13,16.13,27,STEP2_TECHNICAL_METRICS,Sasha_v05/Sasha_v05_024.png,2160,3840,23.058,2661.579,142.402,46.757,0.004,0.029,124.0,10756074,94.44,95.76,81,ok,,Sasha_v05,Sasha_v05/Sasha_v05_024.png,Sasha_v05_024.png,work/frames_raw/Sasha_v05/Sasha_v05_024.png,2160,3840,8294400,0.5625,23.058,2661.579,142.402,PASS
25,2,2.0,2.0,74.19,67.74,11,STEP2_TECHNICAL_METRICS,Sasha_v05/Sasha_v05_025.png,2160,3840,30.696,3331.339,141.888,50.104,0.011,0.035,133.0,11799344,96.42,96.77,60,ok,,Sasha_v05,Sasha_v05/Sasha_v05_025.png,Sasha_v05_025.png,work/frames_raw/Sasha_v05/Sasha_v05_025.png,2160,3840,8294400,0.5625,30.696,3331.339,141.888,PASS
26,2,2.0,2.0,54.84,64.52,13,STEP2_TECHNICAL_METRICS,Sasha_v05/Sasha_v05_026.png,2160,3840,27.816,3309.16,139.531,49.295,0.016,0.028,129.0,12209139,95.82,96.72,66,ok,,Sasha_v05,Sasha_v05/Sasha_v05_026.png,Sasha_v05_026.png,work/frames_raw/Sasha_v05/Sasha_v05_026.png,2160,3840,8294400,0.5625,27.816,3309.16,139.531,PASS
27,2,2.0,2.0,77.42,70.97,8,STEP2_TECHNICAL_METRICS,Sasha_v05/Sasha_v05_027.png,2160,3840,31.333,3400.278,138.906,49.566,0.013,0.023,131.0,11982219,96.48,96.82,59,ok,,Sasha_v05,Sasha_v05/Sasha_v05_027.png,Sasha_v05_027.png,work/frames_raw/Sasha_v05/Sasha_v05_027.png,2160,3840,8294400,0.5625,31.333,3400.278,138.906,PASS
28,2,2.0,2.0,48.39,41.94,18,STEP2_TECHNICAL_METRICS,Sasha_v05/Sasha_v05_028.png,2160,3840,27.042,2998.627,142.184,48.397,0.015,0.022,128.0,11484324,95.64,96.29,70,ok,,Sasha_v05,Sasha_v05/Sasha_v05_028.png,Sasha_v05_028.png,work/frames_raw/Sasha_v05/Sasha_v05_028.png,2160,3840,8294400,0.5625,27.042,2998.627,142.184,PASS
29,2,2.0,2.0,32.26,22.58,24,STEP2_TECHNICAL_METRICS,Sasha_v05/Sasha_v05_029.png,2160,3840,25.733,2842.218,140.095,48.668,0.018,0.022,126.0,11164926,95.04,95.97,78,ok,,Sasha_v05,Sasha_v05/Sasha_v05_029.png,Sasha_v05_029.png,work/frames_raw/Sasha_v05/Sasha_v05_029.png,2160,3840,8294400,0.5625,25.733,2842.218,140.095,PASS
30,2,2.0,2.0,19.35,25.81,25,STEP2_TECHNICAL_METRICS,Sasha_v05/Sasha_v05_030.png,2160,3840,24.85,2878.144,141.177,49.759,0.013,0.026,133.0,11081719,94.8,96.03,79,ok,,Sasha_v05,Sasha_v05/Sasha_v05_030.png,Sasha_v05_030.png,work/frames_raw/Sasha_v05/Sasha_v05_030.png,2160,3840,8294400,0.5625,24.85,2878.144,141.177,PASS
31,2,2.0,2.0,67.74,77.42,10,STEP2_TECHNICAL_METRICS,Sasha_v05/Sasha_v05_031.png,2160,3840,29.25,3470.743,141.392,48.872,0.012,0.024,128.0,11824891,96.18,96.98,61,ok,,Sasha_v05,Sasha_v05/Sasha_v05_031.png,Sasha_v05_031.png,work/frames_raw/Sasha_v05/Sasha_v05_031.png,2160,3840,8294400,0.5625,29.25,3470.743,141.392,PASS
32,2,2.0,2.0,83.87,83.87,6,STEP2_TECHNICAL_METRICS,Sasha_v05/Sasha_v05_032.png,2160,3840,31.845,3493.968,140.406,47.8,0.011,0.022,126.0,12173397,96.65,97.09,56,ok,,Sasha_v05,Sasha_v05/Sasha_v05_032.png,Sasha_v05_032.png,work/frames_raw/Sasha_v05/Sasha_v05_032.png,2160,3840,8294400,0.5625,31.845,3493.968,140.406,PASS
1,2,2.0,2.0,11.11,0.0,19,STEP2_TECHNICAL_METRICS,Sasha_v06/Sasha_v06_001.png,2160,3840,1.997,66.001,144.334,45.435,0.003,0.036,118.0,2684267,11.11,5.46,1759,ok,,Sasha_v06,Sasha_v06/Sasha_v06_001.png,Sasha_v06_001.png,work/frames_raw/Sasha_v06/Sasha_v06_001.png,2160,3840,8294400,0.5625,1.997,66.001,144.334,PASS
2,2,2.0,2.0,16.67,11.11,16,STEP2_TECHNICAL_METRICS,Sasha_v06/Sasha_v06_002.png,2160,3840,2.191,76.528,172.304,49.396,0.0,0.045,123.0,3444994,15.23,7.73,1679,ok,,Sasha_v06,Sasha_v06/Sasha_v06_002.png,Sasha_v06_002.png,work/frames_raw/Sasha_v06/Sasha_v06_002.png,2160,3840,8294400,0.5625,2.191,76.528,172.304,PASS
3,2,2.0,2.0,27.78,22.22,15,STEP2_TECHNICAL_METRICS,Sasha_v06/Sasha_v06_003.png,2160,3840,2.46,120.489,159.438,45.503,0.006,0.039,122.0,3867987,22.04,16.37,1540,ok,,Sasha_v06,Sasha_v06/Sasha_v06_003.png,Sasha_v06_003.png,work/frames_raw/Sasha_v06/Sasha_v06_003.png,2160,3840,8294400,0.5625,2.46,120.489,159.438,PASS
4,2,2.0,2.0,77.78,88.89,4,STEP2_TECHNICAL_METRICS,Sasha_v06/Sasha_v06_004.png,2160,3840,2.824,219.1,141.502,41.641,0.026,0.008,100.0,4003519,29.75,38.08,1236,ok,,Sasha_v06,Sasha_v06/Sasha_v06_004.png,Sasha_v06_004.png,work/frames_raw/Sasha_v06/Sasha_v06_004.png,2160,3840,8294400,0.5625,2.824,219.1,141.502,PASS
5,2,2.0,2.0,22.22,72.22,11,STEP2_TECHNICAL_METRICS,Sasha_v06/Sasha_v06_005.png,2160,3840,2.405,169.392,116.68,44.6,0.108,0.0,136.0,3097161,20.49,26.38,1440,ok,,Sasha_v06,Sasha_v06/Sasha_v06_005.png,Sasha_v06_005.png,work/frames_raw/Sasha_v06/Sasha_v06_005.png,2160,3840,8294400,0.5625,2.405,169.392,116.68,PASS
6,2,2.0,2.0,61.11,66.67,6,STEP2_TECHNICAL_METRICS,Sasha_v06/Sasha_v06_006.png,2160,3840,2.62,161.856,139.228,33.582,0.0,0.0,85.0,3515193,25.27,24.95,1412,ok,,Sasha_v06,Sasha_v06/Sasha_v06_006.png,Sasha_v06_006.png,work/frames_raw/Sasha_v06/Sasha_v06_006.png,2160,3840,8294400,0.5625,2.62,161.856,139.228,PASS
7,2,2.0,2.0,38.89,33.33,13,STEP2_TECHNICAL_METRICS,Sasha_v06/Sasha_v06_007.png,2160,3840,2.47,131.663,139.416,32.195,0.0,0.0,80.0,3706538,22.22,18.7,1507,ok,,Sasha_v06,Sasha_v06/Sasha_v06_007.png,Sasha_v06_007.png,work/frames_raw/Sasha_v06/Sasha_v06_007.png,2160,3840,8294400,0.5625,2.47,131.663,139.416,PASS
8,2,2.0,2.0,66.67,50.0,8,STEP2_TECHNICAL_METRICS,Sasha_v06/Sasha_v06_008.png,2160,3840,2.651,135.765,139.051,32.146,0.0,0.0,80.0,3848877,25.81,19.44,1455,ok,,Sasha_v06,Sasha_v06/Sasha_v06_008.png,Sasha_v06_008.png,work/frames_raw/Sasha_v06/Sasha_v06_008.png,2160,3840,8294400,0.5625,2.651,135.765,139.051,PASS
9,2,2.0,2.0,55.56,38.89,10,STEP2_TECHNICAL_METRICS,Sasha_v06/Sasha_v06_009.png,2160,3840,2.542,132.865,140.005,32.797,0.0,0.0,79.0,3674533,23.6,18.96,1482,ok,,Sasha_v06,Sasha_v06/Sasha_v06_009.png,Sasha_v06_009.png,work/frames_raw/Sasha_v06/Sasha_v06_009.png,2160,3840,8294400,0.5625,2.542,132.865,140.005,PASS
10,2,2.0,2.0,72.22,55.56,7,STEP2_TECHNICAL_METRICS,Sasha_v06/Sasha_v06_010.png,2160,3840,2.782,149.945,133.538,29.963,0.0,0.001,70.0,3784323,28.79,22.14,1404,ok,,Sasha_v06,Sasha_v06/Sasha_v06_010.png,Sasha_v06_010.png,work/frames_raw/Sasha_v06/Sasha_v06_010.png,2160,3840,8294400,0.5625,2.782,149.945,133.538,PASS
11,2,2.0,2.0,44.44,27.78,14,STEP2_TECHNICAL_METRICS,Sasha_v06/Sasha_v06_011.png,2160,3840,2.472,126.911,130.696,30.125,0.0,0.0,73.0,3539877,22.28,17.74,1515,ok,,Sasha_v06,Sasha_v06/Sasha_v06_011.png,Sasha_v06_011.png,work/frames_raw/Sasha_v06/Sasha_v06_011.png,2160,3840,8294400,0.5625,2.472,126.911,130.696,PASS
12,2,2.0,2.0,88.89,83.33,3,STEP2_TECHNICAL_METRICS,Sasha_v06/Sasha_v06_012.png,2160,3840,3.232,209.623,147.478,40.276,0.003,0.0,105.0,3913154,37.1,36.65,1166,ok,,Sasha_v06,Sasha_v06/Sasha_v06_012.png,Sasha_v06_012.png,work/frames_raw/Sasha_v06/Sasha_v06_012.png,2160,3840,8294400,0.5625,3.232,209.623,147.478,PASS
13,2,2.0,2.0,83.33,77.78,5,STEP2_TECHNICAL_METRICS,Sasha_v06/Sasha_v06_013.png,2160,3840,3.165,207.879,148.624,38.643,0.0,0.005,97.0,3951780,35.66,36.18,1187,ok,,Sasha_v06,Sasha_v06/Sasha_v06_013.png,Sasha_v06_013.png,work/frames_raw/Sasha_v06/Sasha_v06_013.png,2160,3840,8294400,0.5625,3.165,207.879,148.624,PASS
14,2,2.0,2.0,100.0,100.0,1,STEP2_TECHNICAL_METRICS,Sasha_v06/Sasha_v06_014.png,2160,3840,3.74,277.569,147.668,42.437,0.005,0.01,105.0,4186608,45.88,45.71,1012,ok,,Sasha_v06,Sasha_v06/Sasha_v06_014.png,Sasha_v06_014.png,work/frames_raw/Sasha_v06/Sasha_v06_014.png,2160,3840,8294400,0.5625,3.74,277.569,147.668,PASS
15,2,2.0,2.0,94.44,94.44,2,STEP2_TECHNICAL_METRICS,Sasha_v06/Sasha_v06_015.png,2160,3840,3.581,257.966,137.45,39.334,0.013,0.003,95.0,4459281,42.47,42.69,1068,ok,,Sasha_v06,Sasha_v06/Sasha_v06_015.png,Sasha_v06_015.png,work/frames_raw/Sasha_v06/Sasha_v06_015.png,2160,3840,8294400,0.5625,3.581,257.966,137.45,PASS
16,2,2.0,2.0,33.33,44.44,12,STEP2_TECHNICAL_METRICS,Sasha_v06/Sasha_v06_016.png,2160,3840,2.467,134.436,150.164,36.612,0.003,0.002,89.0,3446889,22.1,19.23,1500,ok,,Sasha_v06,Sasha_v06/Sasha_v06_016.png,Sasha_v06_016.png,work/frames_raw/Sasha_v06/Sasha_v06_016.png,2160,3840,8294400,0.5625,2.467,134.436,150.164,PASS
17,2,2.0,2.0,0.0,16.67,17,STEP2_TECHNICAL_METRICS,Sasha_v06/Sasha_v06_017.png,2160,3840,1.847,109.335,110.522,45.871,0.091,0.007,126.0,2422654,8.48,14.19,1682,ok,,Sasha_v06,Sasha_v06/Sasha_v06_017.png,Sasha_v06_017.png,work/frames_raw/Sasha_v06/Sasha_v06_017.png,2160,3840,8294400,0.5625,1.847,109.335,110.522,PASS
18,2,2.0,2.0,50.0,61.11,9,STEP2_TECHNICAL_METRICS,Sasha_v06/Sasha_v06_018.png,2160,3840,2.477,152.519,126.959,49.113,0.09,0.001,140.0,3454699,22.4,22.62,1458,ok,,Sasha_v06,Sasha_v06/Sasha_v06_018.png,Sasha_v06_018.png,work/frames_raw/Sasha_v06/Sasha_v06_018.png,2160,3840,8294400,0.5625,2.477,152.519,126.959,PASS
19,2,2.0,2.0,5.56,5.56,18,STEP2_TECHNICAL_METRICS,Sasha_v06/Sasha_v06_019.png,2160,3840,1.951,74.674,145.573,44.242,0.006,0.0,118.0,2855440,10.39,7.31,1750,ok,,Sasha_v06,Sasha_v06/Sasha_v06_019.png,Sasha_v06_019.png,work/frames_raw/Sasha_v06/Sasha_v06_019.png,2160,3840,8294400,0.5625,1.951,74.674,145.573,PASS
1,2,2.0,2.0,100.0,100.0,1,STEP2_TECHNICAL_METRICS,Sasha_v07/Sasha_v07_001.png,2160,3840,5.917,649.101,138.832,45.024,0.021,0.016,119.0,3586483,71.68,75.85,463,ok,,Sasha_v07,Sasha_v07/Sasha_v07_001.png,Sasha_v07_001.png,work/frames_raw/Sasha_v07/Sasha_v07_001.png,2160,3840,8294400,0.5625,5.917,649.101,138.832,PASS
2,2,2.0,2.0,28.57,66.67,11,STEP2_TECHNICAL_METRICS,Sasha_v07/Sasha_v07_002.png,2160,3840,3.633,324.922,144.184,44.034,0.037,0.012,105.0,2996545,43.31,51.96,979,ok,,Sasha_v07,Sasha_v07/Sasha_v07_002.png,Sasha_v07_002.png,work/frames_raw/Sasha_v07/Sasha_v07_002.png,2160,3840,8294400,0.5625,3.633,324.922,144.184,PASS
3,2,2.0,2.0,66.67,42.86,9,STEP2_TECHNICAL_METRICS,Sasha_v07/Sasha_v07_003.png,2160,3840,4.273,305.007,163.028,57.842,0.033,0.069,160.0,3803963,55.2,49.1,893,ok,,Sasha_v07,Sasha_v07/Sasha_v07_003.png,Sasha_v07_003.png,work/frames_raw/Sasha_v07/Sasha_v07_003.png,2160,3840,8294400,0.5625,4.273,305.007,163.028,PASS
4,2,2.0,2.0,42.86,4.76,17,STEP2_TECHNICAL_METRICS,Sasha_v07/Sasha_v07_004.png,2160,3840,3.7,239.764,170.961,57.809,0.031,0.151,157.0,3786777,44.74,40.47,1067,ok,,Sasha_v07,Sasha_v07/Sasha_v07_004.png,Sasha_v07_004.png,work/frames_raw/Sasha_v07/Sasha_v07_004.png,2160,3840,8294400,0.5625,3.7,239.764,170.961,PASS
5,2,2.0,2.0,23.81,61.9,14,STEP2_TECHNICAL_METRICS,Sasha_v07/Sasha_v07_005.png,2160,3840,3.626,320.856,170.639,54.556,0.014,0.089,144.0,3523291,43.19,51.54,986,ok,,Sasha_v07,Sasha_v07/Sasha_v07_005.png,Sasha_v07_005.png,work/frames_raw/Sasha_v07/Sasha_v07_005.png,2160,3840,8294400,0.5625,3.626,320.856,170.639,PASS
6,2,2.0,2.0,76.19,80.95,5,STEP2_TECHNICAL_METRICS,Sasha_v07/Sasha_v07_006.png,2160,3840,4.382,402.344,157.505,48.504,0.02,0.028,122.0,3920581,56.99,58.85,766,ok,,Sasha_v07,Sasha_v07/Sasha_v07_006.png,Sasha_v07_006.png,work/frames_raw/Sasha_v07/Sasha_v07_006.png,2160,3840,8294400,0.5625,4.382,402.344,157.505,PASS
7,2,2.0,2.0,85.71,95.24,2,STEP2_TECHNICAL_METRICS,Sasha_v07/Sasha_v07_007.png,2160,3840,4.57,441.517,155.461,50.033,0.025,0.021,130.0,3799602,59.98,62.24,692,ok,,Sasha_v07,Sasha_v07/Sasha_v07_007.png,Sasha_v07_007.png,work/frames_raw/Sasha_v07/Sasha_v07_007.png,2160,3840,8294400,0.5625,4.57,441.517,155.461,PASS
8,2,2.0,2.0,61.9,76.19,8,STEP2_TECHNICAL_METRICS,Sasha_v07/Sasha_v07_008.png,2160,3840,4.207,393.377,155.754,48.532,0.024,0.036,131.0,3654045,54.18,58.1,803,ok,,Sasha_v07,Sasha_v07/Sasha_v07_008.png,Sasha_v07_008.png,work/frames_raw/Sasha_v07/Sasha_v07_008.png,2160,3840,8294400,0.5625,4.207,393.377,155.754,PASS
9,2,2.0,2.0,71.43,71.43,6,STEP2_TECHNICAL_METRICS,Sasha_v07/Sasha_v07_009.png,2160,3840,4.278,343.685,153.679,50.585,0.03,0.009,141.0,3649387,55.32,53.92,830,ok,,Sasha_v07,Sasha_v07/Sasha_v07_009.png,Sasha_v07_009.png,work/frames_raw/Sasha_v07/Sasha_v07_009.png,2160,3840,8294400,0.5625,4.278,343.685,153.679,PASS
10,2,2.0,2.0,14.29,28.57,18,STEP2_TECHNICAL_METRICS,Sasha_v07/Sasha_v07_010.png,2160,3840,3.52,284.449,162.322,50.892,0.03,0.033,135.0,3612747,41.22,46.61,1038,ok,,Sasha_v07,Sasha_v07/Sasha_v07_010.png,Sasha_v07_010.png,work/frames_raw/Sasha_v07/Sasha_v07_010.png,2160,3840,8294400,0.5625,3.52,284.449,162.322,PASS
11,2,2.0,2.0,52.38,33.33,13,STEP2_TECHNICAL_METRICS,Sasha_v07/Sasha_v07_011.png,2160,3840,3.895,299.175,157.688,47.791,0.023,0.028,126.0,4104255,48.45,48.2,967,ok,,Sasha_v07,Sasha_v07/Sasha_v07_011.png,Sasha_v07_011.png,work/frames_raw/Sasha_v07/Sasha_v07_011.png,2160,3840,8294400,0.5625,3.895,299.175,157.688,PASS
12,2,2.0,2.0,9.52,14.29,20,STEP2_TECHNICAL_METRICS,Sasha_v07/Sasha_v07_012.png,2160,3840,3.26,244.769,150.856,52.585,0.035,0.008,149.0,3445307,37.57,40.94,1125,ok,,Sasha_v07,Sasha_v07/Sasha_v07_012.png,Sasha_v07_012.png,work/frames_raw/Sasha_v07/Sasha_v07_012.png,2160,3840,8294400,0.5625,3.26,244.769,150.856,PASS
13,2,2.0,2.0,47.62,52.38,10,STEP2_TECHNICAL_METRICS,Sasha_v07/Sasha_v07_013.png,2160,3840,3.885,313.999,162.753,53.549,0.03,0.035,142.0,3791974,48.27,50.48,951,ok,,Sasha_v07,Sasha_v07/Sasha_v07_013.png,Sasha_v07_013.png,work/frames_raw/Sasha_v07/Sasha_v07_013.png,2160,3840,8294400,0.5625,3.885,313.999,162.753,PASS
14,2,2.0,2.0,90.48,85.71,3,STEP2_TECHNICAL_METRICS,Sasha_v07/Sasha_v07_014.png,2160,3840,4.576,412.705,155.406,50.831,0.02,0.034,135.0,4114449,60.1,59.8,715,ok,,Sasha_v07,Sasha_v07/Sasha_v07_014.png,Sasha_v07_014.png,work/frames_raw/Sasha_v07/Sasha_v07_014.png,2160,3840,8294400,0.5625,4.576,412.705,155.406,PASS
15,2,2.0,2.0,80.95,90.48,4,STEP2_TECHNICAL_METRICS,Sasha_v07/Sasha_v07_015.png,2160,3840,4.449,419.266,154.635,50.896,0.024,0.017,136.0,3784644,58.12,60.7,728,ok,,Sasha_v07,Sasha_v07/Sasha_v07_015.png,Sasha_v07_015.png,work/frames_raw/Sasha_v07/Sasha_v07_015.png,2160,3840,8294400,0.5625,4.449,419.266,154.635,PASS
16,2,2.0,2.0,0.0,0.0,22,STEP2_TECHNICAL_METRICS,Sasha_v07/Sasha_v07_016.png,2160,3840,2.888,202.473,151.113,55.389,0.043,0.004,150.0,3097821,31.3,34.9,1254,ok,,Sasha_v07,Sasha_v07/Sasha_v07_016.png,Sasha_v07_016.png,work/frames_raw/Sasha_v07/Sasha_v07_016.png,2160,3840,8294400,0.5625,2.888,202.473,151.113,PASS
17,2,2.0,2.0,57.14,19.05,16,STEP2_TECHNICAL_METRICS,Sasha_v07/Sasha_v07_017.png,2160,3840,3.97,256.293,159.136,51.045,0.029,0.029,148.0,4154127,49.88,42.43,1006,ok,,Sasha_v07,Sasha_v07/Sasha_v07_017.png,Sasha_v07_017.png,work/frames_raw/Sasha_v07/Sasha_v07_017.png,2160,3840,8294400,0.5625,3.97,256.293,159.136,PASS
18,2,2.0,2.0,38.1,38.1,15,STEP2_TECHNICAL_METRICS,Sasha_v07/Sasha_v07_018.png,2160,3840,3.652,299.631,167.424,50.753,0.023,0.047,131.0,3788603,43.85,48.31,1007,ok,,Sasha_v07,Sasha_v07/Sasha_v07_018.png,Sasha_v07_018.png,work/frames_raw/Sasha_v07/Sasha_v07_018.png,2160,3840,8294400,0.5625,3.652,299.631,167.424,PASS
19,2,2.0,2.0,33.33,57.14,12,STEP2_TECHNICAL_METRICS,Sasha_v07/Sasha_v07_019.png,2160,3840,3.645,320.703,161.817,50.166,0.024,0.031,129.0,3451721,43.67,51.48,980,ok,,Sasha_v07,Sasha_v07/Sasha_v07_019.png,Sasha_v07_019.png,work/frames_raw/Sasha_v07/Sasha_v07_019.png,2160,3840,8294400,0.5625,3.645,320.703,161.817,PASS
20,2,2.0,2.0,4.76,9.52,21,STEP2_TECHNICAL_METRICS,Sasha_v07/Sasha_v07_020.png,2160,3840,3.204,241.999,150.629,47.522,0.033,0.018,125.0,3229680,36.38,40.68,1139,ok,,Sasha_v07,Sasha_v07/Sasha_v07_020.png,Sasha_v07_020.png,work/frames_raw/Sasha_v07/Sasha_v07_020.png,2160,3840,8294400,0.5625,3.204,241.999,150.629,PASS
21,2,2.0,2.0,95.24,47.62,7,STEP2_TECHNICAL_METRICS,Sasha_v07/Sasha_v07_021.png,2160,3840,4.694,308.817,164.941,54.526,0.017,0.046,148.0,4430253,61.17,49.68,816,ok,,Sasha_v07,Sasha_v07/Sasha_v07_021.png,Sasha_v07_021.png,work/frames_raw/Sasha_v07/Sasha_v07_021.png,2160,3840,8294400,0.5625,4.694,308.817,164.941,PASS
22,2,2.0,2.0,19.05,23.81,19,STEP2_TECHNICAL_METRICS,Sasha_v07/Sasha_v07_022.png,2160,3840,3.56,259.01,165.313,57.084,0.014,0.065,155.0,3764359,42.17,42.9,1071,ok,,Sasha_v07,Sasha_v07/Sasha_v07_022.png,Sasha_v07_022.png,work/frames_raw/Sasha_v07/Sasha_v07_022.png,2160,3840,8294400,0.5625,3.56,259.01,165.313,PASS
1,2,2.0,2.0,100.0,100.0,1,STEP2_TECHNICAL_METRICS,Sasha_v08/Sasha_v08_001.png,2160,3840,32.531,3447.867,121.833,65.068,0.141,0.003,179.0,10610015,96.71,96.93,57,ok,,Sasha_v08,Sasha_v08/Sasha_v08_001.png,Sasha_v08_001.png,work/frames_raw/Sasha_v08/Sasha_v08_001.png,2160,3840,8294400,0.5625,32.531,3447.867,121.833,PASS
2,2,2.0,2.0,94.74,94.74,2,STEP2_TECHNICAL_METRICS,Sasha_v08/Sasha_v08_002.png,2160,3840,21.413,1988.777,137.775,63.259,0.094,0.004,171.0,9244468,93.43,92.64,114,ok,,Sasha_v08,Sasha_v08/Sasha_v08_002.png,Sasha_v08_002.png,work/frames_raw/Sasha_v08/Sasha_v08_002.png,2160,3840,8294400,0.5625,21.413,1988.777,137.775,PASS
3,2,2.0,2.0,73.68,68.42,6,STEP2_TECHNICAL_METRICS,Sasha_v08/Sasha_v08_003.png,2160,3840,17.019,1763.457,133.073,59.577,0.089,0.001,164.0,8479448,90.74,90.15,176,ok,,Sasha_v08,Sasha_v08/Sasha_v08_003.png,Sasha_v08_003.png,work/frames_raw/Sasha_v08/Sasha_v08_003.png,2160,3840,8294400,0.5625,17.019,1763.457,133.073,PASS
4,2,2.0,2.0,57.89,63.16,9,STEP2_TECHNICAL_METRICS,Sasha_v08/Sasha_v08_004.png,2160,3840,16.072,1693.497,125.06,61.045,0.133,0.001,172.0,8242791,89.67,89.46,196,ok,,Sasha_v08,Sasha_v08/Sasha_v08_004.png,Sasha_v08_004.png,work/frames_raw/Sasha_v08/Sasha_v08_004.png,2160,3840,8294400,0.5625,16.072,1693.497,125.06,PASS
5,2,2.0,2.0,5.26,15.79,18,STEP2_TECHNICAL_METRICS,Sasha_v08/Sasha_v08_005.png,2160,3840,12.07,1265.728,125.333,63.174,0.131,0.004,174.0,6996003,84.35,86.44,251,ok,,Sasha_v08,Sasha_v08/Sasha_v08_005.png,Sasha_v08_005.png,work/frames_raw/Sasha_v08/Sasha_v08_005.png,2160,3840,8294400,0.5625,12.07,1265.728,125.333,PASS
6,2,2.0,2.0,36.84,26.32,13,STEP2_TECHNICAL_METRICS,Sasha_v08/Sasha_v08_006.png,2160,3840,13.855,1354.551,129.849,60.726,0.125,0.004,174.0,7163372,86.2,87.34,232,ok,,Sasha_v08,Sasha_v08/Sasha_v08_006.png,Sasha_v08_006.png,work/frames_raw/Sasha_v08/Sasha_v08_006.png,2160,3840,8294400,0.5625,13.855,1354.551,129.849,PASS
7,2,2.0,2.0,0.0,0.0,20,STEP2_TECHNICAL_METRICS,Sasha_v08/Sasha_v08_007.png,2160,3840,11.118,1161.968,131.274,59.089,0.096,0.003,160.0,6696756,83.87,85.12,260,ok,,Sasha_v08,Sasha_v08/Sasha_v08_007.png,Sasha_v08_007.png,work/frames_raw/Sasha_v08/Sasha_v08_007.png,2160,3840,8294400,0.5625,11.118,1161.968,131.274,PASS
8,2,2.0,2.0,31.58,21.05,16,STEP2_TECHNICAL_METRICS,Sasha_v08/Sasha_v08_008.png,2160,3840,13.72,1322.3,137.093,60.073,0.13,0.006,181.0,7385272,85.96,87.02,236,ok,,Sasha_v08,Sasha_v08/Sasha_v08_008.png,Sasha_v08_008.png,work/frames_raw/Sasha_v08/Sasha_v08_008.png,2160,3840,8294400,0.5625,13.72,1322.3,137.093,PASS
9,2,2.0,2.0,10.53,5.26,19,STEP2_TECHNICAL_METRICS,Sasha_v08/Sasha_v08_009.png,2160,3840,12.168,1198.425,138.349,56.46,0.09,0.004,153.0,6846423,84.59,85.75,253,ok,,Sasha_v08,Sasha_v08/Sasha_v08_009.png,Sasha_v08_009.png,work/frames_raw/Sasha_v08/Sasha_v08_009.png,2160,3840,8294400,0.5625,12.168,1198.425,138.349,PASS
10,2,2.0,2.0,84.21,84.21,4,STEP2_TECHNICAL_METRICS,Sasha_v08/Sasha_v08_010.png,2160,3840,17.382,1846.539,135.548,60.31,0.099,0.008,173.0,8509627,91.1,91.37,151,ok,,Sasha_v08,Sasha_v08/Sasha_v08_010.png,Sasha_v08_010.png,work/frames_raw/Sasha_v08/Sasha_v08_010.png,2160,3840,8294400,0.5625,17.382,1846.539,135.548,PASS
11,2,2.0,2.0,26.32,31.58,15,STEP2_TECHNICAL_METRICS,Sasha_v08/Sasha_v08_011.png,2160,3840,13.517,1438.786,147.349,59.465,0.077,0.01,165.0,8098093,85.6,87.76,234,ok,,Sasha_v08,Sasha_v08/Sasha_v08_011.png,Sasha_v08_011.png,work/frames_raw/Sasha_v08/Sasha_v08_011.png,2160,3840,8294400,0.5625,13.517,1438.786,147.349,PASS
12,2,2.0,2.0,68.42,57.89,8,STEP2_TECHNICAL_METRICS,Sasha_v08/Sasha_v08_012.png,2160,3840,16.315,1666.649,137.63,62.27,0.076,0.045,167.0,8419758,89.84,89.14,197,ok,,Sasha_v08,Sasha_v08/Sasha_v08_012.png,Sasha_v08_012.png,work/frames_raw/Sasha_v08/Sasha_v08_012.png,2160,3840,8294400,0.5625,16.315,1666.649,137.63,PASS
13,2,2.0,2.0,52.63,52.63,10,STEP2_TECHNICAL_METRICS,Sasha_v08/Sasha_v08_013.png,2160,3840,14.882,1623.949,138.152,61.629,0.088,0.025,169.0,8220704,87.99,88.88,214,ok,,Sasha_v08,Sasha_v08/Sasha_v08_013.png,Sasha_v08_013.png,work/frames_raw/Sasha_v08/Sasha_v08_013.png,2160,3840,8294400,0.5625,14.882,1623.949,138.152,PASS
14,2,2.0,2.0,89.47,89.47,3,STEP2_TECHNICAL_METRICS,Sasha_v08/Sasha_v08_014.png,2160,3840,18.323,1875.163,131.779,60.727,0.092,0.009,167.0,8139227,91.82,91.68,138,ok,,Sasha_v08,Sasha_v08/Sasha_v08_014.png,Sasha_v08_014.png,work/frames_raw/Sasha_v08/Sasha_v08_014.png,2160,3840,8294400,0.5625,18.323,1875.163,131.779,PASS
15,2,2.0,2.0,63.16,73.68,7,STEP2_TECHNICAL_METRICS,Sasha_v08/Sasha_v08_015.png,2160,3840,16.122,1791.385,139.668,62.434,0.083,0.02,170.0,9194904,89.73,90.68,182,ok,,Sasha_v08,Sasha_v08/Sasha_v08_015.png,Sasha_v08_015.png,work/frames_raw/Sasha_v08/Sasha_v08_015.png,2160,3840,8294400,0.5625,16.122,1791.385,139.668,PASS
16,2,2.0,2.0,78.95,78.95,5,STEP2_TECHNICAL_METRICS,Sasha_v08/Sasha_v08_016.png,2160,3840,17.366,1814.892,127.33,63.055,0.094,0.011,169.0,9322823,91.04,91.0,160,ok,,Sasha_v08,Sasha_v08/Sasha_v08_016.png,Sasha_v08_016.png,work/frames_raw/Sasha_v08/Sasha_v08_016.png,2160,3840,8294400,0.5625,17.366,1814.892,127.33,PASS
17,2,2.0,2.0,47.37,47.37,11,STEP2_TECHNICAL_METRICS,Sasha_v08/Sasha_v08_017.png,2160,3840,14.716,1570.762,133.472,64.391,0.107,0.03,186.0,8432685,87.57,88.61,218,ok,,Sasha_v08,Sasha_v08/Sasha_v08_017.png,Sasha_v08_017.png,work/frames_raw/Sasha_v08/Sasha_v08_017.png,2160,3840,8294400,0.5625,14.716,1570.762,133.472,PASS
18,2,2.0,2.0,15.79,10.53,17,STEP2_TECHNICAL_METRICS,Sasha_v08/Sasha_v08_018.png,2160,3840,12.562,1244.153,122.223,63.742,0.147,0.008,191.0,6943645,84.77,86.18,249,ok,,Sasha_v08,Sasha_v08/Sasha_v08_018.png,Sasha_v08_018.png,work/frames_raw/Sasha_v08/Sasha_v08_018.png,2160,3840,8294400,0.5625,12.562,1244.153,122.223,PASS
19,2,2.0,2.0,21.05,42.11,14,STEP2_TECHNICAL_METRICS,Sasha_v08/Sasha_v08_019.png,2160,3840,13.504,1449.455,132.885,66.973,0.149,0.013,195.0,8203077,85.54,87.92,233,ok,,Sasha_v08,Sasha_v08/Sasha_v08_019.png,Sasha_v08_019.png,work/frames_raw/Sasha_v08/Sasha_v08_019.png,2160,3840,8294400,0.5625,13.504,1449.455,132.885,PASS
20,2,2.0,2.0,42.11,36.84,12,STEP2_TECHNICAL_METRICS,Sasha_v08/Sasha_v08_020.png,2160,3840,14.224,1439.51,141.059,68.536,0.128,0.035,194.0,8217283,86.86,87.82,225,ok,,Sasha_v08,Sasha_v08/Sasha_v08_020.png,Sasha_v08_020.png,work/frames_raw/Sasha_v08/Sasha_v08_020.png,2160,3840,8294400,0.5625,14.224,1439.51,141.059,PASS
1,2,2.0,2.0,46.43,24.14,21,STEP2_TECHNICAL_METRICS,Sasha_v09/Sasha_v09_001.png,2160,3840,4.532,493.275,132.435,58.138,0.054,0.007,155.0,5301599,59.56,65.62,668,ok,,Sasha_v09,Sasha_v09/Sasha_v09_001.png,Sasha_v09_001.png,work/frames_raw/Sasha_v09/Sasha_v09_001.png,2160,3840,8294400,0.5625,4.532,493.275,132.435,PASS
2,2,2.0,2.0,17.86,10.34,26,STEP2_TECHNICAL_METRICS,Sasha_v09/Sasha_v09_002.png,2160,3840,4.254,431.445,131.999,59.169,0.06,0.007,160.0,5603620,54.9,61.76,757,ok,,Sasha_v09,Sasha_v09/Sasha_v09_002.png,Sasha_v09_002.png,work/frames_raw/Sasha_v09/Sasha_v09_002.png,2160,3840,8294400,0.5625,4.254,431.445,131.999,PASS
3,2,2.0,2.0,42.86,34.48,18,STEP2_TECHNICAL_METRICS,Sasha_v09/Sasha_v09_003.png,2160,3840,4.498,498.834,139.833,61.339,0.059,0.009,167.0,5435974,59.02,66.05,670,ok,,Sasha_v09,Sasha_v09/Sasha_v09_003.png,Sasha_v09_003.png,work/frames_raw/Sasha_v09/Sasha_v09_003.png,2160,3840,8294400,0.5625,4.498,498.834,139.833,PASS
4,2,2.0,2.0,28.57,41.38,22,STEP2_TECHNICAL_METRICS,Sasha_v09/Sasha_v09_004.png,2160,3840,4.405,510.889,139.996,65.628,0.067,0.018,174.0,5495373,57.35,66.9,676,ok,,Sasha_v09,Sasha_v09/Sasha_v09_004.png,Sasha_v09_004.png,work/frames_raw/Sasha_v09/Sasha_v09_004.png,2160,3840,8294400,0.5625,4.405,510.889,139.996,PASS
5,2,2.0,2.0,85.71,65.52,7,STEP2_TECHNICAL_METRICS,Sasha_v09/Sasha_v09_005.png,2160,3840,5.012,555.362,135.534,61.813,0.059,0.01,166.0,5618159,64.7,69.65,584,ok,,Sasha_v09,Sasha_v09/Sasha_v09_005.png,Sasha_v09_005.png,work/frames_raw/Sasha_v09/Sasha_v09_005.png,2160,3840,8294400,0.5625,5.012,555.362,135.534,PASS
6,2,2.0,2.0,21.43,17.24,24,STEP2_TECHNICAL_METRICS,Sasha_v09/Sasha_v09_006.png,2160,3840,4.268,456.525,130.2,63.215,0.096,0.01,173.0,5325550,55.08,63.24,733,ok,,Sasha_v09,Sasha_v09/Sasha_v09_006.png,Sasha_v09_006.png,work/frames_raw/Sasha_v09/Sasha_v09_006.png,2160,3840,8294400,0.5625,4.268,456.525,130.2,PASS
7,2,2.0,2.0,89.29,89.66,4,STEP2_TECHNICAL_METRICS,Sasha_v09/Sasha_v09_007.png,2160,3840,5.095,588.835,135.463,57.512,0.042,0.006,157.0,5805910,65.59,71.56,560,ok,,Sasha_v09,Sasha_v09/Sasha_v09_007.png,Sasha_v09_007.png,work/frames_raw/Sasha_v09/Sasha_v09_007.png,2160,3840,8294400,0.5625,5.095,588.835,135.463,PASS
8,2,2.0,2.0,57.14,62.07,12,STEP2_TECHNICAL_METRICS,Sasha_v09/Sasha_v09_008.png,2160,3840,4.634,541.509,136.683,58.04,0.039,0.007,158.0,5656522,60.45,68.96,615,ok,,Sasha_v09,Sasha_v09/Sasha_v09_008.png,Sasha_v09_008.png,work/frames_raw/Sasha_v09/Sasha_v09_008.png,2160,3840,8294400,0.5625,4.634,541.509,136.683,PASS
9,2,2.0,2.0,92.86,93.1,3,STEP2_TECHNICAL_METRICS,Sasha_v09/Sasha_v09_009.png,2160,3840,5.173,615.275,135.138,59.363,0.058,0.005,164.0,5585728,66.31,74.1,534,ok,,Sasha_v09,Sasha_v09/Sasha_v09_009.png,Sasha_v09_009.png,work/frames_raw/Sasha_v09/Sasha_v09_009.png,2160,3840,8294400,0.5625,5.173,615.275,135.138,PASS
10,2,2.0,2.0,39.29,51.72,16,STEP2_TECHNICAL_METRICS,Sasha_v09/Sasha_v09_010.png,2160,3840,4.491,525.023,141.688,57.763,0.027,0.006,164.0,5217458,58.9,68.06,650,ok,,Sasha_v09,Sasha_v09/Sasha_v09_010.png,Sasha_v09_010.png,work/frames_raw/Sasha_v09/Sasha_v09_010.png,2160,3840,8294400,0.5625,4.491,525.023,141.688,PASS
11,2,2.0,2.0,82.14,75.86,5,STEP2_TECHNICAL_METRICS,Sasha_v09/Sasha_v09_011.png,2160,3840,4.918,566.235,142.956,59.711,0.03,0.011,168.0,5448291,63.5,70.13,585,ok,,Sasha_v09,Sasha_v09/Sasha_v09_011.png,Sasha_v09_011.png,work/frames_raw/Sasha_v09/Sasha_v09_011.png,2160,3840,8294400,0.5625,4.918,566.235,142.956,PASS
12,2,2.0,2.0,25.0,31.03,23,STEP2_TECHNICAL_METRICS,Sasha_v09/Sasha_v09_012.png,2160,3840,4.337,497.715,143.922,58.442,0.034,0.01,160.0,5151652,56.57,66.0,689,ok,,Sasha_v09,Sasha_v09/Sasha_v09_012.png,Sasha_v09_012.png,work/frames_raw/Sasha_v09/Sasha_v09_012.png,2160,3840,8294400,0.5625,4.337,497.715,143.922,PASS
13,2,2.0,2.0,100.0,96.55,1,STEP2_TECHNICAL_METRICS,Sasha_v09/Sasha_v09_013.png,2160,3840,5.363,637.794,140.605,56.843,0.031,0.005,156.0,5891269,67.98,75.32,508,ok,,Sasha_v09,Sasha_v09/Sasha_v09_013.png,Sasha_v09_013.png,work/frames_raw/Sasha_v09/Sasha_v09_013.png,2160,3840,8294400,0.5625,5.363,637.794,140.605,PASS
14,2,2.0,2.0,10.71,20.69,25,STEP2_TECHNICAL_METRICS,Sasha_v09/Sasha_v09_014.png,2160,3840,4.022,479.25,140.384,58.469,0.035,0.008,162.0,4852432,50.54,64.62,772,ok,,Sasha_v09,Sasha_v09/Sasha_v09_014.png,Sasha_v09_014.png,work/frames_raw/Sasha_v09/Sasha_v09_014.png,2160,3840,8294400,0.5625,4.022,479.25,140.384,PASS
15,2,2.0,2.0,14.29,13.79,27,STEP2_TECHNICAL_METRICS,Sasha_v09/Sasha_v09_015.png,2160,3840,4.221,450.383,142.833,57.127,0.029,0.009,156.0,4964126,54.48,62.71,750,ok,,Sasha_v09,Sasha_v09/Sasha_v09_015.png,Sasha_v09_015.png,work/frames_raw/Sasha_v09/Sasha_v09_015.png,2160,3840,8294400,0.5625,4.221,450.383,142.833,PASS
16,2,2.0,2.0,53.57,58.62,13,STEP2_TECHNICAL_METRICS,Sasha_v09/Sasha_v09_016.png,2160,3840,4.631,536.722,146.165,59.504,0.04,0.015,161.0,5085015,60.39,68.75,623,ok,,Sasha_v09,Sasha_v09/Sasha_v09_016.png,Sasha_v09_016.png,work/frames_raw/Sasha_v09/Sasha_v09_016.png,2160,3840,8294400,0.5625,4.631,536.722,146.165,PASS
17,2,2.0,2.0,75.0,68.97,10,STEP2_TECHNICAL_METRICS,Sasha_v09/Sasha_v09_017.png,2160,3840,4.871,556.184,136.361,60.832,0.048,0.008,165.0,5433004,62.84,69.76,595,ok,,Sasha_v09,Sasha_v09/Sasha_v09_017.png,Sasha_v09_017.png,work/frames_raw/Sasha_v09/Sasha_v09_017.png,2160,3840,8294400,0.5625,4.871,556.184,136.361,PASS
18,2,2.0,2.0,32.14,55.17,17,STEP2_TECHNICAL_METRICS,Sasha_v09/Sasha_v09_018.png,2160,3840,4.469,530.142,137.743,61.26,0.045,0.009,164.0,5227758,58.48,68.33,651,ok,,Sasha_v09,Sasha_v09/Sasha_v09_018.png,Sasha_v09_018.png,work/frames_raw/Sasha_v09/Sasha_v09_018.png,2160,3840,8294400,0.5625,4.469,530.142,137.743,PASS
19,2,2.0,2.0,71.43,72.41,11,STEP2_TECHNICAL_METRICS,Sasha_v09/Sasha_v09_019.png,2160,3840,4.829,557.028,140.486,57.745,0.031,0.012,162.0,5482162,62.43,69.92,598,ok,,Sasha_v09,Sasha_v09/Sasha_v09_019.png,Sasha_v09_019.png,work/frames_raw/Sasha_v09/Sasha_v09_019.png,2160,3840,8294400,0.5625,4.829,557.028,140.486,PASS
20,2,2.0,2.0,64.29,86.21,9,STEP2_TECHNICAL_METRICS,Sasha_v09/Sasha_v09_020.png,2160,3840,4.744,583.805,148.726,60.032,0.027,0.023,166.0,5495632,61.71,71.19,592,ok,,Sasha_v09,Sasha_v09/Sasha_v09_020.png,Sasha_v09_020.png,work/frames_raw/Sasha_v09/Sasha_v09_020.png,2160,3840,8294400,0.5625,4.744,583.805,148.726,PASS
21,2,2.0,2.0,96.43,100.0,2,STEP2_TECHNICAL_METRICS,Sasha_v09/Sasha_v09_021.png,2160,3840,5.322,638.033,142.207,60.966,0.043,0.016,167.0,5703230,67.62,75.42,510,ok,,Sasha_v09,Sasha_v09/Sasha_v09_021.png,Sasha_v09_021.png,work/frames_raw/Sasha_v09/Sasha_v09_021.png,2160,3840,8294400,0.5625,5.322,638.033,142.207,PASS
22,2,2.0,2.0,67.86,82.76,8,STEP2_TECHNICAL_METRICS,Sasha_v09/Sasha_v09_022.png,2160,3840,4.782,573.979,138.786,59.942,0.051,0.011,166.0,5829141,62.13,70.66,593,ok,,Sasha_v09,Sasha_v09/Sasha_v09_022.png,Sasha_v09_022.png,work/frames_raw/Sasha_v09/Sasha_v09_022.png,2160,3840,8294400,0.5625,4.782,573.979,138.786,PASS
23,2,2.0,2.0,78.57,79.31,6,STEP2_TECHNICAL_METRICS,Sasha_v09/Sasha_v09_023.png,2160,3840,4.881,571.966,138.231,58.74,0.05,0.007,163.0,5792774,63.08,70.5,586,ok,,Sasha_v09,Sasha_v09/Sasha_v09_023.png,Sasha_v09_023.png,work/frames_raw/Sasha_v09/Sasha_v09_023.png,2160,3840,8294400,0.5625,4.881,571.966,138.231,PASS
24,2,2.0,2.0,50.0,48.28,15,STEP2_TECHNICAL_METRICS,Sasha_v09/Sasha_v09_024.png,2160,3840,4.59,516.528,147.198,58.6,0.026,0.008,159.0,5279470,60.22,67.43,641,ok,,Sasha_v09,Sasha_v09/Sasha_v09_024.png,Sasha_v09_024.png,work/frames_raw/Sasha_v09/Sasha_v09_024.png,2160,3840,8294400,0.5625,4.59,516.528,147.198,PASS
25,2,2.0,2.0,35.71,37.93,20,STEP2_TECHNICAL_METRICS,Sasha_v09/Sasha_v09_025.png,2160,3840,4.483,510.73,135.329,60.054,0.061,0.006,163.0,5438730,58.78,66.84,660,ok,,Sasha_v09,Sasha_v09/Sasha_v09_025.png,Sasha_v09_025.png,work/frames_raw/Sasha_v09/Sasha_v09_025.png,2160,3840,8294400,0.5625,4.483,510.73,135.329,PASS
26,2,2.0,2.0,60.71,44.83,14,STEP2_TECHNICAL_METRICS,Sasha_v09/Sasha_v09_026.png,2160,3840,4.678,512.669,139.074,61.746,0.061,0.017,169.0,5398054,60.93,67.21,633,ok,,Sasha_v09,Sasha_v09/Sasha_v09_026.png,Sasha_v09_026.png,work/frames_raw/Sasha_v09/Sasha_v09_026.png,2160,3840,8294400,0.5625,4.678,512.669,139.074,PASS
27,2,2.0,2.0,46.43,27.59,19,STEP2_TECHNICAL_METRICS,Sasha_v09/Sasha_v09_027.png,2160,3840,4.532,497.374,140.244,59.151,0.045,0.009,160.0,5599923,59.56,65.89,663,ok,,Sasha_v09,Sasha_v09/Sasha_v09_027.png,Sasha_v09_027.png,work/frames_raw/Sasha_v09/Sasha_v09_027.png,2160,3840,8294400,0.5625,4.532,497.374,140.244,PASS
28,2,2.0,2.0,3.57,6.9,29,STEP2_TECHNICAL_METRICS,Sasha_v09/Sasha_v09_028.png,2160,3840,3.88,405.229,139.533,61.426,0.059,0.015,167.0,4793596,48.09,59.06,853,ok,,Sasha_v09,Sasha_v09/Sasha_v09_028.png,Sasha_v09_028.png,work/frames_raw/Sasha_v09/Sasha_v09_028.png,2160,3840,8294400,0.5625,3.88,405.229,139.533,PASS
29,2,2.0,2.0,7.14,3.45,28,STEP2_TECHNICAL_METRICS,Sasha_v09/Sasha_v09_029.png,2160,3840,3.958,377.324,140.808,58.066,0.05,0.009,162.0,5136058,49.7,56.57,865,ok,,Sasha_v09,Sasha_v09/Sasha_v09_029.png,Sasha_v09_029.png,work/frames_raw/Sasha_v09/Sasha_v09_029.png,2160,3840,8294400,0.5625,3.958,377.324,140.808,PASS
30,2,2.0,2.0,0.0,0.0,30,STEP2_TECHNICAL_METRICS,Sasha_v09/Sasha_v09_030.png,2160,3840,3.448,365.404,130.998,60.592,0.075,0.007,165.0,4202824,40.2,55.72,972,ok,,Sasha_v09,Sasha_v09/Sasha_v09_030.png,Sasha_v09_030.png,work/frames_raw/Sasha_v09/Sasha_v09_030.png,2160,3840,8294400,0.5625,3.448,365.404,130.998,PASS
1,2,2.0,2.0,4.0,4.0,25,STEP2_TECHNICAL_METRICS,Sasha_v10/Sasha_v10_001.png,2160,3840,2.481,122.648,146.931,54.087,0.023,0.004,144.0,2939264,22.52,16.9,1528,ok,,Sasha_v10,Sasha_v10/Sasha_v10_001.png,Sasha_v10_001.png,work/frames_raw/Sasha_v10/Sasha_v10_001.png,2160,3840,8294400,0.5625,2.481,122.648,146.931,PASS
2,2,2.0,2.0,60.0,60.0,10,STEP2_TECHNICAL_METRICS,Sasha_v10/Sasha_v10_002.png,2160,3840,3.201,192.11,157.393,57.247,0.009,0.038,147.0,3398262,36.26,32.2,1230,ok,,Sasha_v10,Sasha_v10/Sasha_v10_002.png,Sasha_v10_002.png,work/frames_raw/Sasha_v10/Sasha_v10_002.png,2160,3840,8294400,0.5625,3.201,192.11,157.393,PASS
3,2,2.0,2.0,52.0,68.0,11,STEP2_TECHNICAL_METRICS,Sasha_v10/Sasha_v10_003.png,2160,3840,3.072,208.071,171.978,62.79,0.025,0.225,167.0,3240944,34.47,36.23,1206,ok,,Sasha_v10,Sasha_v10/Sasha_v10_003.png,Sasha_v10_003.png,work/frames_raw/Sasha_v10/Sasha_v10_003.png,2160,3840,8294400,0.5625,3.072,208.071,171.978,PASS
4,2,2.0,2.0,8.0,16.0,24,STEP2_TECHNICAL_METRICS,Sasha_v10/Sasha_v10_004.png,2160,3840,2.576,134.941,162.54,57.246,0.01,0.078,152.0,2957477,24.49,19.39,1468,ok,,Sasha_v10,Sasha_v10/Sasha_v10_004.png,Sasha_v10_004.png,work/frames_raw/Sasha_v10/Sasha_v10_004.png,2160,3840,8294400,0.5625,2.576,134.941,162.54,PASS
5,2,2.0,2.0,36.0,36.0,16,STEP2_TECHNICAL_METRICS,Sasha_v10/Sasha_v10_005.png,2160,3840,2.833,162.697,161.557,58.403,0.013,0.09,156.0,3119770,30.05,25.21,1366,ok,,Sasha_v10,Sasha_v10/Sasha_v10_005.png,Sasha_v10_005.png,work/frames_raw/Sasha_v10/Sasha_v10_005.png,2160,3840,8294400,0.5625,2.833,162.697,161.557,PASS
6,2,2.0,2.0,44.0,48.0,14,STEP2_TECHNICAL_METRICS,Sasha_v10/Sasha_v10_006.png,2160,3840,2.984,173.569,147.994,56.145,0.015,0.014,148.0,3490502,32.97,27.33,1320,ok,,Sasha_v10,Sasha_v10/Sasha_v10_006.png,Sasha_v10_006.png,work/frames_raw/Sasha_v10/Sasha_v10_006.png,2160,3840,8294400,0.5625,2.984,173.569,147.994,PASS
7,2,2.0,2.0,68.0,52.0,12,STEP2_TECHNICAL_METRICS,Sasha_v10/Sasha_v10_007.png,2160,3840,3.29,179.549,150.524,54.15,0.004,0.018,141.0,3939861,37.99,28.97,1242,ok,,Sasha_v10,Sasha_v10/Sasha_v10_007.png,Sasha_v10_007.png,work/frames_raw/Sasha_v10/Sasha_v10_007.png,2160,3840,8294400,0.5625,3.29,179.549,150.524,PASS
8,2,2.0,2.0,76.0,64.0,9,STEP2_TECHNICAL_METRICS,Sasha_v10/Sasha_v10_008.png,2160,3840,3.387,199.387,160.459,57.161,0.006,0.026,153.0,4058652,38.95,34.16,1175,ok,,Sasha_v10,Sasha_v10/Sasha_v10_008.png,Sasha_v10_008.png,work/frames_raw/Sasha_v10/Sasha_v10_008.png,2160,3840,8294400,0.5625,3.387,199.387,160.459,PASS
9,2,2.0,2.0,16.0,20.0,21,STEP2_TECHNICAL_METRICS,Sasha_v10/Sasha_v10_009.png,2160,3840,2.72,141.572,148.831,59.544,0.026,0.058,154.0,3241300,27.24,20.5,1429,ok,,Sasha_v10,Sasha_v10/Sasha_v10_009.png,Sasha_v10_009.png,work/frames_raw/Sasha_v10/Sasha_v10_009.png,2160,3840,8294400,0.5625,2.72,141.572,148.831,PASS
10,2,2.0,2.0,64.0,80.0,8,STEP2_TECHNICAL_METRICS,Sasha_v10/Sasha_v10_010.png,2160,3840,3.229,235.945,161.044,59.846,0.01,0.149,161.0,3265061,36.98,39.94,1142,ok,,Sasha_v10,Sasha_v10/Sasha_v10_010.png,Sasha_v10_010.png,work/frames_raw/Sasha_v10/Sasha_v10_010.png,2160,3840,8294400,0.5625,3.229,235.945,161.044,PASS
11,2,2.0,2.0,72.0,76.0,7,STEP2_TECHNICAL_METRICS,Sasha_v10/Sasha_v10_011.png,2160,3840,3.329,226.737,158.723,53.874,0.004,0.048,139.0,3604957,38.35,38.67,1140,ok,,Sasha_v10,Sasha_v10/Sasha_v10_011.png,Sasha_v10_011.png,work/frames_raw/Sasha_v10/Sasha_v10_011.png,2160,3840,8294400,0.5625,3.329,226.737,158.723,PASS
12,2,2.0,2.0,20.0,28.0,20,STEP2_TECHNICAL_METRICS,Sasha_v10/Sasha_v10_012.png,2160,3840,2.778,154.655,149.25,59.295,0.012,0.029,149.0,3184075,28.55,23.2,1395,ok,,Sasha_v10,Sasha_v10/Sasha_v10_012.png,Sasha_v10_012.png,work/frames_raw/Sasha_v10/Sasha_v10_012.png,2160,3840,8294400,0.5625,2.778,154.655,149.25,PASS
13,2,2.0,2.0,56.0,44.0,13,STEP2_TECHNICAL_METRICS,Sasha_v10/Sasha_v10_013.png,2160,3840,3.15,164.25,155.728,62.003,0.013,0.113,169.0,3835236,35.54,25.58,1309,ok,,Sasha_v10,Sasha_v10/Sasha_v10_013.png,Sasha_v10_013.png,work/frames_raw/Sasha_v10/Sasha_v10_013.png,2160,3840,8294400,0.5625,3.15,164.25,155.728,PASS
14,2,2.0,2.0,12.0,24.0,22,STEP2_TECHNICAL_METRICS,Sasha_v10/Sasha_v10_014.png,2160,3840,2.609,145.521,163.46,59.762,0.017,0.143,162.0,3111805,24.91,21.24,1445,ok,,Sasha_v10,Sasha_v10/Sasha_v10_014.png,Sasha_v10_014.png,work/frames_raw/Sasha_v10/Sasha_v10_014.png,2160,3840,8294400,0.5625,2.609,145.521,163.46,PASS
15,2,2.0,2.0,92.0,92.0,3,STEP2_TECHNICAL_METRICS,Sasha_v10/Sasha_v10_015.png,2160,3840,4.285,350.753,159.137,57.712,0.015,0.055,148.0,3866357,55.38,54.71,823,ok,,Sasha_v10,Sasha_v10/Sasha_v10_015.png,Sasha_v10_015.png,work/frames_raw/Sasha_v10/Sasha_v10_015.png,2160,3840,8294400,0.5625,4.285,350.753,159.137,PASS
16,2,2.0,2.0,28.0,56.0,15,STEP2_TECHNICAL_METRICS,Sasha_v10/Sasha_v10_016.png,2160,3840,2.807,188.456,159.932,59.743,0.01,0.038,158.0,3033511,29.27,31.09,1318,ok,,Sasha_v10,Sasha_v10/Sasha_v10_016.png,Sasha_v10_016.png,work/frames_raw/Sasha_v10/Sasha_v10_016.png,2160,3840,8294400,0.5625,2.807,188.456,159.932,PASS
17,2,2.0,2.0,48.0,12.0,19,STEP2_TECHNICAL_METRICS,Sasha_v10/Sasha_v10_017.png,2160,3840,2.998,132.36,150.203,57.78,0.023,0.055,145.0,3660424,33.27,18.91,1390,ok,,Sasha_v10,Sasha_v10/Sasha_v10_017.png,Sasha_v10_017.png,work/frames_raw/Sasha_v10/Sasha_v10_017.png,2160,3840,8294400,0.5625,2.998,132.36,150.203,PASS
18,2,2.0,2.0,40.0,32.0,17,STEP2_TECHNICAL_METRICS,Sasha_v10/Sasha_v10_018.png,2160,3840,2.893,161.608,155.422,56.525,0.004,0.012,149.0,3364650,31.42,24.84,1356,ok,,Sasha_v10,Sasha_v10/Sasha_v10_018.png,Sasha_v10_018.png,work/frames_raw/Sasha_v10/Sasha_v10_018.png,2160,3840,8294400,0.5625,2.893,161.608,155.422,PASS
19,2,2.0,2.0,80.0,84.0,5,STEP2_TECHNICAL_METRICS,Sasha_v10/Sasha_v10_019.png,2160,3840,3.463,247.311,154.841,59.366,0.011,0.072,159.0,3569629,40.5,41.1,1099,ok,,Sasha_v10,Sasha_v10/Sasha_v10_019.png,Sasha_v10_019.png,work/frames_raw/Sasha_v10/Sasha_v10_019.png,2160,3840,8294400,0.5625,3.463,247.311,154.841,PASS
20,2,2.0,2.0,84.0,72.0,6,STEP2_TECHNICAL_METRICS,Sasha_v10/Sasha_v10_020.png,2160,3840,3.548,209.136,151.338,56.203,0.011,0.03,150.0,3976567,41.82,36.49,1128,ok,,Sasha_v10,Sasha_v10/Sasha_v10_020.png,Sasha_v10_020.png,work/frames_raw/Sasha_v10/Sasha_v10_020.png,2160,3840,8294400,0.5625,3.548,209.136,151.338,PASS
21,2,2.0,2.0,32.0,40.0,18,STEP2_TECHNICAL_METRICS,Sasha_v10/Sasha_v10_021.png,2160,3840,2.828,162.732,164.495,60.33,0.01,0.156,164.0,3377564,29.81,25.32,1367,ok,,Sasha_v10,Sasha_v10/Sasha_v10_021.png,Sasha_v10_021.png,work/frames_raw/Sasha_v10/Sasha_v10_021.png,2160,3840,8294400,0.5625,2.828,162.732,164.495,PASS
22,2,2.0,2.0,0.0,0.0,26,STEP2_TECHNICAL_METRICS,Sasha_v10/Sasha_v10_022.png,2160,3840,2.401,89.075,161.05,60.094,0.017,0.116,164.0,3056049,20.43,10.38,1597,ok,,Sasha_v10,Sasha_v10/Sasha_v10_022.png,Sasha_v10_022.png,work/frames_raw/Sasha_v10/Sasha_v10_022.png,2160,3840,8294400,0.5625,2.401,89.075,161.05,PASS
23,2,2.0,2.0,24.0,8.0,23,STEP2_TECHNICAL_METRICS,Sasha_v10/Sasha_v10_023.png,2160,3840,2.781,127.498,152.696,57.365,0.014,0.023,152.0,3229304,28.73,17.9,1442,ok,,Sasha_v10,Sasha_v10/Sasha_v10_023.png,Sasha_v10_023.png,work/frames_raw/Sasha_v10/Sasha_v10_023.png,2160,3840,8294400,0.5625,2.781,127.498,152.696,PASS
24,2,2.0,2.0,88.0,88.0,4,STEP2_TECHNICAL_METRICS,Sasha_v10/Sasha_v10_024.png,2160,3840,3.954,312.589,174.279,57.33,0.002,0.204,145.0,3348883,49.52,50.26,942,ok,,Sasha_v10,Sasha_v10/Sasha_v10_024.png,Sasha_v10_024.png,work/frames_raw/Sasha_v10/Sasha_v10_024.png,2160,3840,8294400,0.5625,3.954,312.589,174.279,PASS
25,2,2.0,2.0,100.0,100.0,1,STEP2_TECHNICAL_METRICS,Sasha_v10/Sasha_v10_025.png,2160,3840,4.427,398.38,167.132,55.089,0.002,0.115,143.0,3730451,57.83,58.47,760,ok,,Sasha_v10,Sasha_v10/Sasha_v10_025.png,Sasha_v10_025.png,work/frames_raw/Sasha_v10/Sasha_v10_025.png,2160,3840,8294400,0.5625,4.427,398.38,167.132,PASS
26,2,2.0,2.0,96.0,96.0,2,STEP2_TECHNICAL_METRICS,Sasha_v10/Sasha_v10_026.png,2160,3840,4.321,374.661,158.985,57.465,0.01,0.11,151.0,3636542,56.15,56.41,801,ok,,Sasha_v10,Sasha_v10/Sasha_v10_026.png,Sasha_v10_026.png,work/frames_raw/Sasha_v10/Sasha_v10_026.png,2160,3840,8294400,0.5625,4.321,374.661,158.985,PASS
1,2,2.0,2.0,100.0,96.3,1,STEP2_TECHNICAL_METRICS,Sasha_v11/Sasha_v11_001.png,2160,3840,23.204,2366.139,158.996,66.746,0.07,0.122,173.0,7511514,94.5,94.97,88,ok,,Sasha_v11,Sasha_v11/Sasha_v11_001.png,Sasha_v11_001.png,work/frames_raw/Sasha_v11/Sasha_v11_001.png,2160,3840,8294400,0.5625,23.204,2366.139,158.996,PASS
2,2,2.0,2.0,44.44,48.15,15,STEP2_TECHNICAL_METRICS,Sasha_v11/Sasha_v11_002.png,2160,3840,15.7,1840.725,144.107,58.063,0.049,0.052,160.0,7795529,89.19,91.26,181,ok,,Sasha_v11,Sasha_v11/Sasha_v11_002.png,Sasha_v11_002.png,work/frames_raw/Sasha_v11/Sasha_v11_002.png,2160,3840,8294400,0.5625,15.7,1840.725,144.107,PASS
3,2,2.0,2.0,48.15,37.04,16,STEP2_TECHNICAL_METRICS,Sasha_v11/Sasha_v11_003.png,2160,3840,15.859,1778.026,153.911,62.172,0.064,0.077,165.0,7787204,89.43,90.57,186,ok,,Sasha_v11,Sasha_v11/Sasha_v11_003.png,Sasha_v11_003.png,work/frames_raw/Sasha_v11/Sasha_v11_003.png,2160,3840,8294400,0.5625,15.859,1778.026,153.911,PASS
4,2,2.0,2.0,40.74,40.74,17,STEP2_TECHNICAL_METRICS,Sasha_v11/Sasha_v11_004.png,2160,3840,15.566,1811.997,147.548,65.006,0.083,0.078,178.0,8086318,88.89,90.94,190,ok,,Sasha_v11,Sasha_v11/Sasha_v11_004.png,Sasha_v11_004.png,work/frames_raw/Sasha_v11/Sasha_v11_004.png,2160,3840,8294400,0.5625,15.566,1811.997,147.548,PASS
5,2,2.0,2.0,51.85,51.85,14,STEP2_TECHNICAL_METRICS,Sasha_v11/Sasha_v11_005.png,2160,3840,16.378,1856.477,156.217,64.732,0.069,0.111,171.0,7938762,89.96,91.47,170,ok,,Sasha_v11,Sasha_v11/Sasha_v11_005.png,Sasha_v11_005.png,work/frames_raw/Sasha_v11/Sasha_v11_005.png,2160,3840,8294400,0.5625,16.378,1856.477,156.217,PASS
6,2,2.0,2.0,14.81,22.22,24,STEP2_TECHNICAL_METRICS,Sasha_v11/Sasha_v11_006.png,2160,3840,14.613,1726.455,154.25,61.238,0.05,0.076,163.0,8098891,87.34,89.83,210,ok,,Sasha_v11,Sasha_v11/Sasha_v11_006.png,Sasha_v11_006.png,work/frames_raw/Sasha_v11/Sasha_v11_006.png,2160,3840,8294400,0.5625,14.613,1726.455,154.25,PASS
7,2,2.0,2.0,59.26,55.56,13,STEP2_TECHNICAL_METRICS,Sasha_v11/Sasha_v11_007.png,2160,3840,16.684,1942.907,154.156,62.536,0.056,0.092,166.0,8214381,90.56,92.16,148,ok,,Sasha_v11,Sasha_v11/Sasha_v11_007.png,Sasha_v11_007.png,work/frames_raw/Sasha_v11/Sasha_v11_007.png,2160,3840,8294400,0.5625,16.684,1942.907,154.156,PASS
8,2,2.0,2.0,25.93,25.93,20,STEP2_TECHNICAL_METRICS,Sasha_v11/Sasha_v11_008.png,2160,3840,15.087,1767.724,152.181,66.279,0.074,0.108,177.0,7938124,88.17,90.2,204,ok,,Sasha_v11,Sasha_v11/Sasha_v11_008.png,Sasha_v11_008.png,work/frames_raw/Sasha_v11/Sasha_v11_008.png,2160,3840,8294400,0.5625,15.087,1767.724,152.181,PASS
9,2,2.0,2.0,33.33,11.11,22,STEP2_TECHNICAL_METRICS,Sasha_v11/Sasha_v11_009.png,2160,3840,15.218,1645.78,148.788,65.825,0.087,0.108,184.0,8424448,88.41,88.98,209,ok,,Sasha_v11,Sasha_v11/Sasha_v11_009.png,Sasha_v11_009.png,work/frames_raw/Sasha_v11/Sasha_v11_009.png,2160,3840,8294400,0.5625,15.218,1645.78,148.788,PASS
10,2,2.0,2.0,74.07,62.96,9,STEP2_TECHNICAL_METRICS,Sasha_v11/Sasha_v11_010.png,2160,3840,17.761,1948.81,149.009,65.067,0.082,0.09,177.0,8697694,91.46,92.37,136,ok,,Sasha_v11,Sasha_v11/Sasha_v11_010.png,Sasha_v11_010.png,work/frames_raw/Sasha_v11/Sasha_v11_010.png,2160,3840,8294400,0.5625,17.761,1948.81,149.009,PASS
11,2,2.0,2.0,77.78,74.07,8,STEP2_TECHNICAL_METRICS,Sasha_v11/Sasha_v11_011.png,2160,3840,17.952,2011.081,156.726,63.379,0.059,0.116,170.0,9176235,91.58,92.74,133,ok,,Sasha_v11,Sasha_v11/Sasha_v11_011.png,Sasha_v11_011.png,work/frames_raw/Sasha_v11/Sasha_v11_011.png,2160,3840,8294400,0.5625,17.952,2011.081,156.726,PASS
12,2,2.0,2.0,37.04,44.44,18,STEP2_TECHNICAL_METRICS,Sasha_v11/Sasha_v11_012.png,2160,3840,15.478,1819.5,146.469,64.548,0.071,0.087,175.0,7714477,88.65,91.05,191,ok,,Sasha_v11,Sasha_v11/Sasha_v11_012.png,Sasha_v11_012.png,work/frames_raw/Sasha_v11/Sasha_v11_012.png,2160,3840,8294400,0.5625,15.478,1819.5,146.469,PASS
13,2,2.0,2.0,7.41,14.81,25,STEP2_TECHNICAL_METRICS,Sasha_v11/Sasha_v11_013.png,2160,3840,14.198,1656.191,143.89,64.393,0.082,0.068,178.0,7837023,86.74,89.04,220,ok,,Sasha_v11,Sasha_v11/Sasha_v11_013.png,Sasha_v11_013.png,work/frames_raw/Sasha_v11/Sasha_v11_013.png,2160,3840,8294400,0.5625,14.198,1656.191,143.89,PASS
14,2,2.0,2.0,22.22,18.52,23,STEP2_TECHNICAL_METRICS,Sasha_v11/Sasha_v11_014.png,2160,3840,14.816,1673.542,144.844,65.673,0.085,0.103,186.0,7515383,87.87,89.3,211,ok,,Sasha_v11,Sasha_v11/Sasha_v11_014.png,Sasha_v11_014.png,work/frames_raw/Sasha_v11/Sasha_v11_014.png,2160,3840,8294400,0.5625,14.816,1673.542,144.844,PASS
15,2,2.0,2.0,3.7,0.0,27,STEP2_TECHNICAL_METRICS,Sasha_v11/Sasha_v11_015.png,2160,3840,13.636,1483.394,155.833,61.56,0.049,0.108,167.0,7741971,85.72,88.19,230,ok,,Sasha_v11,Sasha_v11/Sasha_v11_015.png,Sasha_v11_015.png,work/frames_raw/Sasha_v11/Sasha_v11_015.png,2160,3840,8294400,0.5625,13.636,1483.394,155.833,PASS
16,2,2.0,2.0,0.0,3.7,28,STEP2_TECHNICAL_METRICS,Sasha_v11/Sasha_v11_016.png,2160,3840,13.56,1600.013,155.795,66.632,0.083,0.108,182.0,8036634,85.66,88.77,227,ok,,Sasha_v11,Sasha_v11/Sasha_v11_016.png,Sasha_v11_016.png,work/frames_raw/Sasha_v11/Sasha_v11_016.png,2160,3840,8294400,0.5625,13.56,1600.013,155.795,PASS
17,2,2.0,2.0,11.11,7.41,26,STEP2_TECHNICAL_METRICS,Sasha_v11/Sasha_v11_017.png,2160,3840,14.297,1638.182,153.499,67.54,0.076,0.116,180.0,7715491,86.92,88.93,219,ok,,Sasha_v11,Sasha_v11/Sasha_v11_017.png,Sasha_v11_017.png,work/frames_raw/Sasha_v11/Sasha_v11_017.png,2160,3840,8294400,0.5625,14.297,1638.182,153.499,PASS
18,2,2.0,2.0,55.56,66.67,12,STEP2_TECHNICAL_METRICS,Sasha_v11/Sasha_v11_018.png,2160,3840,16.437,1948.835,158.816,65.428,0.071,0.142,171.0,8436345,90.02,92.43,152,ok,,Sasha_v11,Sasha_v11/Sasha_v11_018.png,Sasha_v11_018.png,work/frames_raw/Sasha_v11/Sasha_v11_018.png,2160,3840,8294400,0.5625,16.437,1948.835,158.816,PASS
19,2,2.0,2.0,92.59,92.59,3,STEP2_TECHNICAL_METRICS,Sasha_v11/Sasha_v11_019.png,2160,3840,19.684,2267.42,152.429,67.184,0.09,0.127,189.0,8851777,92.83,94.33,104,ok,,Sasha_v11,Sasha_v11/Sasha_v11_019.png,Sasha_v11_019.png,work/frames_raw/Sasha_v11/Sasha_v11_019.png,2160,3840,8294400,0.5625,19.684,2267.42,152.429,PASS
20,2,2.0,2.0,96.3,100.0,2,STEP2_TECHNICAL_METRICS,Sasha_v11/Sasha_v11_020.png,2160,3840,21.486,2556.839,151.331,66.59,0.079,0.115,178.0,10604689,93.61,95.6,90,ok,,Sasha_v11,Sasha_v11/Sasha_v11_020.png,Sasha_v11_020.png,work/frames_raw/Sasha_v11/Sasha_v11_020.png,2160,3840,8294400,0.5625,21.486,2556.839,151.331,PASS
21,2,2.0,2.0,70.37,81.48,7,STEP2_TECHNICAL_METRICS,Sasha_v11/Sasha_v11_021.png,2160,3840,17.46,2071.825,149.778,64.727,0.079,0.08,174.0,8677313,91.22,93.11,132,ok,,Sasha_v11,Sasha_v11/Sasha_v11_021.png,Sasha_v11_021.png,work/frames_raw/Sasha_v11/Sasha_v11_021.png,2160,3840,8294400,0.5625,17.46,2071.825,149.778,PASS
22,2,2.0,2.0,18.52,29.63,21,STEP2_TECHNICAL_METRICS,Sasha_v11/Sasha_v11_022.png,2160,3840,14.74,1774.452,152.508,65.445,0.069,0.118,177.0,6885094,87.63,90.36,207,ok,,Sasha_v11,Sasha_v11/Sasha_v11_022.png,Sasha_v11_022.png,work/frames_raw/Sasha_v11/Sasha_v11_022.png,2160,3840,8294400,0.5625,14.74,1774.452,152.508,PASS
23,2,2.0,2.0,81.48,77.78,6,STEP2_TECHNICAL_METRICS,Sasha_v11/Sasha_v11_023.png,2160,3840,18.078,2017.719,153.517,64.63,0.071,0.093,172.0,7205462,91.7,92.85,128,ok,,Sasha_v11,Sasha_v11/Sasha_v11_023.png,Sasha_v11_023.png,work/frames_raw/Sasha_v11/Sasha_v11_023.png,2160,3840,8294400,0.5625,18.078,2017.719,153.517,PASS
24,2,2.0,2.0,85.19,88.89,4,STEP2_TECHNICAL_METRICS,Sasha_v11/Sasha_v11_024.png,2160,3840,18.294,2214.814,142.697,67.717,0.115,0.073,200.0,7692286,91.76,94.23,116,ok,,Sasha_v11,Sasha_v11/Sasha_v11_024.png,Sasha_v11_024.png,work/frames_raw/Sasha_v11/Sasha_v11_024.png,2160,3840,8294400,0.5625,18.294,2214.814,142.697,PASS
25,2,2.0,2.0,29.63,33.33,19,STEP2_TECHNICAL_METRICS,Sasha_v11/Sasha_v11_025.png,2160,3840,15.11,1777.488,155.438,63.235,0.061,0.081,167.0,7407958,88.29,90.52,200,ok,,Sasha_v11,Sasha_v11/Sasha_v11_025.png,Sasha_v11_025.png,work/frames_raw/Sasha_v11/Sasha_v11_025.png,2160,3840,8294400,0.5625,15.11,1777.488,155.438,PASS
26,2,2.0,2.0,62.96,70.37,10,STEP2_TECHNICAL_METRICS,Sasha_v11/Sasha_v11_026.png,2160,3840,16.943,1991.418,150.707,64.381,0.082,0.074,176.0,7894174,90.68,92.69,139,ok,,Sasha_v11,Sasha_v11/Sasha_v11_026.png,Sasha_v11_026.png,work/frames_raw/Sasha_v11/Sasha_v11_026.png,2160,3840,8294400,0.5625,16.943,1991.418,150.707,PASS
27,2,2.0,2.0,66.67,59.26,11,STEP2_TECHNICAL_METRICS,Sasha_v11/Sasha_v11_027.png,2160,3840,17.046,1943.488,150.008,61.739,0.076,0.075,167.0,7770184,90.8,92.21,145,ok,,Sasha_v11,Sasha_v11/Sasha_v11_027.png,Sasha_v11_027.png,work/frames_raw/Sasha_v11/Sasha_v11_027.png,2160,3840,8294400,0.5625,17.046,1943.488,150.008,PASS
28,2,2.0,2.0,88.89,85.19,5,STEP2_TECHNICAL_METRICS,Sasha_v11/Sasha_v11_028.png,2160,3840,18.76,2211.814,147.713,69.547,0.115,0.086,201.0,7812431,92.29,94.17,111,ok,,Sasha_v11,Sasha_v11/Sasha_v11_028.png,Sasha_v11_028.png,work/frames_raw/Sasha_v11/Sasha_v11_028.png,2160,3840,8294400,0.5625,18.76,2211.814,147.713,PASS
1,2,2.0,2.0,78.26,65.22,8,STEP2_TECHNICAL_METRICS,Sasha_v12/Sasha_v12_001.png,2160,3840,12.928,939.837,139.423,57.647,0.085,0.006,150.0,4960960,85.13,82.26,276,ok,,Sasha_v12,Sasha_v12/Sasha_v12_001.png,Sasha_v12_001.png,work/frames_raw/Sasha_v12/Sasha_v12_001.png,2160,3840,8294400,0.5625,12.928,939.837,139.423,PASS
2,2,2.0,2.0,56.52,56.52,11,STEP2_TECHNICAL_METRICS,Sasha_v12/Sasha_v12_002.png,2160,3840,11.964,914.419,137.722,57.469,0.086,0.007,152.0,5967261,84.23,81.94,288,ok,,Sasha_v12,Sasha_v12/Sasha_v12_002.png,Sasha_v12_002.png,work/frames_raw/Sasha_v12/Sasha_v12_002.png,2160,3840,8294400,0.5625,11.964,914.419,137.722,PASS
3,2,2.0,2.0,91.3,95.65,2,STEP2_TECHNICAL_METRICS,Sasha_v12/Sasha_v12_003.png,2160,3840,14.476,1056.189,136.943,58.862,0.082,0.007,156.0,6226135,87.22,83.85,248,ok,,Sasha_v12,Sasha_v12/Sasha_v12_003.png,Sasha_v12_003.png,work/frames_raw/Sasha_v12/Sasha_v12_003.png,2160,3840,8294400,0.5625,14.476,1056.189,136.943,PASS
4,2,2.0,2.0,82.61,73.91,5,STEP2_TECHNICAL_METRICS,Sasha_v12/Sasha_v12_004.png,2160,3840,13.052,951.611,141.116,58.956,0.088,0.006,156.0,6151649,85.3,82.47,269,ok,,Sasha_v12,Sasha_v12/Sasha_v12_004.png,Sasha_v12_004.png,work/frames_raw/Sasha_v12/Sasha_v12_004.png,2160,3840,8294400,0.5625,13.052,951.611,141.116,PASS
5,2,2.0,2.0,86.96,86.96,4,STEP2_TECHNICAL_METRICS,Sasha_v12/Sasha_v12_005.png,2160,3840,13.709,976.437,140.774,57.925,0.085,0.006,156.0,5960167,85.9,82.89,263,ok,,Sasha_v12,Sasha_v12/Sasha_v12_005.png,Sasha_v12_005.png,work/frames_raw/Sasha_v12/Sasha_v12_005.png,2160,3840,8294400,0.5625,13.709,976.437,140.774,PASS
6,2,2.0,2.0,69.57,78.26,7,STEP2_TECHNICAL_METRICS,Sasha_v12/Sasha_v12_006.png,2160,3840,12.769,956.204,138.52,57.77,0.088,0.006,160.0,6311574,85.01,82.57,273,ok,,Sasha_v12,Sasha_v12/Sasha_v12_006.png,Sasha_v12_006.png,work/frames_raw/Sasha_v12/Sasha_v12_006.png,2160,3840,8294400,0.5625,12.769,956.204,138.52,PASS
7,2,2.0,2.0,95.65,91.3,3,STEP2_TECHNICAL_METRICS,Sasha_v12/Sasha_v12_007.png,2160,3840,14.833,1038.952,140.27,55.523,0.068,0.006,143.0,5870742,87.93,83.53,247,ok,,Sasha_v12,Sasha_v12/Sasha_v12_007.png,Sasha_v12_007.png,work/frames_raw/Sasha_v12/Sasha_v12_007.png,2160,3840,8294400,0.5625,14.833,1038.952,140.27,PASS
8,2,2.0,2.0,65.22,60.87,10,STEP2_TECHNICAL_METRICS,Sasha_v12/Sasha_v12_008.png,2160,3840,12.092,931.648,138.27,58.176,0.097,0.004,164.0,5969173,84.47,82.15,282,ok,,Sasha_v12,Sasha_v12/Sasha_v12_008.png,Sasha_v12_008.png,work/frames_raw/Sasha_v12/Sasha_v12_008.png,2160,3840,8294400,0.5625,12.092,931.648,138.27,PASS
9,2,2.0,2.0,73.91,82.61,6,STEP2_TECHNICAL_METRICS,Sasha_v12/Sasha_v12_009.png,2160,3840,12.772,968.926,135.107,57.789,0.098,0.004,161.0,5878607,85.07,82.84,268,ok,,Sasha_v12,Sasha_v12/Sasha_v12_009.png,Sasha_v12_009.png,work/frames_raw/Sasha_v12/Sasha_v12_009.png,2160,3840,8294400,0.5625,12.772,968.926,135.107,PASS
10,2,2.0,2.0,13.04,26.09,20,STEP2_TECHNICAL_METRICS,Sasha_v12/Sasha_v12_010.png,2160,3840,9.089,715.382,137.067,58.716,0.1,0.005,168.0,4897016,82.5,78.23,346,ok,,Sasha_v12,Sasha_v12/Sasha_v12_010.png,Sasha_v12_010.png,work/frames_raw/Sasha_v12/Sasha_v12_010.png,2160,3840,8294400,0.5625,9.089,715.382,137.067,PASS
11,2,2.0,2.0,4.35,4.35,23,STEP2_TECHNICAL_METRICS,Sasha_v12/Sasha_v12_011.png,2160,3840,8.024,592.919,140.624,58.124,0.095,0.005,158.0,4663909,80.82,71.93,408,ok,,Sasha_v12,Sasha_v12/Sasha_v12_011.png,Sasha_v12_011.png,work/frames_raw/Sasha_v12/Sasha_v12_011.png,2160,3840,8294400,0.5625,8.024,592.919,140.624,PASS
12,2,2.0,2.0,43.48,39.13,14,STEP2_TECHNICAL_METRICS,Sasha_v12/Sasha_v12_012.png,2160,3840,10.854,796.652,131.828,56.799,0.101,0.003,160.0,4859327,83.75,79.82,313,ok,,Sasha_v12,Sasha_v12/Sasha_v12_012.png,Sasha_v12_012.png,work/frames_raw/Sasha_v12/Sasha_v12_012.png,2160,3840,8294400,0.5625,10.854,796.652,131.828,PASS
13,2,2.0,2.0,21.74,21.74,19,STEP2_TECHNICAL_METRICS,Sasha_v12/Sasha_v12_013.png,2160,3840,9.324,711.646,137.712,53.979,0.074,0.003,138.0,4379932,82.68,78.12,345,ok,,Sasha_v12,Sasha_v12/Sasha_v12_013.png,Sasha_v12_013.png,work/frames_raw/Sasha_v12/Sasha_v12_013.png,2160,3840,8294400,0.5625,9.324,711.646,137.712,PASS
14,2,2.0,2.0,100.0,100.0,1,STEP2_TECHNICAL_METRICS,Sasha_v12/Sasha_v12_014.png,2160,3840,17.389,1237.31,138.865,57.745,0.084,0.007,160.0,6092711,91.16,85.96,212,ok,,Sasha_v12,Sasha_v12/Sasha_v12_014.png,Sasha_v12_014.png,work/frames_raw/Sasha_v12/Sasha_v12_014.png,2160,3840,8294400,0.5625,17.389,1237.31,138.865,PASS
15,2,2.0,2.0,30.43,17.39,18,STEP2_TECHNICAL_METRICS,Sasha_v12/Sasha_v12_015.png,2160,3840,9.825,707.573,130.857,60.376,0.103,0.003,166.0,4911540,83.03,78.02,338,ok,,Sasha_v12,Sasha_v12/Sasha_v12_015.png,Sasha_v12_015.png,work/frames_raw/Sasha_v12/Sasha_v12_015.png,2160,3840,8294400,0.5625,9.825,707.573,130.857,PASS
16,2,2.0,2.0,34.78,34.78,16,STEP2_TECHNICAL_METRICS,Sasha_v12/Sasha_v12_016.png,2160,3840,10.053,765.82,138.668,57.635,0.091,0.004,154.0,5417409,83.27,79.18,326,ok,,Sasha_v12,Sasha_v12/Sasha_v12_016.png,Sasha_v12_016.png,work/frames_raw/Sasha_v12/Sasha_v12_016.png,2160,3840,8294400,0.5625,10.053,765.82,138.668,PASS
17,2,2.0,2.0,8.7,8.7,22,STEP2_TECHNICAL_METRICS,Sasha_v12/Sasha_v12_017.png,2160,3840,8.962,643.3,142.914,55.264,0.068,0.005,138.0,5510143,82.26,75.69,373,ok,,Sasha_v12,Sasha_v12/Sasha_v12_017.png,Sasha_v12_017.png,work/frames_raw/Sasha_v12/Sasha_v12_017.png,2160,3840,8294400,0.5625,8.962,643.3,142.914,PASS
18,2,2.0,2.0,39.13,43.48,15,STEP2_TECHNICAL_METRICS,Sasha_v12/Sasha_v12_018.png,2160,3840,10.379,799.66,130.135,57.019,0.103,0.003,164.0,4838181,83.57,79.87,316,ok,,Sasha_v12,Sasha_v12/Sasha_v12_018.png,Sasha_v12_018.png,work/frames_raw/Sasha_v12/Sasha_v12_018.png,2160,3840,8294400,0.5625,10.379,799.66,130.135,PASS
19,2,2.0,2.0,52.17,52.17,12,STEP2_TECHNICAL_METRICS,Sasha_v12/Sasha_v12_019.png,2160,3840,11.273,850.147,139.941,58.223,0.092,0.005,156.0,5760689,83.99,80.88,300,ok,,Sasha_v12,Sasha_v12/Sasha_v12_019.png,Sasha_v12_019.png,work/frames_raw/Sasha_v12/Sasha_v12_019.png,2160,3840,8294400,0.5625,11.273,850.147,139.941,PASS
20,2,2.0,2.0,26.09,30.43,17,STEP2_TECHNICAL_METRICS,Sasha_v12/Sasha_v12_020.png,2160,3840,9.436,716.706,149.316,51.476,0.039,0.006,134.0,4827481,82.74,78.28,341,ok,,Sasha_v12,Sasha_v12/Sasha_v12_020.png,Sasha_v12_020.png,work/frames_raw/Sasha_v12/Sasha_v12_020.png,2160,3840,8294400,0.5625,9.436,716.706,149.316,PASS
21,2,2.0,2.0,47.83,47.83,13,STEP2_TECHNICAL_METRICS,Sasha_v12/Sasha_v12_021.png,2160,3840,10.975,829.419,137.402,56.968,0.081,0.006,150.0,4804681,83.81,80.56,306,ok,,Sasha_v12,Sasha_v12/Sasha_v12_021.png,Sasha_v12_021.png,work/frames_raw/Sasha_v12/Sasha_v12_021.png,2160,3840,8294400,0.5625,10.975,829.419,137.402,PASS
22,2,2.0,2.0,60.87,69.57,9,STEP2_TECHNICAL_METRICS,Sasha_v12/Sasha_v12_022.png,2160,3840,12.071,943.315,143.053,53.595,0.046,0.004,140.0,5481434,84.41,82.36,281,ok,,Sasha_v12,Sasha_v12/Sasha_v12_022.png,Sasha_v12_022.png,work/frames_raw/Sasha_v12/Sasha_v12_022.png,2160,3840,8294400,0.5625,12.071,943.315,143.053,PASS
23,2,2.0,2.0,17.39,13.04,21,STEP2_TECHNICAL_METRICS,Sasha_v12/Sasha_v12_023.png,2160,3840,9.205,683.191,140.876,58.086,0.092,0.002,159.0,5229071,82.56,77.28,352,ok,,Sasha_v12,Sasha_v12/Sasha_v12_023.png,Sasha_v12_023.png,work/frames_raw/Sasha_v12/Sasha_v12_023.png,2160,3840,8294400,0.5625,9.205,683.191,140.876,PASS
24,2,2.0,2.0,0.0,0.0,24,STEP2_TECHNICAL_METRICS,Sasha_v12/Sasha_v12_024.png,2160,3840,4.17,250.18,138.066,48.35,0.056,0.002,118.0,3463900,53.41,41.74,981,ok,,Sasha_v12,Sasha_v12/Sasha_v12_024.png,Sasha_v12_024.png,work/frames_raw/Sasha_v12/Sasha_v12_024.png,2160,3840,8294400,0.5625,4.17,250.18,138.066,PASS
1,2,2.0,2.0,100.0,100.0,1,STEP2_TECHNICAL_METRICS,Sasha_v13/Sasha_v13_001.png,2160,3840,7.859,1338.934,122.928,70.176,0.154,0.039,190.0,6242892,80.47,87.29,270,ok,,Sasha_v13,Sasha_v13/Sasha_v13_001.png,Sasha_v13_001.png,work/frames_raw/Sasha_v13/Sasha_v13_001.png,2160,3840,8294400,0.5625,7.859,1338.934,122.928,PASS
2,2,2.0,2.0,76.0,76.0,7,STEP2_TECHNICAL_METRICS,Sasha_v13/Sasha_v13_002.png,2160,3840,6.907,998.501,128.251,65.642,0.12,0.035,178.0,6955234,78.08,83.21,333,ok,,Sasha_v13,Sasha_v13/Sasha_v13_002.png,Sasha_v13_002.png,work/frames_raw/Sasha_v13/Sasha_v13_002.png,2160,3840,8294400,0.5625,6.907,998.501,128.251,PASS
3,2,2.0,2.0,72.0,64.0,9,STEP2_TECHNICAL_METRICS,Sasha_v13/Sasha_v13_003.png,2160,3840,6.726,919.635,130.458,62.879,0.102,0.035,173.0,6511536,76.82,82.04,362,ok,,Sasha_v13,Sasha_v13/Sasha_v13_003.png,Sasha_v13_003.png,work/frames_raw/Sasha_v13/Sasha_v13_003.png,2160,3840,8294400,0.5625,6.726,919.635,130.458,PASS
4,2,2.0,2.0,24.0,24.0,20,STEP2_TECHNICAL_METRICS,Sasha_v13/Sasha_v13_004.png,2160,3840,5.515,683.321,133.22,60.645,0.084,0.037,164.0,6032765,69.0,77.33,480,ok,,Sasha_v13,Sasha_v13/Sasha_v13_004.png,Sasha_v13_004.png,work/frames_raw/Sasha_v13/Sasha_v13_004.png,2160,3840,8294400,0.5625,5.515,683.321,133.22,PASS
5,2,2.0,2.0,20.0,12.0,21,STEP2_TECHNICAL_METRICS,Sasha_v13/Sasha_v13_005.png,2160,3840,5.351,584.48,126.741,61.134,0.098,0.039,167.0,5949912,67.8,71.24,548,ok,,Sasha_v13,Sasha_v13/Sasha_v13_005.png,Sasha_v13_005.png,work/frames_raw/Sasha_v13/Sasha_v13_005.png,2160,3840,8294400,0.5625,5.351,584.48,126.741,PASS
6,2,2.0,2.0,60.0,72.0,10,STEP2_TECHNICAL_METRICS,Sasha_v13/Sasha_v13_006.png,2160,3840,6.563,954.515,129.007,63.048,0.115,0.036,175.0,6473859,75.69,82.52,369,ok,,Sasha_v13,Sasha_v13/Sasha_v13_006.png,Sasha_v13_006.png,work/frames_raw/Sasha_v13/Sasha_v13_006.png,2160,3840,8294400,0.5625,6.563,954.515,129.007,PASS
7,2,2.0,2.0,64.0,96.0,6,STEP2_TECHNICAL_METRICS,Sasha_v13/Sasha_v13_007.png,2160,3840,6.629,1161.992,137.953,66.792,0.107,0.04,184.0,6610667,76.16,85.17,332,ok,,Sasha_v13,Sasha_v13/Sasha_v13_007.png,Sasha_v13_007.png,work/frames_raw/Sasha_v13/Sasha_v13_007.png,2160,3840,8294400,0.5625,6.629,1161.992,137.953,PASS
8,2,2.0,2.0,84.0,92.0,3,STEP2_TECHNICAL_METRICS,Sasha_v13/Sasha_v13_008.png,2160,3840,7.214,1076.865,131.29,65.005,0.111,0.04,181.0,7028742,79.03,84.11,321,ok,,Sasha_v13,Sasha_v13/Sasha_v13_008.png,Sasha_v13_008.png,work/frames_raw/Sasha_v13/Sasha_v13_008.png,2160,3840,8294400,0.5625,7.214,1076.865,131.29,PASS
9,2,2.0,2.0,8.0,8.0,24,STEP2_TECHNICAL_METRICS,Sasha_v13/Sasha_v13_009.png,2160,3840,4.91,527.926,128.247,58.619,0.096,0.033,158.0,5577587,63.32,68.22,603,ok,,Sasha_v13,Sasha_v13/Sasha_v13_009.png,Sasha_v13_009.png,work/frames_raw/Sasha_v13/Sasha_v13_009.png,2160,3840,8294400,0.5625,4.91,527.926,128.247,PASS
10,2,2.0,2.0,4.0,4.0,25,STEP2_TECHNICAL_METRICS,Sasha_v13/Sasha_v13_010.png,2160,3840,4.53,412.768,129.002,59.7,0.071,0.037,154.0,5280244,59.5,59.85,723,ok,,Sasha_v13,Sasha_v13/Sasha_v13_010.png,Sasha_v13_010.png,work/frames_raw/Sasha_v13/Sasha_v13_010.png,2160,3840,8294400,0.5625,4.53,412.768,129.002,PASS
11,2,2.0,2.0,0.0,0.0,26,STEP2_TECHNICAL_METRICS,Sasha_v13/Sasha_v13_011.png,2160,3840,3.551,307.525,142.815,59.403,0.045,0.038,152.0,4536627,41.94,49.52,1016,ok,,Sasha_v13,Sasha_v13/Sasha_v13_011.png,Sasha_v13_011.png,work/frames_raw/Sasha_v13/Sasha_v13_011.png,2160,3840,8294400,0.5625,3.551,307.525,142.815,PASS
12,2,2.0,2.0,12.0,20.0,22,STEP2_TECHNICAL_METRICS,Sasha_v13/Sasha_v13_012.png,2160,3840,5.11,610.612,125.199,62.823,0.105,0.038,167.0,5759480,65.71,73.52,546,ok,,Sasha_v13,Sasha_v13/Sasha_v13_012.png,Sasha_v13_012.png,work/frames_raw/Sasha_v13/Sasha_v13_012.png,2160,3840,8294400,0.5625,5.11,610.612,125.199,PASS
13,2,2.0,2.0,96.0,88.0,2,STEP2_TECHNICAL_METRICS,Sasha_v13/Sasha_v13_013.png,2160,3840,7.665,1071.912,130.335,65.754,0.108,0.038,181.0,7286998,79.93,84.0,310,ok,,Sasha_v13,Sasha_v13/Sasha_v13_013.png,Sasha_v13_013.png,work/frames_raw/Sasha_v13/Sasha_v13_013.png,2160,3840,8294400,0.5625,7.665,1071.912,130.335,PASS
14,2,2.0,2.0,88.0,80.0,5,STEP2_TECHNICAL_METRICS,Sasha_v13/Sasha_v13_014.png,2160,3840,7.267,1037.827,127.191,65.977,0.113,0.034,177.0,7269168,79.15,83.47,325,ok,,Sasha_v13,Sasha_v13/Sasha_v13_014.png,Sasha_v13_014.png,work/frames_raw/Sasha_v13/Sasha_v13_014.png,2160,3840,8294400,0.5625,7.267,1037.827,127.191,PASS
15,2,2.0,2.0,16.0,16.0,23,STEP2_TECHNICAL_METRICS,Sasha_v13/Sasha_v13_015.png,2160,3840,5.185,604.191,135.352,57.904,0.061,0.032,154.0,5665489,66.49,72.93,544,ok,,Sasha_v13,Sasha_v13/Sasha_v13_015.png,Sasha_v13_015.png,work/frames_raw/Sasha_v13/Sasha_v13_015.png,2160,3840,8294400,0.5625,5.185,604.191,135.352,PASS
16,2,2.0,2.0,40.0,48.0,15,STEP2_TECHNICAL_METRICS,Sasha_v13/Sasha_v13_016.png,2160,3840,6.145,794.51,134.512,63.404,0.095,0.034,174.0,6798244,72.82,79.77,411,ok,,Sasha_v13,Sasha_v13/Sasha_v13_016.png,Sasha_v13_016.png,work/frames_raw/Sasha_v13/Sasha_v13_016.png,2160,3840,8294400,0.5625,6.145,794.51,134.512,PASS
17,2,2.0,2.0,44.0,40.0,16,STEP2_TECHNICAL_METRICS,Sasha_v13/Sasha_v13_017.png,2160,3840,6.152,724.883,132.615,62.539,0.096,0.038,171.0,6503578,72.88,78.44,428,ok,,Sasha_v13,Sasha_v13/Sasha_v13_017.png,Sasha_v13_017.png,work/frames_raw/Sasha_v13/Sasha_v13_017.png,2160,3840,8294400,0.5625,6.152,724.883,132.615,PASS
18,2,2.0,2.0,56.0,52.0,12,STEP2_TECHNICAL_METRICS,Sasha_v13/Sasha_v13_018.png,2160,3840,6.502,813.631,126.996,65.825,0.123,0.043,184.0,6569915,75.21,80.24,387,ok,,Sasha_v13,Sasha_v13/Sasha_v13_018.png,Sasha_v13_018.png,work/frames_raw/Sasha_v13/Sasha_v13_018.png,2160,3840,8294400,0.5625,6.502,813.631,126.996,PASS
19,2,2.0,2.0,92.0,84.0,4,STEP2_TECHNICAL_METRICS,Sasha_v13/Sasha_v13_019.png,2160,3840,7.274,1066.735,133.646,67.03,0.121,0.032,183.0,6388234,79.21,83.9,322,ok,,Sasha_v13,Sasha_v13/Sasha_v13_019.png,Sasha_v13_019.png,work/frames_raw/Sasha_v13/Sasha_v13_019.png,2160,3840,8294400,0.5625,7.274,1066.735,133.646,PASS
20,2,2.0,2.0,80.0,68.0,8,STEP2_TECHNICAL_METRICS,Sasha_v13/Sasha_v13_020.png,2160,3840,7.088,921.488,121.758,65.27,0.147,0.038,179.0,6919688,78.73,82.1,344,ok,,Sasha_v13,Sasha_v13/Sasha_v13_020.png,Sasha_v13_020.png,work/frames_raw/Sasha_v13/Sasha_v13_020.png,2160,3840,8294400,0.5625,7.088,921.488,121.758,PASS
21,2,2.0,2.0,52.0,56.0,13,STEP2_TECHNICAL_METRICS,Sasha_v13/Sasha_v13_021.png,2160,3840,6.409,865.376,125.25,61.726,0.107,0.031,168.0,6607824,74.67,81.25,385,ok,,Sasha_v13,Sasha_v13/Sasha_v13_021.png,Sasha_v13_021.png,work/frames_raw/Sasha_v13/Sasha_v13_021.png,2160,3840,8294400,0.5625,6.409,865.376,125.25,PASS
22,2,2.0,2.0,68.0,60.0,11,STEP2_TECHNICAL_METRICS,Sasha_v13/Sasha_v13_022.png,2160,3840,6.651,880.905,124.68,66.28,0.136,0.027,181.0,6677487,76.4,81.57,372,ok,,Sasha_v13,Sasha_v13/Sasha_v13_022.png,Sasha_v13_022.png,work/frames_raw/Sasha_v13/Sasha_v13_022.png,2160,3840,8294400,0.5625,6.651,880.905,124.68,PASS
23,2,2.0,2.0,48.0,44.0,14,STEP2_TECHNICAL_METRICS,Sasha_v13/Sasha_v13_023.png,2160,3840,6.389,746.62,131.125,65.211,0.109,0.039,182.0,6866545,74.49,78.81,405,ok,,Sasha_v13,Sasha_v13/Sasha_v13_023.png,Sasha_v13_023.png,work/frames_raw/Sasha_v13/Sasha_v13_023.png,2160,3840,8294400,0.5625,6.389,746.62,131.125,PASS
24,2,2.0,2.0,36.0,28.0,17,STEP2_TECHNICAL_METRICS,Sasha_v13/Sasha_v13_024.png,2160,3840,5.826,684.184,130.771,60.324,0.081,0.036,166.0,6414330,71.27,77.38,454,ok,,Sasha_v13,Sasha_v13/Sasha_v13_024.png,Sasha_v13_024.png,work/frames_raw/Sasha_v13/Sasha_v13_024.png,2160,3840,8294400,0.5625,5.826,684.184,130.771,PASS
25,2,2.0,2.0,32.0,32.0,18,STEP2_TECHNICAL_METRICS,Sasha_v13/Sasha_v13_025.png,2160,3840,5.809,709.402,126.461,61.72,0.093,0.029,171.0,6520565,71.03,78.07,450,ok,,Sasha_v13,Sasha_v13/Sasha_v13_025.png,Sasha_v13_025.png,work/frames_raw/Sasha_v13/Sasha_v13_025.png,2160,3840,8294400,0.5625,5.809,709.402,126.461,PASS
26,2,2.0,2.0,28.0,36.0,19,STEP2_TECHNICAL_METRICS,Sasha_v13/Sasha_v13_026.png,2160,3840,5.795,714.428,128.476,63.118,0.104,0.03,174.0,6309388,70.91,78.18,451,ok,,Sasha_v13,Sasha_v13/Sasha_v13_026.png,Sasha_v13_026.png,work/frames_raw/Sasha_v13/Sasha_v13_026.png,2160,3840,8294400,0.5625,5.795,714.428,128.476,PASS
1,2,2.0,2.0,71.43,96.43,3,STEP2_TECHNICAL_METRICS,Sasha_v14/Sasha_v14_001.png,2160,3840,4.232,333.179,124.653,59.209,0.06,0.028,160.0,4751615,54.6,52.65,851,ok,,Sasha_v14,Sasha_v14/Sasha_v14_001.png,Sasha_v14_001.png,work/frames_raw/Sasha_v14/Sasha_v14_001.png,2160,3840,8294400,0.5625,4.232,333.179,124.653,PASS
2,2,2.0,2.0,50.0,35.71,17,STEP2_TECHNICAL_METRICS,Sasha_v14/Sasha_v14_002.png,2160,3840,4.094,275.612,121.911,62.782,0.1,0.028,169.0,5043004,51.97,45.34,961,ok,,Sasha_v14,Sasha_v14/Sasha_v14_002.png,Sasha_v14_002.png,work/frames_raw/Sasha_v14/Sasha_v14_002.png,2160,3840,8294400,0.5625,4.094,275.612,121.911,PASS
3,2,2.0,2.0,28.57,17.86,23,STEP2_TECHNICAL_METRICS,Sasha_v14/Sasha_v14_003.png,2160,3840,3.941,261.799,118.923,62.588,0.123,0.021,170.0,4896730,49.28,43.38,1004,ok,,Sasha_v14,Sasha_v14/Sasha_v14_003.png,Sasha_v14_003.png,work/frames_raw/Sasha_v14/Sasha_v14_003.png,2160,3840,8294400,0.5625,3.941,261.799,118.923,PASS
4,2,2.0,2.0,35.71,32.14,19,STEP2_TECHNICAL_METRICS,Sasha_v14/Sasha_v14_004.png,2160,3840,4.048,267.944,120.627,64.727,0.15,0.019,173.0,5025759,50.96,44.49,977,ok,,Sasha_v14,Sasha_v14/Sasha_v14_004.png,Sasha_v14_004.png,work/frames_raw/Sasha_v14/Sasha_v14_004.png,2160,3840,8294400,0.5625,4.048,267.944,120.627,PASS
5,2,2.0,2.0,32.14,14.29,24,STEP2_TECHNICAL_METRICS,Sasha_v14/Sasha_v14_005.png,2160,3840,3.954,260.936,116.207,64.996,0.125,0.015,167.0,4655655,49.52,43.27,1002,ok,,Sasha_v14,Sasha_v14/Sasha_v14_005.png,Sasha_v14_005.png,work/frames_raw/Sasha_v14/Sasha_v14_005.png,2160,3840,8294400,0.5625,3.954,260.936,116.207,PASS
6,2,2.0,2.0,17.86,7.14,26,STEP2_TECHNICAL_METRICS,Sasha_v14/Sasha_v14_006.png,2160,3840,3.874,247.756,120.355,64.316,0.118,0.024,167.0,4757799,47.97,41.15,1029,ok,,Sasha_v14,Sasha_v14/Sasha_v14_006.png,Sasha_v14_006.png,work/frames_raw/Sasha_v14/Sasha_v14_006.png,2160,3840,8294400,0.5625,3.874,247.756,120.355,PASS
7,2,2.0,2.0,53.57,25.0,18,STEP2_TECHNICAL_METRICS,Sasha_v14/Sasha_v14_007.png,2160,3840,4.15,262.329,118.851,62.155,0.144,0.009,163.0,4743815,52.87,43.49,970,ok,,Sasha_v14,Sasha_v14/Sasha_v14_007.png,Sasha_v14_007.png,work/frames_raw/Sasha_v14/Sasha_v14_007.png,2160,3840,8294400,0.5625,4.15,262.329,118.851,PASS
8,2,2.0,2.0,14.29,10.71,27,STEP2_TECHNICAL_METRICS,Sasha_v14/Sasha_v14_008.png,2160,3840,3.841,258.531,119.237,63.16,0.143,0.008,167.0,4698838,47.43,42.74,1022,ok,,Sasha_v14,Sasha_v14/Sasha_v14_008.png,Sasha_v14_008.png,work/frames_raw/Sasha_v14/Sasha_v14_008.png,2160,3840,8294400,0.5625,3.841,258.531,119.237,PASS
9,2,2.0,2.0,89.29,46.43,11,STEP2_TECHNICAL_METRICS,Sasha_v14/Sasha_v14_009.png,2160,3840,4.322,290.454,120.184,62.499,0.111,0.015,163.0,5100596,56.21,47.25,900,ok,,Sasha_v14,Sasha_v14/Sasha_v14_009.png,Sasha_v14_009.png,work/frames_raw/Sasha_v14/Sasha_v14_009.png,2160,3840,8294400,0.5625,4.322,290.454,120.184,PASS
10,2,2.0,2.0,60.71,53.57,14,STEP2_TECHNICAL_METRICS,Sasha_v14/Sasha_v14_010.png,2160,3840,4.203,300.13,123.981,62.603,0.12,0.012,166.0,4963115,54.12,48.36,915,ok,,Sasha_v14,Sasha_v14/Sasha_v14_010.png,Sasha_v14_010.png,work/frames_raw/Sasha_v14/Sasha_v14_010.png,2160,3840,8294400,0.5625,4.203,300.13,123.981,PASS
11,2,2.0,2.0,96.43,100.0,1,STEP2_TECHNICAL_METRICS,Sasha_v14/Sasha_v14_011.png,2160,3840,4.432,335.665,123.264,64.734,0.123,0.021,172.0,5023741,57.89,53.02,815,ok,,Sasha_v14,Sasha_v14/Sasha_v14_011.png,Sasha_v14_011.png,work/frames_raw/Sasha_v14/Sasha_v14_011.png,2160,3840,8294400,0.5625,4.432,335.665,123.264,PASS
12,2,2.0,2.0,64.29,60.71,12,STEP2_TECHNICAL_METRICS,Sasha_v14/Sasha_v14_012.png,2160,3840,4.214,300.798,125.016,63.366,0.108,0.029,169.0,5037334,54.3,48.57,909,ok,,Sasha_v14,Sasha_v14/Sasha_v14_012.png,Sasha_v14_012.png,work/frames_raw/Sasha_v14/Sasha_v14_012.png,2160,3840,8294400,0.5625,4.214,300.798,125.016,PASS
13,2,2.0,2.0,3.57,3.57,28,STEP2_TECHNICAL_METRICS,Sasha_v14/Sasha_v14_013.png,2160,3840,3.538,245.133,121.778,67.929,0.151,0.022,175.0,4360072,41.7,41.0,1091,ok,,Sasha_v14,Sasha_v14/Sasha_v14_013.png,Sasha_v14_013.png,work/frames_raw/Sasha_v14/Sasha_v14_013.png,2160,3840,8294400,0.5625,3.538,245.133,121.778,PASS
14,2,2.0,2.0,10.71,21.43,25,STEP2_TECHNICAL_METRICS,Sasha_v14/Sasha_v14_014.png,2160,3840,3.794,261.838,130.175,61.504,0.111,0.026,166.0,4152159,46.65,43.43,1024,ok,,Sasha_v14,Sasha_v14/Sasha_v14_014.png,Sasha_v14_014.png,work/frames_raw/Sasha_v14/Sasha_v14_014.png,2160,3840,8294400,0.5625,3.794,261.838,130.175,PASS
15,2,2.0,2.0,21.43,39.29,20,STEP2_TECHNICAL_METRICS,Sasha_v14/Sasha_v14_015.png,2160,3840,3.882,281.295,117.029,62.656,0.12,0.016,163.0,4415201,48.15,46.24,988,ok,,Sasha_v14,Sasha_v14/Sasha_v14_015.png,Sasha_v14_015.png,work/frames_raw/Sasha_v14/Sasha_v14_015.png,2160,3840,8294400,0.5625,3.882,281.295,117.029,PASS
16,2,2.0,2.0,100.0,92.86,2,STEP2_TECHNICAL_METRICS,Sasha_v14/Sasha_v14_016.png,2160,3840,4.451,331.766,120.807,62.519,0.1,0.021,163.0,5163895,58.24,52.44,817,ok,,Sasha_v14,Sasha_v14/Sasha_v14_016.png,Sasha_v14_016.png,work/frames_raw/Sasha_v14/Sasha_v14_016.png,2160,3840,8294400,0.5625,4.451,331.766,120.807,PASS
17,2,2.0,2.0,75.0,75.0,9,STEP2_TECHNICAL_METRICS,Sasha_v14/Sasha_v14_017.png,2160,3840,4.245,311.666,120.931,65.041,0.13,0.027,170.0,4738503,54.72,50.05,884,ok,,Sasha_v14,Sasha_v14/Sasha_v14_017.png,Sasha_v14_017.png,work/frames_raw/Sasha_v14/Sasha_v14_017.png,2160,3840,8294400,0.5625,4.245,311.666,120.931,PASS
18,2,2.0,2.0,78.57,82.14,4,STEP2_TECHNICAL_METRICS,Sasha_v14/Sasha_v14_018.png,2160,3840,4.266,317.291,113.398,63.911,0.142,0.012,169.0,5042421,55.02,51.01,869,ok,,Sasha_v14,Sasha_v14/Sasha_v14_018.png,Sasha_v14_018.png,work/frames_raw/Sasha_v14/Sasha_v14_018.png,2160,3840,8294400,0.5625,4.266,317.291,113.398,PASS
19,2,2.0,2.0,92.86,64.29,5,STEP2_TECHNICAL_METRICS,Sasha_v14/Sasha_v14_019.png,2160,3840,4.412,304.198,119.906,62.726,0.1,0.015,167.0,5067880,57.47,48.83,864,ok,,Sasha_v14,Sasha_v14/Sasha_v14_019.png,Sasha_v14_019.png,work/frames_raw/Sasha_v14/Sasha_v14_019.png,2160,3840,8294400,0.5625,4.412,304.198,119.906,PASS
20,2,2.0,2.0,25.0,28.57,21,STEP2_TECHNICAL_METRICS,Sasha_v14/Sasha_v14_020.png,2160,3840,3.903,265.439,121.351,65.14,0.09,0.02,167.0,4838074,48.57,44.23,1001,ok,,Sasha_v14,Sasha_v14/Sasha_v14_020.png,Sasha_v14_020.png,work/frames_raw/Sasha_v14/Sasha_v14_020.png,2160,3840,8294400,0.5625,3.903,265.439,121.351,PASS
21,2,2.0,2.0,0.0,0.0,29,STEP2_TECHNICAL_METRICS,Sasha_v14/Sasha_v14_021.png,2160,3840,3.366,231.562,133.765,65.735,0.104,0.041,179.0,3970008,38.71,39.41,1130,ok,,Sasha_v14,Sasha_v14/Sasha_v14_021.png,Sasha_v14_021.png,work/frames_raw/Sasha_v14/Sasha_v14_021.png,2160,3840,8294400,0.5625,3.366,231.562,133.765,PASS
22,2,2.0,2.0,7.14,42.86,22,STEP2_TECHNICAL_METRICS,Sasha_v14/Sasha_v14_022.png,2160,3840,3.727,282.011,129.779,64.745,0.08,0.055,175.0,3956957,45.46,46.35,1008,ok,,Sasha_v14,Sasha_v14/Sasha_v14_022.png,Sasha_v14_022.png,work/frames_raw/Sasha_v14/Sasha_v14_022.png,2160,3840,8294400,0.5625,3.727,282.011,129.779,PASS
23,2,2.0,2.0,42.86,50.0,16,STEP2_TECHNICAL_METRICS,Sasha_v14/Sasha_v14_023.png,2160,3840,4.08,295.91,118.808,68.335,0.13,0.035,174.0,4769773,51.49,47.88,945,ok,,Sasha_v14,Sasha_v14/Sasha_v14_023.png,Sasha_v14_023.png,work/frames_raw/Sasha_v14/Sasha_v14_023.png,2160,3840,8294400,0.5625,4.08,295.91,118.808,PASS
24,2,2.0,2.0,85.71,67.86,6,STEP2_TECHNICAL_METRICS,Sasha_v14/Sasha_v14_024.png,2160,3840,4.315,304.754,127.912,62.691,0.1,0.027,166.0,4786801,55.91,48.99,881,ok,,Sasha_v14,Sasha_v14/Sasha_v14_024.png,Sasha_v14_024.png,work/frames_raw/Sasha_v14/Sasha_v14_024.png,2160,3840,8294400,0.5625,4.315,304.754,127.912,PASS
25,2,2.0,2.0,67.86,85.71,7,STEP2_TECHNICAL_METRICS,Sasha_v14/Sasha_v14_025.png,2160,3840,4.219,319.843,119.098,64.331,0.107,0.029,168.0,5257568,54.42,51.43,872,ok,,Sasha_v14,Sasha_v14/Sasha_v14_025.png,Sasha_v14_025.png,work/frames_raw/Sasha_v14/Sasha_v14_025.png,2160,3840,8294400,0.5625,4.219,319.843,119.098,PASS
26,2,2.0,2.0,46.43,57.14,15,STEP2_TECHNICAL_METRICS,Sasha_v14/Sasha_v14_026.png,2160,3840,4.092,300.323,123.258,61.797,0.094,0.026,164.0,4592165,51.91,48.41,934,ok,,Sasha_v14,Sasha_v14/Sasha_v14_026.png,Sasha_v14_026.png,work/frames_raw/Sasha_v14/Sasha_v14_026.png,2160,3840,8294400,0.5625,4.092,300.323,123.258,PASS
27,2,2.0,2.0,57.14,89.29,10,STEP2_TECHNICAL_METRICS,Sasha_v14/Sasha_v14_027.png,2160,3840,4.181,325.318,123.937,64.19,0.106,0.027,170.0,4889229,53.7,52.01,874,ok,,Sasha_v14,Sasha_v14/Sasha_v14_027.png,Sasha_v14_027.png,work/frames_raw/Sasha_v14/Sasha_v14_027.png,2160,3840,8294400,0.5625,4.181,325.318,123.937,PASS
28,2,2.0,2.0,39.29,78.57,13,STEP2_TECHNICAL_METRICS,Sasha_v14/Sasha_v14_028.png,2160,3840,4.078,312.112,122.492,64.599,0.109,0.032,172.0,4694519,51.43,50.11,923,ok,,Sasha_v14,Sasha_v14/Sasha_v14_028.png,Sasha_v14_028.png,work/frames_raw/Sasha_v14/Sasha_v14_028.png,2160,3840,8294400,0.5625,4.078,312.112,122.492,PASS
29,2,2.0,2.0,82.14,71.43,8,STEP2_TECHNICAL_METRICS,Sasha_v14/Sasha_v14_029.png,2160,3840,4.3,311.185,115.939,63.999,0.152,0.025,170.0,4886307,55.68,49.95,876,ok,,Sasha_v14,Sasha_v14/Sasha_v14_029.png,Sasha_v14_029.png,work/frames_raw/Sasha_v14/Sasha_v14_029.png,2160,3840,8294400,0.5625,4.3,311.185,115.939,PASS
1,2,2.0,2.0,0.0,47.83,19,STEP2_TECHNICAL_METRICS,Sasha_v15/Sasha_v15_001.png,2160,3840,3.113,186.171,108.246,57.036,0.165,0.002,154.0,2962856,34.95,30.56,1265,ok,,Sasha_v15,Sasha_v15/Sasha_v15_001.png,Sasha_v15_001.png,work/frames_raw/Sasha_v15/Sasha_v15_001.png,2160,3840,8294400,0.5625,3.113,186.171,108.246,PASS
2,2,2.0,2.0,31.82,34.78,17,STEP2_TECHNICAL_METRICS,Sasha_v15/Sasha_v15_002.png,2160,3840,3.558,177.886,114.916,57.641,0.144,0.003,157.0,3659718,42.11,28.71,1204,ok,,Sasha_v15,Sasha_v15/Sasha_v15_002.png,Sasha_v15_002.png,work/frames_raw/Sasha_v15/Sasha_v15_002.png,2160,3840,8294400,0.5625,3.558,177.886,114.916,PASS
3,2,2.0,2.0,63.64,78.26,7,STEP2_TECHNICAL_METRICS,Sasha_v15/Sasha_v15_003.png,2160,3840,3.775,216.218,122.081,60.49,0.127,0.009,159.0,4127972,46.18,37.76,1082,ok,,Sasha_v15,Sasha_v15/Sasha_v15_003.png,Sasha_v15_003.png,work/frames_raw/Sasha_v15/Sasha_v15_003.png,2160,3840,8294400,0.5625,3.775,216.218,122.081,PASS
4,2,2.0,2.0,100.0,100.0,1,STEP2_TECHNICAL_METRICS,Sasha_v15/Sasha_v15_004.png,2160,3840,4.876,290.654,123.037,61.744,0.131,0.015,165.0,4640809,62.96,47.46,820,ok,,Sasha_v15,Sasha_v15/Sasha_v15_004.png,Sasha_v15_004.png,work/frames_raw/Sasha_v15/Sasha_v15_004.png,2160,3840,8294400,0.5625,4.876,290.654,123.037,PASS
5,2,2.0,2.0,50.0,73.91,11,STEP2_TECHNICAL_METRICS,Sasha_v15/Sasha_v15_005.png,2160,3840,3.704,215.312,129.83,62.699,0.127,0.021,168.0,3985946,44.86,37.5,1092,ok,,Sasha_v15,Sasha_v15/Sasha_v15_005.png,Sasha_v15_005.png,work/frames_raw/Sasha_v15/Sasha_v15_005.png,2160,3840,8294400,0.5625,3.704,215.312,129.83,PASS
6,2,2.0,2.0,72.73,69.57,6,STEP2_TECHNICAL_METRICS,Sasha_v15/Sasha_v15_006.png,2160,3840,3.783,199.643,127.144,62.133,0.122,0.022,165.0,3924396,46.48,34.22,1107,ok,,Sasha_v15,Sasha_v15/Sasha_v15_006.png,Sasha_v15_006.png,work/frames_raw/Sasha_v15/Sasha_v15_006.png,2160,3840,8294400,0.5625,3.783,199.643,127.144,PASS
7,2,2.0,2.0,63.64,60.87,10,STEP2_TECHNICAL_METRICS,Sasha_v15/Sasha_v15_007.png,2160,3840,3.775,192.498,123.391,59.884,0.124,0.012,159.0,3692622,46.18,32.31,1126,ok,,Sasha_v15,Sasha_v15/Sasha_v15_007.png,Sasha_v15_007.png,work/frames_raw/Sasha_v15/Sasha_v15_007.png,2160,3840,8294400,0.5625,3.775,192.498,123.391,PASS
8,2,2.0,2.0,4.55,0.0,24,STEP2_TECHNICAL_METRICS,Sasha_v15/Sasha_v15_008.png,2160,3840,3.262,142.124,130.962,57.466,0.098,0.007,155.0,3923764,37.63,20.6,1339,ok,,Sasha_v15,Sasha_v15/Sasha_v15_008.png,Sasha_v15_008.png,work/frames_raw/Sasha_v15/Sasha_v15_008.png,2160,3840,8294400,0.5625,3.262,142.124,130.962,PASS
9,2,2.0,2.0,59.09,39.13,13,STEP2_TECHNICAL_METRICS,Sasha_v15/Sasha_v15_009.png,2160,3840,3.732,179.924,137.265,57.628,0.074,0.028,146.0,4203656,45.52,29.03,1156,ok,,Sasha_v15,Sasha_v15/Sasha_v15_009.png,Sasha_v15_009.png,work/frames_raw/Sasha_v15/Sasha_v15_009.png,2160,3840,8294400,0.5625,3.732,179.924,137.265,PASS
10,2,2.0,2.0,77.27,52.17,8,STEP2_TECHNICAL_METRICS,Sasha_v15/Sasha_v15_010.png,2160,3840,3.939,190.794,131.569,57.041,0.074,0.023,147.0,4562111,49.22,31.78,1106,ok,,Sasha_v15,Sasha_v15/Sasha_v15_010.png,Sasha_v15_010.png,work/frames_raw/Sasha_v15/Sasha_v15_010.png,2160,3840,8294400,0.5625,3.939,190.794,131.569,PASS
11,2,2.0,2.0,95.45,82.61,3,STEP2_TECHNICAL_METRICS,Sasha_v15/Sasha_v15_011.png,2160,3840,4.547,237.154,126.555,57.478,0.09,0.019,152.0,4717992,59.8,40.2,939,ok,,Sasha_v15,Sasha_v15/Sasha_v15_011.png,Sasha_v15_011.png,work/frames_raw/Sasha_v15/Sasha_v15_011.png,2160,3840,8294400,0.5625,4.547,237.154,126.555,PASS
12,2,2.0,2.0,9.09,4.35,23,STEP2_TECHNICAL_METRICS,Sasha_v15/Sasha_v15_012.png,2160,3840,3.268,147.591,125.842,56.819,0.092,0.005,148.0,3755768,37.75,21.77,1325,ok,,Sasha_v15,Sasha_v15/Sasha_v15_012.png,Sasha_v15_012.png,work/frames_raw/Sasha_v15/Sasha_v15_012.png,2160,3840,8294400,0.5625,3.268,147.591,125.842,PASS
13,2,2.0,2.0,36.36,30.43,16,STEP2_TECHNICAL_METRICS,Sasha_v15/Sasha_v15_013.png,2160,3840,3.579,177.48,123.45,60.249,0.113,0.01,161.0,4091380,42.41,28.55,1200,ok,,Sasha_v15,Sasha_v15/Sasha_v15_013.png,Sasha_v15_013.png,work/frames_raw/Sasha_v15/Sasha_v15_013.png,2160,3840,8294400,0.5625,3.579,177.48,123.45,PASS
14,2,2.0,2.0,45.45,65.22,12,STEP2_TECHNICAL_METRICS,Sasha_v15/Sasha_v15_014.png,2160,3840,3.641,197.626,121.743,64.523,0.134,0.011,171.0,4042133,43.43,33.37,1143,ok,,Sasha_v15,Sasha_v15/Sasha_v15_014.png,Sasha_v15_014.png,work/frames_raw/Sasha_v15/Sasha_v15_014.png,2160,3840,8294400,0.5625,3.641,197.626,121.743,PASS
15,2,2.0,2.0,22.73,8.7,20,STEP2_TECHNICAL_METRICS,Sasha_v15/Sasha_v15_015.png,2160,3840,3.412,156.548,115.508,64.384,0.156,0.015,174.0,3602740,39.43,23.46,1293,ok,,Sasha_v15,Sasha_v15/Sasha_v15_015.png,Sasha_v15_015.png,work/frames_raw/Sasha_v15/Sasha_v15_015.png,2160,3840,8294400,0.5625,3.412,156.548,115.508,PASS
16,2,2.0,2.0,54.55,43.48,14,STEP2_TECHNICAL_METRICS,Sasha_v15/Sasha_v15_016.png,2160,3840,3.721,184.323,129.5,62.402,0.108,0.024,164.0,4389278,45.16,30.24,1150,ok,,Sasha_v15,Sasha_v15/Sasha_v15_016.png,Sasha_v15_016.png,work/frames_raw/Sasha_v15/Sasha_v15_016.png,2160,3840,8294400,0.5625,3.721,184.323,129.5,PASS
17,2,2.0,2.0,27.27,21.74,18,STEP2_TECHNICAL_METRICS,Sasha_v15/Sasha_v15_017.png,2160,3840,3.55,176.017,128.619,62.753,0.104,0.024,164.0,4005568,41.88,27.86,1217,ok,,Sasha_v15,Sasha_v15/Sasha_v15_017.png,Sasha_v15_017.png,work/frames_raw/Sasha_v15/Sasha_v15_017.png,2160,3840,8294400,0.5625,3.55,176.017,128.619,PASS
18,2,2.0,2.0,18.18,13.04,21,STEP2_TECHNICAL_METRICS,Sasha_v15/Sasha_v15_018.png,2160,3840,3.405,160.914,125.708,60.714,0.099,0.012,158.0,3897587,39.31,24.52,1282,ok,,Sasha_v15,Sasha_v15/Sasha_v15_018.png,Sasha_v15_018.png,work/frames_raw/Sasha_v15/Sasha_v15_018.png,2160,3840,8294400,0.5625,3.405,160.914,125.708,PASS
19,2,2.0,2.0,68.18,56.52,9,STEP2_TECHNICAL_METRICS,Sasha_v15/Sasha_v15_019.png,2160,3840,3.779,191.617,128.045,59.664,0.092,0.015,156.0,3907691,46.36,32.1,1127,ok,,Sasha_v15,Sasha_v15/Sasha_v15_019.png,Sasha_v15_019.png,work/frames_raw/Sasha_v15/Sasha_v15_019.png,2160,3840,8294400,0.5625,3.779,191.617,128.045,PASS
20,2,2.0,2.0,40.91,26.09,15,STEP2_TECHNICAL_METRICS,Sasha_v15/Sasha_v15_020.png,2160,3840,3.61,177.434,123.22,57.537,0.089,0.008,149.0,4104026,42.89,28.5,1194,ok,,Sasha_v15,Sasha_v15/Sasha_v15_020.png,Sasha_v15_020.png,work/frames_raw/Sasha_v15/Sasha_v15_020.png,2160,3840,8294400,0.5625,3.61,177.434,123.22,PASS
21,2,2.0,2.0,13.64,17.39,22,STEP2_TECHNICAL_METRICS,Sasha_v15/Sasha_v15_021.png,2160,3840,3.336,166.621,125.324,61.466,0.101,0.022,163.0,3930376,38.47,26.01,1276,ok,,Sasha_v15,Sasha_v15/Sasha_v15_021.png,Sasha_v15_021.png,work/frames_raw/Sasha_v15/Sasha_v15_021.png,2160,3840,8294400,0.5625,3.336,166.621,125.324,PASS
22,2,2.0,2.0,90.91,95.65,2,STEP2_TECHNICAL_METRICS,Sasha_v15/Sasha_v15_022.png,2160,3840,4.49,275.816,127.924,62.909,0.105,0.025,163.0,4485361,58.84,45.44,894,ok,,Sasha_v15,Sasha_v15/Sasha_v15_022.png,Sasha_v15_022.png,work/frames_raw/Sasha_v15/Sasha_v15_022.png,2160,3840,8294400,0.5625,4.49,275.816,127.924,PASS
23,2,2.0,2.0,81.82,86.96,5,STEP2_TECHNICAL_METRICS,Sasha_v15/Sasha_v15_023.png,2160,3840,4.324,251.369,130.97,61.173,0.088,0.027,157.0,4590707,56.27,41.9,955,ok,,Sasha_v15,Sasha_v15/Sasha_v15_023.png,Sasha_v15_023.png,work/frames_raw/Sasha_v15/Sasha_v15_023.png,2160,3840,8294400,0.5625,4.324,251.369,130.97,PASS
24,2,2.0,2.0,86.36,91.3,4,STEP2_TECHNICAL_METRICS,Sasha_v15/Sasha_v15_024.png,2160,3840,4.399,264.614,125.255,60.804,0.099,0.014,160.0,4152811,57.23,43.91,926,ok,,Sasha_v15,Sasha_v15/Sasha_v15_024.png,Sasha_v15_024.png,work/frames_raw/Sasha_v15/Sasha_v15_024.png,2160,3840,8294400,0.5625,4.399,264.614,125.255,PASS
1,2,2.0,2.0,13.79,24.14,25,STEP2_TECHNICAL_METRICS,Sasha_v16/Sasha_v16_001.png,2160,3840,4.083,385.986,123.05,55.042,0.033,0.028,136.0,5382072,51.55,57.2,837,ok,,Sasha_v16,Sasha_v16/Sasha_v16_001.png,Sasha_v16_001.png,work/frames_raw/Sasha_v16/Sasha_v16_001.png,2160,3840,8294400,0.5625,4.083,385.986,123.05,PASS
2,2,2.0,2.0,20.69,20.69,23,STEP2_TECHNICAL_METRICS,Sasha_v16/Sasha_v16_002.png,2160,3840,4.251,373.619,123.618,54.99,0.03,0.029,136.0,5991071,54.84,56.3,813,ok,,Sasha_v16,Sasha_v16/Sasha_v16_002.png,Sasha_v16_002.png,work/frames_raw/Sasha_v16/Sasha_v16_002.png,2160,3840,8294400,0.5625,4.251,373.619,123.618,PASS
3,2,2.0,2.0,48.28,51.72,15,STEP2_TECHNICAL_METRICS,Sasha_v16/Sasha_v16_003.png,2160,3840,4.811,453.106,128.812,56.48,0.025,0.029,147.0,6189697,62.31,62.92,665,ok,,Sasha_v16,Sasha_v16/Sasha_v16_003.png,Sasha_v16_003.png,work/frames_raw/Sasha_v16/Sasha_v16_003.png,2160,3840,8294400,0.5625,4.811,453.106,128.812,PASS
4,2,2.0,2.0,72.41,65.52,9,STEP2_TECHNICAL_METRICS,Sasha_v16/Sasha_v16_004.png,2160,3840,4.996,481.373,131.472,52.291,0.017,0.027,128.0,6052109,64.52,64.72,619,ok,,Sasha_v16,Sasha_v16/Sasha_v16_004.png,Sasha_v16_004.png,work/frames_raw/Sasha_v16/Sasha_v16_004.png,2160,3840,8294400,0.5625,4.996,481.373,131.472,PASS
5,2,2.0,2.0,86.21,86.21,6,STEP2_TECHNICAL_METRICS,Sasha_v16/Sasha_v16_005.png,2160,3840,5.178,501.976,128.497,51.469,0.022,0.024,133.0,6600362,66.37,66.31,594,ok,,Sasha_v16,Sasha_v16/Sasha_v16_005.png,Sasha_v16_005.png,work/frames_raw/Sasha_v16/Sasha_v16_005.png,2160,3840,8294400,0.5625,5.178,501.976,128.497,PASS
6,2,2.0,2.0,75.86,62.07,10,STEP2_TECHNICAL_METRICS,Sasha_v16/Sasha_v16_006.png,2160,3840,5.061,471.984,128.215,55.483,0.02,0.025,144.0,6612655,65.05,64.04,625,ok,,Sasha_v16,Sasha_v16/Sasha_v16_006.png,Sasha_v16_006.png,work/frames_raw/Sasha_v16/Sasha_v16_006.png,2160,3840,8294400,0.5625,5.061,471.984,128.215,PASS
7,2,2.0,2.0,58.62,72.41,12,STEP2_TECHNICAL_METRICS,Sasha_v16/Sasha_v16_007.png,2160,3840,4.898,484.575,125.193,53.185,0.015,0.023,133.0,6642261,63.2,64.88,634,ok,,Sasha_v16,Sasha_v16/Sasha_v16_007.png,Sasha_v16_007.png,work/frames_raw/Sasha_v16/Sasha_v16_007.png,2160,3840,8294400,0.5625,4.898,484.575,125.193,PASS
8,2,2.0,2.0,55.17,44.83,16,STEP2_TECHNICAL_METRICS,Sasha_v16/Sasha_v16_008.png,2160,3840,4.879,440.213,128.93,54.02,0.021,0.03,138.0,6480051,63.02,62.02,671,ok,,Sasha_v16,Sasha_v16/Sasha_v16_008.png,Sasha_v16_008.png,work/frames_raw/Sasha_v16/Sasha_v16_008.png,2160,3840,8294400,0.5625,4.879,440.213,128.93,PASS
9,2,2.0,2.0,82.76,89.66,4,STEP2_TECHNICAL_METRICS,Sasha_v16/Sasha_v16_009.png,2160,3840,5.127,508.298,125.772,54.633,0.019,0.027,140.0,7158190,65.83,66.68,597,ok,,Sasha_v16,Sasha_v16/Sasha_v16_009.png,Sasha_v16_009.png,work/frames_raw/Sasha_v16/Sasha_v16_009.png,2160,3840,8294400,0.5625,5.127,508.298,125.772,PASS
10,2,2.0,2.0,79.31,58.62,11,STEP2_TECHNICAL_METRICS,Sasha_v16/Sasha_v16_010.png,2160,3840,5.081,456.771,131.286,56.381,0.022,0.049,146.0,6680130,65.29,63.29,629,ok,,Sasha_v16,Sasha_v16/Sasha_v16_010.png,Sasha_v16_010.png,work/frames_raw/Sasha_v16/Sasha_v16_010.png,2160,3840,8294400,0.5625,5.081,456.771,131.286,PASS
11,2,2.0,2.0,17.24,10.34,26,STEP2_TECHNICAL_METRICS,Sasha_v16/Sasha_v16_011.png,2160,3840,4.186,344.004,130.915,57.436,0.042,0.042,153.0,5909854,53.76,54.03,844,ok,,Sasha_v16,Sasha_v16/Sasha_v16_011.png,Sasha_v16_011.png,work/frames_raw/Sasha_v16/Sasha_v16_011.png,2160,3840,8294400,0.5625,4.186,344.004,130.915,PASS
12,2,2.0,2.0,10.34,13.79,27,STEP2_TECHNICAL_METRICS,Sasha_v16/Sasha_v16_012.png,2160,3840,4.062,349.053,138.576,56.824,0.036,0.038,141.0,6225717,51.25,54.5,873,ok,,Sasha_v16,Sasha_v16/Sasha_v16_012.png,Sasha_v16_012.png,work/frames_raw/Sasha_v16/Sasha_v16_012.png,2160,3840,8294400,0.5625,4.062,349.053,138.576,PASS
13,2,2.0,2.0,34.48,41.38,19,STEP2_TECHNICAL_METRICS,Sasha_v16/Sasha_v16_013.png,2160,3840,4.446,427.428,132.802,55.802,0.021,0.043,143.0,6466926,58.06,61.12,725,ok,,Sasha_v16,Sasha_v16/Sasha_v16_013.png,Sasha_v16_013.png,work/frames_raw/Sasha_v16/Sasha_v16_013.png,2160,3840,8294400,0.5625,4.446,427.428,132.802,PASS
14,2,2.0,2.0,100.0,100.0,1,STEP2_TECHNICAL_METRICS,Sasha_v16/Sasha_v16_014.png,2160,3840,5.644,591.91,129.762,56.508,0.03,0.039,144.0,7166871,69.71,71.82,526,ok,,Sasha_v16,Sasha_v16/Sasha_v16_014.png,Sasha_v16_014.png,work/frames_raw/Sasha_v16/Sasha_v16_014.png,2160,3840,8294400,0.5625,5.644,591.91,129.762,PASS
15,2,2.0,2.0,62.07,55.17,14,STEP2_TECHNICAL_METRICS,Sasha_v16/Sasha_v16_015.png,2160,3840,4.916,454.784,136.024,54.795,0.02,0.042,140.0,7219407,63.44,63.19,655,ok,,Sasha_v16,Sasha_v16/Sasha_v16_015.png,Sasha_v16_015.png,work/frames_raw/Sasha_v16/Sasha_v16_015.png,2160,3840,8294400,0.5625,4.916,454.784,136.024,PASS
16,2,2.0,2.0,27.59,31.03,22,STEP2_TECHNICAL_METRICS,Sasha_v16/Sasha_v16_016.png,2160,3840,4.426,401.407,141.265,52.958,0.008,0.036,135.0,6029442,57.77,58.74,759,ok,,Sasha_v16,Sasha_v16/Sasha_v16_016.png,Sasha_v16_016.png,work/frames_raw/Sasha_v16/Sasha_v16_016.png,2160,3840,8294400,0.5625,4.426,401.407,141.265,PASS
17,2,2.0,2.0,3.45,3.45,29,STEP2_TECHNICAL_METRICS,Sasha_v16/Sasha_v16_017.png,2160,3840,3.916,313.654,123.354,59.836,0.063,0.032,151.0,5625765,48.86,50.42,946,ok,,Sasha_v16,Sasha_v16/Sasha_v16_017.png,Sasha_v16_017.png,work/frames_raw/Sasha_v16/Sasha_v16_017.png,2160,3840,8294400,0.5625,3.916,313.654,123.354,PASS
18,2,2.0,2.0,51.72,75.86,13,STEP2_TECHNICAL_METRICS,Sasha_v16/Sasha_v16_018.png,2160,3840,4.833,485.452,139.442,52.227,0.015,0.032,134.0,6011634,62.49,64.99,645,ok,,Sasha_v16,Sasha_v16/Sasha_v16_018.png,Sasha_v16_018.png,work/frames_raw/Sasha_v16/Sasha_v16_018.png,2160,3840,8294400,0.5625,4.833,485.452,139.442,PASS
19,2,2.0,2.0,37.93,27.59,20,STEP2_TECHNICAL_METRICS,Sasha_v16/Sasha_v16_019.png,2160,3840,4.527,392.719,127.106,57.333,0.036,0.029,146.0,6189245,59.44,57.89,747,ok,,Sasha_v16,Sasha_v16/Sasha_v16_019.png,Sasha_v16_019.png,work/frames_raw/Sasha_v16/Sasha_v16_019.png,2160,3840,8294400,0.5625,4.527,392.719,127.106,PASS
20,2,2.0,2.0,41.38,37.93,18,STEP2_TECHNICAL_METRICS,Sasha_v16/Sasha_v16_020.png,2160,3840,4.635,419.098,131.281,57.48,0.03,0.031,148.0,6556241,60.51,60.65,702,ok,,Sasha_v16,Sasha_v16/Sasha_v16_020.png,Sasha_v16_020.png,work/frames_raw/Sasha_v16/Sasha_v16_020.png,2160,3840,8294400,0.5625,4.635,419.098,131.281,PASS
21,2,2.0,2.0,24.14,17.24,24,STEP2_TECHNICAL_METRICS,Sasha_v16/Sasha_v16_021.png,2160,3840,4.423,353.956,131.368,55.564,0.017,0.033,141.0,6087727,57.71,55.08,799,ok,,Sasha_v16,Sasha_v16/Sasha_v16_021.png,Sasha_v16_021.png,work/frames_raw/Sasha_v16/Sasha_v16_021.png,2160,3840,8294400,0.5625,4.423,353.956,131.368,PASS
22,2,2.0,2.0,44.83,48.28,17,STEP2_TECHNICAL_METRICS,Sasha_v16/Sasha_v16_022.png,2160,3840,4.748,448.449,135.386,58.481,0.026,0.04,145.0,6698866,61.77,62.61,674,ok,,Sasha_v16,Sasha_v16/Sasha_v16_022.png,Sasha_v16_022.png,work/frames_raw/Sasha_v16/Sasha_v16_022.png,2160,3840,8294400,0.5625,4.748,448.449,135.386,PASS
23,2,2.0,2.0,93.1,96.55,2,STEP2_TECHNICAL_METRICS,Sasha_v16/Sasha_v16_023.png,2160,3840,5.284,549.298,128.918,53.85,0.021,0.034,138.0,6644421,67.26,69.28,565,ok,,Sasha_v16,Sasha_v16/Sasha_v16_023.png,Sasha_v16_023.png,work/frames_raw/Sasha_v16/Sasha_v16_023.png,2160,3840,8294400,0.5625,5.284,549.298,128.918,PASS
24,2,2.0,2.0,68.97,68.97,8,STEP2_TECHNICAL_METRICS,Sasha_v16/Sasha_v16_024.png,2160,3840,4.982,484.454,131.559,57.731,0.034,0.031,147.0,6863532,64.34,64.83,622,ok,,Sasha_v16,Sasha_v16/Sasha_v16_024.png,Sasha_v16_024.png,work/frames_raw/Sasha_v16/Sasha_v16_024.png,2160,3840,8294400,0.5625,4.982,484.454,131.559,PASS
25,2,2.0,2.0,96.55,93.1,3,STEP2_TECHNICAL_METRICS,Sasha_v16/Sasha_v16_025.png,2160,3840,5.36,511.583,130.738,55.142,0.024,0.028,142.0,7041025,67.92,67.06,576,ok,,Sasha_v16,Sasha_v16/Sasha_v16_025.png,Sasha_v16_025.png,work/frames_raw/Sasha_v16/Sasha_v16_025.png,2160,3840,8294400,0.5625,5.36,511.583,130.738,PASS
26,2,2.0,2.0,31.03,34.48,21,STEP2_TECHNICAL_METRICS,Sasha_v16/Sasha_v16_026.png,2160,3840,4.44,411.849,128.459,54.915,0.032,0.028,140.0,6457705,58.0,59.59,745,ok,,Sasha_v16,Sasha_v16/Sasha_v16_026.png,Sasha_v16_026.png,work/frames_raw/Sasha_v16/Sasha_v16_026.png,2160,3840,8294400,0.5625,4.44,411.849,128.459,PASS
27,2,2.0,2.0,89.66,82.76,5,STEP2_TECHNICAL_METRICS,Sasha_v16/Sasha_v16_027.png,2160,3840,5.273,498.834,132.24,53.905,0.024,0.028,137.0,7229340,67.2,66.05,590,ok,,Sasha_v16,Sasha_v16/Sasha_v16_027.png,Sasha_v16_027.png,work/frames_raw/Sasha_v16/Sasha_v16_027.png,2160,3840,8294400,0.5625,5.273,498.834,132.24,PASS
28,2,2.0,2.0,65.52,79.31,7,STEP2_TECHNICAL_METRICS,Sasha_v16/Sasha_v16_028.png,2160,3840,4.932,489.318,131.383,54.041,0.016,0.033,136.0,6708578,63.68,65.31,627,ok,,Sasha_v16,Sasha_v16/Sasha_v16_028.png,Sasha_v16_028.png,work/frames_raw/Sasha_v16/Sasha_v16_028.png,2160,3840,8294400,0.5625,4.932,489.318,131.383,PASS
29,2,2.0,2.0,6.9,6.9,28,STEP2_TECHNICAL_METRICS,Sasha_v16/Sasha_v16_029.png,2160,3840,3.926,319.096,140.318,54.621,0.027,0.029,140.0,5570566,48.92,51.22,936,ok,,Sasha_v16,Sasha_v16/Sasha_v16_029.png,Sasha_v16_029.png,work/frames_raw/Sasha_v16/Sasha_v16_029.png,2160,3840,8294400,0.5625,3.926,319.096,140.318,PASS
30,2,2.0,2.0,0.0,0.0,30,STEP2_TECHNICAL_METRICS,Sasha_v16/Sasha_v16_030.png,2160,3840,3.592,248.446,137.99,53.727,0.006,0.027,137.0,5298765,42.71,41.37,1080,ok,,Sasha_v16,Sasha_v16/Sasha_v16_030.png,Sasha_v16_030.png,work/frames_raw/Sasha_v16/Sasha_v16_030.png,2160,3840,8294400,0.5625,3.592,248.446,137.99,PASS
1,2,2.0,2.0,91.67,88.0,4,STEP2_TECHNICAL_METRICS,Sasha_v17/Sasha_v17_001.png,2160,3840,6.964,832.158,109.609,51.669,0.119,0.007,148.0,4258196,78.32,80.61,361,ok,,Sasha_v17,Sasha_v17/Sasha_v17_001.png,Sasha_v17_001.png,work/frames_raw/Sasha_v17/Sasha_v17_001.png,2160,3840,8294400,0.5625,6.964,832.158,109.609,PASS
2,2,2.0,2.0,66.67,56.0,11,STEP2_TECHNICAL_METRICS,Sasha_v17/Sasha_v17_002.png,2160,3840,5.567,539.759,109.251,50.902,0.107,0.006,142.0,5012530,69.24,68.86,554,ok,,Sasha_v17,Sasha_v17/Sasha_v17_002.png,Sasha_v17_002.png,work/frames_raw/Sasha_v17/Sasha_v17_002.png,2160,3840,8294400,0.5625,5.567,539.759,109.251,PASS
3,2,2.0,2.0,54.17,60.0,12,STEP2_TECHNICAL_METRICS,Sasha_v17/Sasha_v17_003.png,2160,3840,5.215,548.662,116.231,48.281,0.08,0.004,131.0,4655434,66.67,69.23,569,ok,,Sasha_v17,Sasha_v17/Sasha_v17_003.png,Sasha_v17_003.png,work/frames_raw/Sasha_v17/Sasha_v17_003.png,2160,3840,8294400,0.5625,5.215,548.662,116.231,PASS
4,2,2.0,2.0,0.0,0.0,26,STEP2_TECHNICAL_METRICS,Sasha_v17/Sasha_v17_004.png,2160,3840,3.084,200.858,109.797,40.916,0.039,0.002,92.0,3510048,34.59,34.53,1225,ok,,Sasha_v17,Sasha_v17/Sasha_v17_004.png,Sasha_v17_004.png,work/frames_raw/Sasha_v17/Sasha_v17_004.png,2160,3840,8294400,0.5625,3.084,200.858,109.797,PASS
5,2,2.0,2.0,12.5,8.0,24,STEP2_TECHNICAL_METRICS,Sasha_v17/Sasha_v17_005.png,2160,3840,3.524,236.086,106.724,43.199,0.064,0.004,103.0,4031724,41.28,39.99,1102,ok,,Sasha_v17,Sasha_v17/Sasha_v17_005.png,Sasha_v17_005.png,work/frames_raw/Sasha_v17/Sasha_v17_005.png,2160,3840,8294400,0.5625,3.524,236.086,106.724,PASS
6,2,2.0,2.0,29.17,24.0,20,STEP2_TECHNICAL_METRICS,Sasha_v17/Sasha_v17_006.png,2160,3840,4.57,348.104,105.272,48.361,0.094,0.004,131.0,4659104,59.98,54.4,776,ok,,Sasha_v17,Sasha_v17/Sasha_v17_006.png,Sasha_v17_006.png,work/frames_raw/Sasha_v17/Sasha_v17_006.png,2160,3840,8294400,0.5625,4.57,348.104,105.272,PASS
7,2,2.0,2.0,70.83,64.0,9,STEP2_TECHNICAL_METRICS,Sasha_v17/Sasha_v17_007.png,2160,3840,5.732,556.352,108.045,49.764,0.11,0.004,140.0,5148591,70.43,69.81,536,ok,,Sasha_v17,Sasha_v17/Sasha_v17_007.png,Sasha_v17_007.png,work/frames_raw/Sasha_v17/Sasha_v17_007.png,2160,3840,8294400,0.5625,5.732,556.352,108.045,PASS
8,2,2.0,2.0,33.33,36.0,17,STEP2_TECHNICAL_METRICS,Sasha_v17/Sasha_v17_008.png,2160,3840,4.583,397.428,108.483,46.503,0.091,0.003,123.0,4748583,60.16,58.32,731,ok,,Sasha_v17,Sasha_v17/Sasha_v17_008.png,Sasha_v17_008.png,work/frames_raw/Sasha_v17/Sasha_v17_008.png,2160,3840,8294400,0.5625,4.583,397.428,108.483,PASS
9,2,2.0,2.0,20.83,20.0,21,STEP2_TECHNICAL_METRICS,Sasha_v17/Sasha_v17_009.png,2160,3840,4.164,345.495,117.597,46.158,0.04,0.008,106.0,4047121,53.23,54.13,850,ok,,Sasha_v17,Sasha_v17/Sasha_v17_009.png,Sasha_v17_009.png,work/frames_raw/Sasha_v17/Sasha_v17_009.png,2160,3840,8294400,0.5625,4.164,345.495,117.597,PASS
10,2,2.0,2.0,41.67,52.0,15,STEP2_TECHNICAL_METRICS,Sasha_v17/Sasha_v17_010.png,2160,3840,4.814,489.37,104.24,42.914,0.079,0.001,106.0,4357495,62.37,65.36,640,ok,,Sasha_v17,Sasha_v17/Sasha_v17_010.png,Sasha_v17_010.png,work/frames_raw/Sasha_v17/Sasha_v17_010.png,2160,3840,8294400,0.5625,4.814,489.37,104.24,PASS
11,2,2.0,2.0,83.33,84.0,6,STEP2_TECHNICAL_METRICS,Sasha_v17/Sasha_v17_011.png,2160,3840,6.633,814.926,109.517,51.695,0.106,0.005,145.0,5432613,76.28,80.3,382,ok,,Sasha_v17,Sasha_v17/Sasha_v17_011.png,Sasha_v17_011.png,work/frames_raw/Sasha_v17/Sasha_v17_011.png,2160,3840,8294400,0.5625,6.633,814.926,109.517,PASS
12,2,2.0,2.0,62.5,68.0,10,STEP2_TECHNICAL_METRICS,Sasha_v17/Sasha_v17_012.png,2160,3840,5.348,586.429,106.978,53.848,0.13,0.005,153.0,4648941,67.74,71.4,547,ok,,Sasha_v17,Sasha_v17/Sasha_v17_012.png,Sasha_v17_012.png,work/frames_raw/Sasha_v17/Sasha_v17_012.png,2160,3840,8294400,0.5625,5.348,586.429,106.978,PASS
13,2,2.0,2.0,75.0,72.0,8,STEP2_TECHNICAL_METRICS,Sasha_v17/Sasha_v17_013.png,2160,3840,5.849,609.317,112.133,51.903,0.112,0.003,149.0,4885432,71.45,73.41,492,ok,,Sasha_v17,Sasha_v17/Sasha_v17_013.png,Sasha_v17_013.png,work/frames_raw/Sasha_v17/Sasha_v17_013.png,2160,3840,8294400,0.5625,5.849,609.317,112.133,PASS
14,2,2.0,2.0,45.83,40.0,16,STEP2_TECHNICAL_METRICS,Sasha_v17/Sasha_v17_014.png,2160,3840,4.839,409.037,113.375,52.07,0.112,0.002,147.0,4557113,62.6,59.38,694,ok,,Sasha_v17,Sasha_v17/Sasha_v17_014.png,Sasha_v17_014.png,work/frames_raw/Sasha_v17/Sasha_v17_014.png,2160,3840,8294400,0.5625,4.839,409.037,113.375,PASS
15,2,2.0,2.0,50.0,48.0,14,STEP2_TECHNICAL_METRICS,Sasha_v17/Sasha_v17_015.png,2160,3840,5.092,456.811,113.965,51.682,0.109,0.003,148.0,5046919,65.47,63.35,628,ok,,Sasha_v17,Sasha_v17/Sasha_v17_015.png,Sasha_v17_015.png,work/frames_raw/Sasha_v17/Sasha_v17_015.png,2160,3840,8294400,0.5625,5.092,456.811,113.965,PASS
16,2,2.0,2.0,58.33,44.0,13,STEP2_TECHNICAL_METRICS,Sasha_v17/Sasha_v17_016.png,2160,3840,5.291,448.813,124.229,50.087,0.073,0.006,136.0,4840719,67.38,62.66,613,ok,,Sasha_v17,Sasha_v17/Sasha_v17_016.png,Sasha_v17_016.png,work/frames_raw/Sasha_v17/Sasha_v17_016.png,2160,3840,8294400,0.5625,5.291,448.813,124.229,PASS
17,2,2.0,2.0,91.67,80.0,5,STEP2_TECHNICAL_METRICS,Sasha_v17/Sasha_v17_017.png,2160,3840,6.964,790.623,112.313,49.048,0.106,0.004,139.0,5197361,78.32,79.71,371,ok,,Sasha_v17,Sasha_v17/Sasha_v17_017.png,Sasha_v17_017.png,work/frames_raw/Sasha_v17/Sasha_v17_017.png,2160,3840,8294400,0.5625,6.964,790.623,112.313,PASS
18,2,2.0,2.0,79.17,76.0,7,STEP2_TECHNICAL_METRICS,Sasha_v17/Sasha_v17_018.png,2160,3840,6.198,716.818,112.69,48.772,0.094,0.004,135.0,5191822,73.18,78.34,426,ok,,Sasha_v17,Sasha_v17/Sasha_v17_018.png,Sasha_v17_018.png,work/frames_raw/Sasha_v17/Sasha_v17_018.png,2160,3840,8294400,0.5625,6.198,716.818,112.69,PASS
19,2,2.0,2.0,100.0,100.0,1,STEP2_TECHNICAL_METRICS,Sasha_v17/Sasha_v17_019.png,2160,3840,8.147,1027.072,108.368,49.577,0.1,0.006,136.0,5021278,81.36,83.37,302,ok,,Sasha_v17,Sasha_v17/Sasha_v17_019.png,Sasha_v17_019.png,work/frames_raw/Sasha_v17/Sasha_v17_019.png,2160,3840,8294400,0.5625,8.147,1027.072,108.368,PASS
20,2,2.0,2.0,87.5,96.0,3,STEP2_TECHNICAL_METRICS,Sasha_v17/Sasha_v17_020.png,2160,3840,6.728,977.523,105.788,48.138,0.099,0.005,131.0,5331673,76.88,82.94,355,ok,,Sasha_v17,Sasha_v17/Sasha_v17_020.png,Sasha_v17_020.png,work/frames_raw/Sasha_v17/Sasha_v17_020.png,2160,3840,8294400,0.5625,6.728,977.523,105.788,PASS
21,2,2.0,2.0,95.83,92.0,2,STEP2_TECHNICAL_METRICS,Sasha_v17/Sasha_v17_021.png,2160,3840,7.625,890.916,106.882,49.911,0.104,0.007,139.0,5325054,79.81,81.62,330,ok,,Sasha_v17,Sasha_v17/Sasha_v17_021.png,Sasha_v17_021.png,work/frames_raw/Sasha_v17/Sasha_v17_021.png,2160,3840,8294400,0.5625,7.625,890.916,106.882,PASS
22,2,2.0,2.0,25.0,32.0,19,STEP2_TECHNICAL_METRICS,Sasha_v17/Sasha_v17_022.png,2160,3840,4.316,384.473,108.086,45.686,0.065,0.002,115.0,4473836,55.97,57.1,796,ok,,Sasha_v17,Sasha_v17/Sasha_v17_022.png,Sasha_v17_022.png,work/frames_raw/Sasha_v17/Sasha_v17_022.png,2160,3840,8294400,0.5625,4.316,384.473,108.086,PASS
23,2,2.0,2.0,8.33,16.0,23,STEP2_TECHNICAL_METRICS,Sasha_v17/Sasha_v17_023.png,2160,3840,3.508,268.901,109.935,49.729,0.087,0.004,132.0,4186519,40.92,44.54,1064,ok,,Sasha_v17,Sasha_v17/Sasha_v17_023.png,Sasha_v17_023.png,work/frames_raw/Sasha_v17/Sasha_v17_023.png,2160,3840,8294400,0.5625,3.508,268.901,109.935,PASS
24,2,2.0,2.0,16.67,12.0,22,STEP2_TECHNICAL_METRICS,Sasha_v17/Sasha_v17_024.png,2160,3840,3.744,258.78,108.677,47.055,0.076,0.007,119.0,4352756,46.0,42.85,1032,ok,,Sasha_v17,Sasha_v17/Sasha_v17_024.png,Sasha_v17_024.png,work/frames_raw/Sasha_v17/Sasha_v17_024.png,2160,3840,8294400,0.5625,3.744,258.78,108.677,PASS
25,2,2.0,2.0,4.17,4.0,25,STEP2_TECHNICAL_METRICS,Sasha_v17/Sasha_v17_025.png,2160,3840,3.181,201.769,112.339,46.018,0.076,0.003,122.0,3857464,36.02,34.85,1202,ok,,Sasha_v17,Sasha_v17/Sasha_v17_025.png,Sasha_v17_025.png,work/frames_raw/Sasha_v17/Sasha_v17_025.png,2160,3840,8294400,0.5625,3.181,201.769,112.339,PASS
26,2,2.0,2.0,37.5,28.0,18,STEP2_TECHNICAL_METRICS,Sasha_v17/Sasha_v17_026.png,2160,3840,4.767,371.374,118.036,52.05,0.077,0.005,140.0,5051647,61.95,56.25,735,ok,,Sasha_v17,Sasha_v17/Sasha_v17_026.png,Sasha_v17_026.png,work/frames_raw/Sasha_v17/Sasha_v17_026.png,2160,3840,8294400,0.5625,4.767,371.374,118.036,PASS
1,2,2.0,2.0,34.48,55.17,17,STEP2_TECHNICAL_METRICS,Sasha_v19/Sasha_v19_001.png,2160,2896,4.759,1000.536,134.494,94.778,0.322,0.002,221.0,1718439,61.89,83.32,490,ok,,Sasha_v19,Sasha_v19/Sasha_v19_001.png,Sasha_v19_001.png,work/frames_raw/Sasha_v19/Sasha_v19_001.png,2160,2896,6255360,0.745856,4.759,1000.536,134.494,PASS
2,2,2.0,2.0,65.52,65.52,12,STEP2_TECHNICAL_METRICS,Sasha_v19/Sasha_v19_002.png,2160,2896,5.932,1118.877,130.756,94.826,0.342,0.001,219.0,1779639,71.86,84.69,383,ok,,Sasha_v19,Sasha_v19/Sasha_v19_002.png,Sasha_v19_002.png,work/frames_raw/Sasha_v19/Sasha_v19_002.png,2160,2896,6255360,0.745856,5.932,1118.877,130.756,PASS
3,2,2.0,2.0,37.93,20.69,21,STEP2_TECHNICAL_METRICS,Sasha_v19/Sasha_v19_003.png,2160,2896,4.896,854.326,132.205,94.453,0.334,0.001,219.0,1691877,63.14,81.04,501,ok,,Sasha_v19,Sasha_v19/Sasha_v19_003.png,Sasha_v19_003.png,work/frames_raw/Sasha_v19/Sasha_v19_003.png,2160,2896,6255360,0.745856,4.896,854.326,132.205,PASS
4,2,2.0,2.0,31.03,37.93,20,STEP2_TECHNICAL_METRICS,Sasha_v19/Sasha_v19_004.png,2160,2896,4.643,904.037,132.062,94.948,0.337,0.002,219.0,1632750,60.63,81.83,518,ok,,Sasha_v19,Sasha_v19/Sasha_v19_004.png,Sasha_v19_004.png,work/frames_raw/Sasha_v19/Sasha_v19_004.png,2160,2896,6255360,0.745856,4.643,904.037,132.062,PASS
5,2,2.0,2.0,79.31,79.31,7,STEP2_TECHNICAL_METRICS,Sasha_v19/Sasha_v19_005.png,2160,2896,6.488,1176.822,132.926,94.904,0.332,0.002,219.0,1665793,75.09,85.33,349,ok,,Sasha_v19,Sasha_v19/Sasha_v19_005.png,Sasha_v19_005.png,work/frames_raw/Sasha_v19/Sasha_v19_005.png,2160,2896,6255360,0.745856,6.488,1176.822,132.926,PASS
6,2,2.0,2.0,17.24,41.38,22,STEP2_TECHNICAL_METRICS,Sasha_v19/Sasha_v19_006.png,2160,2896,4.287,919.536,130.279,94.939,0.345,0.002,218.0,1660295,55.44,81.99,559,ok,,Sasha_v19,Sasha_v19/Sasha_v19_006.png,Sasha_v19_006.png,work/frames_raw/Sasha_v19/Sasha_v19_006.png,2160,2896,6255360,0.745856,4.287,919.536,130.279,PASS
7,2,2.0,2.0,24.14,17.24,25,STEP2_TECHNICAL_METRICS,Sasha_v19/Sasha_v19_007.png,2160,2896,4.402,843.278,129.586,94.948,0.347,0.001,221.0,1817838,57.29,80.77,555,ok,,Sasha_v19,Sasha_v19/Sasha_v19_007.png,Sasha_v19_007.png,work/frames_raw/Sasha_v19/Sasha_v19_007.png,2160,2896,6255360,0.745856,4.402,843.278,129.586,PASS
8,2,2.0,2.0,58.62,82.76,10,STEP2_TECHNICAL_METRICS,Sasha_v19/Sasha_v19_008.png,2160,2896,5.481,1195.069,128.87,95.31,0.348,0.002,220.0,1979567,68.82,85.65,397,ok,,Sasha_v19,Sasha_v19/Sasha_v19_008.png,Sasha_v19_008.png,work/frames_raw/Sasha_v19/Sasha_v19_008.png,2160,2896,6255360,0.745856,5.481,1195.069,128.87,PASS
9,2,2.0,2.0,51.72,51.72,15,STEP2_TECHNICAL_METRICS,Sasha_v19/Sasha_v19_009.png,2160,2896,5.234,978.835,130.264,95.926,0.348,0.002,221.0,1722852,66.91,83.0,440,ok,,Sasha_v19,Sasha_v19/Sasha_v19_009.png,Sasha_v19_009.png,work/frames_raw/Sasha_v19/Sasha_v19_009.png,2160,2896,6255360,0.745856,5.234,978.835,130.264,PASS
10,2,2.0,2.0,41.38,34.48,19,STEP2_TECHNICAL_METRICS,Sasha_v19/Sasha_v19_010.png,2160,2896,4.941,898.21,128.0,95.099,0.345,0.002,221.0,2061779,63.86,81.78,484,ok,,Sasha_v19,Sasha_v19/Sasha_v19_010.png,Sasha_v19_010.png,work/frames_raw/Sasha_v19/Sasha_v19_010.png,2160,2896,6255360,0.745856,4.941,898.21,128.0,PASS
11,2,2.0,2.0,93.1,72.41,5,STEP2_TECHNICAL_METRICS,Sasha_v19/Sasha_v19_011.png,2160,2896,7.07,1142.201,128.187,95.253,0.344,0.002,221.0,2186195,78.67,84.85,314,ok,,Sasha_v19,Sasha_v19/Sasha_v19_011.png,Sasha_v19_011.png,work/frames_raw/Sasha_v19/Sasha_v19_011.png,2160,2896,6255360,0.745856,7.07,1142.201,128.187,PASS
12,2,2.0,2.0,62.07,48.28,14,STEP2_TECHNICAL_METRICS,Sasha_v19/Sasha_v19_012.png,2160,2896,5.482,961.705,126.558,94.944,0.355,0.002,221.0,2248971,68.88,82.68,425,ok,,Sasha_v19,Sasha_v19/Sasha_v19_012.png,Sasha_v19_012.png,work/frames_raw/Sasha_v19/Sasha_v19_012.png,2160,2896,6255360,0.745856,5.482,961.705,126.558,PASS
13,2,2.0,2.0,27.59,24.14,23,STEP2_TECHNICAL_METRICS,Sasha_v19/Sasha_v19_013.png,2160,2896,4.407,855.334,130.305,94.976,0.338,0.002,221.0,1931042,57.41,81.09,552,ok,,Sasha_v19,Sasha_v19/Sasha_v19_013.png,Sasha_v19_013.png,work/frames_raw/Sasha_v19/Sasha_v19_013.png,2160,2896,6255360,0.745856,4.407,855.334,130.305,PASS
14,2,2.0,2.0,10.34,13.79,26,STEP2_TECHNICAL_METRICS,Sasha_v19/Sasha_v19_014.png,2160,2896,3.778,804.687,128.573,96.456,0.359,0.002,220.0,1561349,46.3,79.98,657,ok,,Sasha_v19,Sasha_v19/Sasha_v19_014.png,Sasha_v19_014.png,work/frames_raw/Sasha_v19/Sasha_v19_014.png,2160,2896,6255360,0.745856,3.778,804.687,128.573,PASS
15,2,2.0,2.0,68.97,89.66,6,STEP2_TECHNICAL_METRICS,Sasha_v19/Sasha_v19_015.png,2160,2896,6.142,1284.872,133.029,95.581,0.333,0.002,220.0,1907684,72.76,86.71,359,ok,,Sasha_v19,Sasha_v19/Sasha_v19_015.png,Sasha_v19_015.png,work/frames_raw/Sasha_v19/Sasha_v19_015.png,2160,2896,6255360,0.745856,6.142,1284.872,133.029,PASS
16,2,2.0,2.0,55.17,62.07,13,STEP2_TECHNICAL_METRICS,Sasha_v19/Sasha_v19_016.png,2160,2896,5.265,1082.417,127.752,95.372,0.346,0.002,217.0,1846697,67.14,84.16,429,ok,,Sasha_v19,Sasha_v19/Sasha_v19_016.png,Sasha_v19_016.png,work/frames_raw/Sasha_v19/Sasha_v19_016.png,2160,2896,6255360,0.745856,5.265,1082.417,127.752,PASS
17,2,2.0,2.0,72.41,75.86,9,STEP2_TECHNICAL_METRICS,Sasha_v19/Sasha_v19_017.png,2160,2896,6.244,1161.316,129.798,94.679,0.338,0.002,219.0,2076116,73.54,85.01,365,ok,,Sasha_v19,Sasha_v19/Sasha_v19_017.png,Sasha_v19_017.png,work/frames_raw/Sasha_v19/Sasha_v19_017.png,2160,2896,6255360,0.745856,6.244,1161.316,129.798,PASS
18,2,2.0,2.0,86.21,96.55,2,STEP2_TECHNICAL_METRICS,Sasha_v19/Sasha_v19_018.png,2160,2896,6.934,1409.686,129.218,94.42,0.339,0.002,219.0,2275663,78.2,87.61,291,ok,,Sasha_v19,Sasha_v19/Sasha_v19_018.png,Sasha_v19_018.png,work/frames_raw/Sasha_v19/Sasha_v19_018.png,2160,2896,6255360,0.745856,6.934,1409.686,129.218,PASS
19,2,2.0,2.0,20.69,27.59,24,STEP2_TECHNICAL_METRICS,Sasha_v19/Sasha_v19_019.png,2160,2896,4.341,867.567,132.649,96.067,0.34,0.002,223.0,1556987,56.63,81.36,556,ok,,Sasha_v19,Sasha_v19/Sasha_v19_019.png,Sasha_v19_019.png,work/frames_raw/Sasha_v19/Sasha_v19_019.png,2160,2896,6255360,0.745856,4.341,867.567,132.649,PASS
20,2,2.0,2.0,6.9,10.34,28,STEP2_TECHNICAL_METRICS,Sasha_v19/Sasha_v19_020.png,2160,2896,3.737,780.546,133.728,95.338,0.329,0.002,220.0,1465137,45.7,79.5,666,ok,,Sasha_v19,Sasha_v19/Sasha_v19_020.png,Sasha_v19_020.png,work/frames_raw/Sasha_v19/Sasha_v19_020.png,2160,2896,6255360,0.745856,3.737,780.546,133.728,PASS
21,2,2.0,2.0,100.0,100.0,1,STEP2_TECHNICAL_METRICS,Sasha_v19/Sasha_v19_021.png,2160,2896,8.418,1503.132,123.519,95.29,0.364,0.002,217.0,2192465,81.42,88.35,254,ok,,Sasha_v19,Sasha_v19/Sasha_v19_021.png,Sasha_v19_021.png,work/frames_raw/Sasha_v19/Sasha_v19_021.png,2160,2896,6255360,0.745856,8.418,1503.132,123.519,PASS
22,2,2.0,2.0,13.79,6.9,27,STEP2_TECHNICAL_METRICS,Sasha_v19/Sasha_v19_022.png,2160,2896,3.832,727.412,128.756,94.811,0.339,0.002,221.0,1780812,47.37,78.55,658,ok,,Sasha_v19,Sasha_v19/Sasha_v19_022.png,Sasha_v19_022.png,work/frames_raw/Sasha_v19/Sasha_v19_022.png,2160,2896,6255360,0.745856,3.832,727.412,128.756,PASS
23,2,2.0,2.0,82.76,68.97,8,STEP2_TECHNICAL_METRICS,Sasha_v19/Sasha_v19_023.png,2160,2896,6.663,1140.068,124.806,95.063,0.352,0.002,217.0,2011841,76.58,84.8,331,ok,,Sasha_v19,Sasha_v19/Sasha_v19_023.png,Sasha_v19_023.png,work/frames_raw/Sasha_v19/Sasha_v19_023.png,2160,2896,6255360,0.745856,6.663,1140.068,124.806,PASS
24,2,2.0,2.0,75.86,58.62,11,STEP2_TECHNICAL_METRICS,Sasha_v19/Sasha_v19_024.png,2160,2896,6.249,1070.855,138.127,93.962,0.31,0.002,219.0,1440882,73.6,83.95,377,ok,,Sasha_v19,Sasha_v19/Sasha_v19_024.png,Sasha_v19_024.png,work/frames_raw/Sasha_v19/Sasha_v19_024.png,2160,2896,6255360,0.745856,6.249,1070.855,138.127,PASS
25,2,2.0,2.0,44.83,44.83,16,STEP2_TECHNICAL_METRICS,Sasha_v19/Sasha_v19_025.png,2160,2896,5.131,941.889,132.492,91.519,0.314,0.001,213.0,1491431,65.89,82.31,456,ok,,Sasha_v19,Sasha_v19/Sasha_v19_025.png,Sasha_v19_025.png,work/frames_raw/Sasha_v19/Sasha_v19_025.png,2160,2896,6255360,0.745856,5.131,941.889,132.492,PASS
26,2,2.0,2.0,96.55,86.21,3,STEP2_TECHNICAL_METRICS,Sasha_v19/Sasha_v19_026.png,2160,2896,7.656,1275.27,129.715,93.847,0.336,0.001,215.0,1735659,79.87,86.6,284,ok,,Sasha_v19,Sasha_v19/Sasha_v19_026.png,Sasha_v19_026.png,work/frames_raw/Sasha_v19/Sasha_v19_026.png,2160,2896,6255360,0.745856,7.656,1275.27,129.715,PASS
27,2,2.0,2.0,48.28,31.03,18,STEP2_TECHNICAL_METRICS,Sasha_v19/Sasha_v19_027.png,2160,2896,5.168,877.183,130.771,93.529,0.333,0.001,216.0,1437878,66.19,81.51,459,ok,,Sasha_v19,Sasha_v19/Sasha_v19_027.png,Sasha_v19_027.png,work/frames_raw/Sasha_v19/Sasha_v19_027.png,2160,2896,6255360,0.745856,5.168,877.183,130.771,PASS
28,2,2.0,2.0,3.45,3.45,29,STEP2_TECHNICAL_METRICS,Sasha_v19/Sasha_v19_028.png,2160,2896,3.234,668.488,131.722,92.749,0.325,0.001,215.0,1465321,37.16,76.64,783,ok,,Sasha_v19,Sasha_v19/Sasha_v19_028.png,Sasha_v19_028.png,work/frames_raw/Sasha_v19/Sasha_v19_028.png,2160,2896,6255360,0.745856,3.234,668.488,131.722,PASS
29,2,2.0,2.0,89.66,93.1,4,STEP2_TECHNICAL_METRICS,Sasha_v19/Sasha_v19_029.png,2160,2896,7.057,1292.304,130.73,93.348,0.331,0.001,215.0,1701612,78.55,86.81,295,ok,,Sasha_v19,Sasha_v19/Sasha_v19_029.png,Sasha_v19_029.png,work/frames_raw/Sasha_v19/Sasha_v19_029.png,2160,2896,6255360,0.745856,7.057,1292.304,130.73,PASS
30,2,2.0,2.0,0.0,0.0,30,STEP2_TECHNICAL_METRICS,Sasha_v19/Sasha_v19_030.png,2160,2896,3.215,666.912,130.878,92.029,0.321,0.001,215.0,1431484,36.74,76.54,790,ok,,Sasha_v19,Sasha_v19/Sasha_v19_030.png,Sasha_v19_030.png,work/frames_raw/Sasha_v19/Sasha_v19_030.png,2160,2896,6255360,0.745856,3.215,666.912,130.878,PASS
1,2,2.0,2.0,78.95,42.11,8,STEP2_TECHNICAL_METRICS,Sasha_v20/Sasha_v20_001.png,2160,3840,2.559,154.281,106.558,48.409,0.057,0.007,130.0,3776947,23.89,23.04,1439,ok,,Sasha_v20,Sasha_v20/Sasha_v20_001.png,Sasha_v20_001.png,work/frames_raw/Sasha_v20/Sasha_v20_001.png,2160,3840,8294400,0.5625,2.559,154.281,106.558,PASS
2,2,2.0,2.0,94.74,84.21,3,STEP2_TECHNICAL_METRICS,Sasha_v20/Sasha_v20_002.png,2160,3840,3.046,217.752,112.888,53.932,0.049,0.004,145.0,4719780,34.05,37.87,1186,ok,,Sasha_v20,Sasha_v20/Sasha_v20_002.png,Sasha_v20_002.png,work/frames_raw/Sasha_v20/Sasha_v20_002.png,2160,3840,8294400,0.5625,3.046,217.752,112.888,PASS
3,2,2.0,2.0,100.0,100.0,1,STEP2_TECHNICAL_METRICS,Sasha_v20/Sasha_v20_003.png,2160,3840,3.123,330.599,93.168,39.766,0.052,0.002,100.0,3825822,35.07,52.33,1045,ok,,Sasha_v20,Sasha_v20/Sasha_v20_003.png,Sasha_v20_003.png,work/frames_raw/Sasha_v20/Sasha_v20_003.png,2160,3840,8294400,0.5625,3.123,330.599,93.168,PASS
4,2,2.0,2.0,42.11,73.68,9,STEP2_TECHNICAL_METRICS,Sasha_v20/Sasha_v20_004.png,2160,3840,2.27,209.228,89.718,34.643,0.063,0.001,76.0,3109541,16.73,36.55,1382,ok,,Sasha_v20,Sasha_v20/Sasha_v20_004.png,Sasha_v20_004.png,work/frames_raw/Sasha_v20/Sasha_v20_004.png,2160,3840,8294400,0.5625,2.27,209.228,89.718,PASS
5,2,2.0,2.0,73.68,78.95,5,STEP2_TECHNICAL_METRICS,Sasha_v20/Sasha_v20_005.png,2160,3840,2.411,211.978,94.012,32.316,0.042,0.0,79.0,2648817,20.73,36.97,1344,ok,,Sasha_v20,Sasha_v20/Sasha_v20_005.png,Sasha_v20_005.png,work/frames_raw/Sasha_v20/Sasha_v20_005.png,2160,3840,8294400,0.5625,2.411,211.978,94.012,PASS
6,2,2.0,2.0,15.79,57.89,13,STEP2_TECHNICAL_METRICS,Sasha_v20/Sasha_v20_006.png,2160,3840,2.142,176.079,95.513,32.807,0.04,0.0,81.0,2620990,14.28,27.97,1489,ok,,Sasha_v20,Sasha_v20/Sasha_v20_006.png,Sasha_v20_006.png,work/frames_raw/Sasha_v20/Sasha_v20_006.png,2160,3840,8294400,0.5625,2.142,176.079,95.513,PASS
7,2,2.0,2.0,68.42,68.42,6,STEP2_TECHNICAL_METRICS,Sasha_v20/Sasha_v20_007.png,2160,3840,2.407,180.175,94.791,32.187,0.034,0.0,80.0,2817028,20.55,29.18,1415,ok,,Sasha_v20,Sasha_v20/Sasha_v20_007.png,Sasha_v20_007.png,work/frames_raw/Sasha_v20/Sasha_v20_007.png,2160,3840,8294400,0.5625,2.407,180.175,94.791,PASS
8,2,2.0,2.0,31.58,36.84,14,STEP2_TECHNICAL_METRICS,Sasha_v20/Sasha_v20_008.png,2160,3840,2.195,145.508,94.998,31.965,0.029,0.0,80.0,2735513,15.29,21.19,1555,ok,,Sasha_v20,Sasha_v20/Sasha_v20_008.png,Sasha_v20_008.png,work/frames_raw/Sasha_v20/Sasha_v20_008.png,2160,3840,8294400,0.5625,2.195,145.508,94.998,PASS
9,2,2.0,2.0,26.32,26.32,16,STEP2_TECHNICAL_METRICS,Sasha_v20/Sasha_v20_009.png,2160,3840,2.181,120.058,94.059,33.406,0.024,0.0,80.0,2800656,15.05,16.1,1596,ok,,Sasha_v20,Sasha_v20/Sasha_v20_009.png,Sasha_v20_009.png,work/frames_raw/Sasha_v20/Sasha_v20_009.png,2160,3840,8294400,0.5625,2.181,120.058,94.059,PASS
10,2,2.0,2.0,63.16,63.16,7,STEP2_TECHNICAL_METRICS,Sasha_v20/Sasha_v20_010.png,2160,3840,2.364,177.498,93.636,32.547,0.022,0.0,74.0,3118291,19.24,28.6,1428,ok,,Sasha_v20,Sasha_v20/Sasha_v20_010.png,Sasha_v20_010.png,work/frames_raw/Sasha_v20/Sasha_v20_010.png,2160,3840,8294400,0.5625,2.364,177.498,93.636,PASS
11,2,2.0,2.0,84.21,89.47,4,STEP2_TECHNICAL_METRICS,Sasha_v20/Sasha_v20_011.png,2160,3840,2.731,249.985,97.344,38.369,0.049,0.0,89.0,3487515,27.6,41.63,1224,ok,,Sasha_v20,Sasha_v20/Sasha_v20_011.png,Sasha_v20_011.png,work/frames_raw/Sasha_v20/Sasha_v20_011.png,2160,3840,8294400,0.5625,2.731,249.985,97.344,PASS
12,2,2.0,2.0,47.37,31.58,12,STEP2_TECHNICAL_METRICS,Sasha_v20/Sasha_v20_012.png,2160,3840,2.306,125.075,99.316,42.637,0.046,0.001,113.0,3639239,17.74,17.43,1565,ok,,Sasha_v20,Sasha_v20/Sasha_v20_012.png,Sasha_v20_012.png,work/frames_raw/Sasha_v20/Sasha_v20_012.png,2160,3840,8294400,0.5625,2.306,125.075,99.316,PASS
13,2,2.0,2.0,21.05,5.26,17,STEP2_TECHNICAL_METRICS,Sasha_v20/Sasha_v20_013.png,2160,3840,2.158,68.249,104.018,44.276,0.032,0.0,120.0,3341734,14.64,5.83,1710,ok,,Sasha_v20,Sasha_v20/Sasha_v20_013.png,Sasha_v20_013.png,work/frames_raw/Sasha_v20/Sasha_v20_013.png,2160,3840,8294400,0.5625,2.158,68.249,104.018,PASS
14,2,2.0,2.0,10.53,0.0,20,STEP2_TECHNICAL_METRICS,Sasha_v20/Sasha_v20_014.png,2160,3840,2.099,58.79,106.857,47.127,0.027,0.006,128.0,3391036,13.26,3.87,1753,ok,,Sasha_v20,Sasha_v20/Sasha_v20_014.png,Sasha_v20_014.png,work/frames_raw/Sasha_v20/Sasha_v20_014.png,2160,3840,8294400,0.5625,2.099,58.79,106.857,PASS
15,2,2.0,2.0,52.63,10.53,15,STEP2_TECHNICAL_METRICS,Sasha_v20/Sasha_v20_015.png,2160,3840,2.315,88.057,104.855,44.917,0.037,0.004,120.0,3642264,17.98,9.9,1621,ok,,Sasha_v20,Sasha_v20/Sasha_v20_015.png,Sasha_v20_015.png,work/frames_raw/Sasha_v20/Sasha_v20_015.png,2160,3840,8294400,0.5625,2.315,88.057,104.855,PASS
16,2,2.0,2.0,89.47,94.74,2,STEP2_TECHNICAL_METRICS,Sasha_v20/Sasha_v20_016.png,2160,3840,2.884,290.536,91.05,43.804,0.081,0.001,114.0,3715466,31.18,47.35,1124,ok,,Sasha_v20,Sasha_v20/Sasha_v20_016.png,Sasha_v20_016.png,work/frames_raw/Sasha_v20/Sasha_v20_016.png,2160,3840,8294400,0.5625,2.884,290.536,91.05,PASS
17,2,2.0,2.0,36.84,47.37,11,STEP2_TECHNICAL_METRICS,Sasha_v20/Sasha_v20_017.png,2160,3840,2.242,169.432,90.781,35.299,0.061,0.0,81.0,2828791,16.19,26.48,1481,ok,,Sasha_v20,Sasha_v20/Sasha_v20_017.png,Sasha_v20_017.png,work/frames_raw/Sasha_v20/Sasha_v20_017.png,2160,3840,8294400,0.5625,2.242,169.432,90.781,PASS
18,2,2.0,2.0,0.0,15.79,19,STEP2_TECHNICAL_METRICS,Sasha_v20/Sasha_v20_018.png,2160,3840,1.767,104.916,97.982,32.2,0.028,0.0,80.0,2435561,7.71,13.24,1703,ok,,Sasha_v20,Sasha_v20/Sasha_v20_018.png,Sasha_v20_018.png,work/frames_raw/Sasha_v20/Sasha_v20_018.png,2160,3840,8294400,0.5625,1.767,104.916,97.982,PASS
19,2,2.0,2.0,57.89,52.63,10,STEP2_TECHNICAL_METRICS,Sasha_v20/Sasha_v20_019.png,2160,3840,2.329,174.085,94.693,35.553,0.025,0.0,88.0,2800973,18.4,27.6,1447,ok,,Sasha_v20,Sasha_v20/Sasha_v20_019.png,Sasha_v20_019.png,work/frames_raw/Sasha_v20/Sasha_v20_019.png,2160,3840,8294400,0.5625,2.329,174.085,94.693,PASS
20,2,2.0,2.0,5.26,21.05,18,STEP2_TECHNICAL_METRICS,Sasha_v20/Sasha_v20_020.png,2160,3840,2.081,110.316,91.661,33.903,0.027,0.0,80.0,3071655,12.96,14.3,1628,ok,,Sasha_v20,Sasha_v20/Sasha_v20_020.png,Sasha_v20_020.png,work/frames_raw/Sasha_v20/Sasha_v20_020.png,2160,3840,8294400,0.5625,2.081,110.316,91.661,PASS
1,2,2.0,2.0,32.14,78.57,15,STEP2_TECHNICAL_METRICS,Sasha_v21/Sasha_v21_001.png,2160,3840,1.834,128.002,166.474,51.28,0.013,0.031,136.0,1916711,8.3,17.96,1640,ok,,Sasha_v21,Sasha_v21/Sasha_v21_001.png,Sasha_v21_001.png,work/frames_raw/Sasha_v21/Sasha_v21_001.png,2160,3840,8294400,0.5625,1.834,128.002,166.474,PASS
2,2,2.0,2.0,64.29,39.29,16,STEP2_TECHNICAL_METRICS,Sasha_v21/Sasha_v21_002.png,2160,3840,2.008,110.882,161.745,50.347,0.015,0.014,133.0,2251823,11.35,14.41,1650,ok,,Sasha_v21,Sasha_v21/Sasha_v21_002.png,Sasha_v21_002.png,work/frames_raw/Sasha_v21/Sasha_v21_002.png,2160,3840,8294400,0.5625,2.008,110.882,161.745,PASS
3,2,2.0,2.0,100.0,96.43,1,STEP2_TECHNICAL_METRICS,Sasha_v21/Sasha_v21_003.png,2160,3840,2.372,140.965,159.229,52.818,0.022,0.005,141.0,2452818,19.41,20.39,1522,ok,,Sasha_v21,Sasha_v21/Sasha_v21_003.png,Sasha_v21_003.png,work/frames_raw/Sasha_v21/Sasha_v21_003.png,2160,3840,8294400,0.5625,2.372,140.965,159.229,PASS
4,2,2.0,2.0,92.86,82.14,4,STEP2_TECHNICAL_METRICS,Sasha_v21/Sasha_v21_004.png,2160,3840,2.265,128.346,160.98,51.968,0.017,0.011,137.0,2556174,16.61,18.11,1567,ok,,Sasha_v21,Sasha_v21/Sasha_v21_004.png,Sasha_v21_004.png,work/frames_raw/Sasha_v21/Sasha_v21_004.png,2160,3840,8294400,0.5625,2.265,128.346,160.98,PASS
5,2,2.0,2.0,42.86,60.71,17,STEP2_TECHNICAL_METRICS,Sasha_v21/Sasha_v21_005.png,2160,3840,1.911,118.349,163.838,49.049,0.01,0.008,128.0,2170025,9.32,15.78,1655,ok,,Sasha_v21,Sasha_v21/Sasha_v21_005.png,Sasha_v21_005.png,work/frames_raw/Sasha_v21/Sasha_v21_005.png,2160,3840,8294400,0.5625,1.911,118.349,163.838,PASS
6,2,2.0,2.0,85.71,71.43,6,STEP2_TECHNICAL_METRICS,Sasha_v21/Sasha_v21_006.png,2160,3840,2.109,122.693,163.687,50.719,0.01,0.015,133.0,2375032,13.44,16.95,1601,ok,,Sasha_v21,Sasha_v21/Sasha_v21_006.png,Sasha_v21_006.png,work/frames_raw/Sasha_v21/Sasha_v21_006.png,2160,3840,8294400,0.5625,2.109,122.693,163.687,PASS
7,2,2.0,2.0,75.0,35.71,13,STEP2_TECHNICAL_METRICS,Sasha_v21/Sasha_v21_007.png,2160,3840,2.043,109.086,159.687,50.813,0.017,0.001,134.0,2374707,12.13,14.14,1639,ok,,Sasha_v21,Sasha_v21/Sasha_v21_007.png,Sasha_v21_007.png,work/frames_raw/Sasha_v21/Sasha_v21_007.png,2160,3840,8294400,0.5625,2.043,109.086,159.687,PASS
8,2,2.0,2.0,14.29,25.0,23,STEP2_TECHNICAL_METRICS,Sasha_v21/Sasha_v21_008.png,2160,3840,1.687,106.222,164.616,47.029,0.01,0.014,112.0,1879577,6.15,13.45,1721,ok,,Sasha_v21,Sasha_v21/Sasha_v21_008.png,Sasha_v21_008.png,work/frames_raw/Sasha_v21/Sasha_v21_008.png,2160,3840,8294400,0.5625,1.687,106.222,164.616,PASS
9,2,2.0,2.0,0.0,14.29,27,STEP2_TECHNICAL_METRICS,Sasha_v21/Sasha_v21_009.png,2160,3840,1.593,95.837,160.487,51.902,0.021,0.003,135.0,1795943,4.72,11.81,1761,ok,,Sasha_v21,Sasha_v21/Sasha_v21_009.png,Sasha_v21_009.png,work/frames_raw/Sasha_v21/Sasha_v21_009.png,2160,3840,8294400,0.5625,1.593,95.837,160.487,PASS
10,2,2.0,2.0,7.14,0.0,29,STEP2_TECHNICAL_METRICS,Sasha_v21/Sasha_v21_010.png,2160,3840,1.662,92.945,165.529,49.636,0.01,0.005,131.0,1757283,5.79,11.18,1755,ok,,Sasha_v21,Sasha_v21/Sasha_v21_010.png,Sasha_v21_010.png,work/frames_raw/Sasha_v21/Sasha_v21_010.png,2160,3840,8294400,0.5625,1.662,92.945,165.529,PASS
11,2,2.0,2.0,35.71,17.86,22,STEP2_TECHNICAL_METRICS,Sasha_v21/Sasha_v21_011.png,2160,3840,1.857,103.301,166.434,49.923,0.012,0.009,129.0,1966647,8.54,12.82,1698,ok,,Sasha_v21,Sasha_v21/Sasha_v21_011.png,Sasha_v21_011.png,work/frames_raw/Sasha_v21/Sasha_v21_011.png,2160,3840,8294400,0.5625,1.857,103.301,166.434,PASS
12,2,2.0,2.0,10.71,21.43,24,STEP2_TECHNICAL_METRICS,Sasha_v21/Sasha_v21_012.png,2160,3840,1.686,103.769,161.773,50.783,0.017,0.009,134.0,1771435,6.09,12.87,1732,ok,,Sasha_v21,Sasha_v21/Sasha_v21_012.png,Sasha_v21_012.png,work/frames_raw/Sasha_v21/Sasha_v21_012.png,2160,3840,8294400,0.5625,1.686,103.769,161.773,PASS
13,2,2.0,2.0,3.57,7.14,28,STEP2_TECHNICAL_METRICS,Sasha_v21/Sasha_v21_013.png,2160,3840,1.65,93.787,154.016,52.133,0.026,0.008,132.0,1848026,5.5,11.39,1757,ok,,Sasha_v21,Sasha_v21/Sasha_v21_013.png,Sasha_v21_013.png,work/frames_raw/Sasha_v21/Sasha_v21_013.png,2160,3840,8294400,0.5625,1.65,93.787,154.016,PASS
14,2,2.0,2.0,82.14,89.29,5,STEP2_TECHNICAL_METRICS,Sasha_v21/Sasha_v21_014.png,2160,3840,2.096,132.119,159.818,52.707,0.021,0.003,142.0,2211048,13.2,18.8,1589,ok,,Sasha_v21,Sasha_v21/Sasha_v21_014.png,Sasha_v21_014.png,work/frames_raw/Sasha_v21/Sasha_v21_014.png,2160,3840,8294400,0.5625,2.096,132.119,159.818,PASS
15,2,2.0,2.0,67.86,85.71,7,STEP2_TECHNICAL_METRICS,Sasha_v21/Sasha_v21_015.png,2160,3840,2.009,128.569,158.946,55.263,0.019,0.002,148.0,2318486,11.41,18.17,1609,ok,,Sasha_v21,Sasha_v21/Sasha_v21_015.png,Sasha_v21_015.png,work/frames_raw/Sasha_v21/Sasha_v21_015.png,2160,3840,8294400,0.5625,2.009,128.569,158.946,PASS
16,2,2.0,2.0,89.29,92.86,3,STEP2_TECHNICAL_METRICS,Sasha_v21/Sasha_v21_016.png,2160,3840,2.121,134.103,157.233,56.867,0.018,0.003,151.0,2396480,13.86,19.12,1580,ok,,Sasha_v21,Sasha_v21/Sasha_v21_016.png,Sasha_v21_016.png,work/frames_raw/Sasha_v21/Sasha_v21_016.png,2160,3840,8294400,0.5625,2.121,134.103,157.233,PASS
17,2,2.0,2.0,96.43,100.0,2,STEP2_TECHNICAL_METRICS,Sasha_v21/Sasha_v21_017.png,2160,3840,2.363,142.257,159.268,53.436,0.013,0.002,143.0,2548203,19.18,20.66,1521,ok,,Sasha_v21,Sasha_v21/Sasha_v21_017.png,Sasha_v21_017.png,work/frames_raw/Sasha_v21/Sasha_v21_017.png,2160,3840,8294400,0.5625,2.363,142.257,159.268,PASS
18,2,2.0,2.0,78.57,67.86,8,STEP2_TECHNICAL_METRICS,Sasha_v21/Sasha_v21_018.png,2160,3840,2.052,121.125,158.625,54.23,0.017,0.002,146.0,2459746,12.37,16.63,1615,ok,,Sasha_v21,Sasha_v21/Sasha_v21_018.png,Sasha_v21_018.png,work/frames_raw/Sasha_v21/Sasha_v21_018.png,2160,3840,8294400,0.5625,2.052,121.125,158.625,PASS
19,2,2.0,2.0,50.0,75.0,9,STEP2_TECHNICAL_METRICS,Sasha_v21/Sasha_v21_019.png,2160,3840,1.934,124.12,159.43,54.065,0.02,0.008,143.0,2185149,10.04,17.11,1630,ok,,Sasha_v21,Sasha_v21/Sasha_v21_019.png,Sasha_v21_019.png,work/frames_raw/Sasha_v21/Sasha_v21_019.png,2160,3840,8294400,0.5625,1.934,124.12,159.43,PASS
20,2,2.0,2.0,21.43,3.57,26,STEP2_TECHNICAL_METRICS,Sasha_v21/Sasha_v21_020.png,2160,3840,1.744,93.413,160.947,51.032,0.018,0.017,134.0,2103654,7.23,11.28,1739,ok,,Sasha_v21,Sasha_v21/Sasha_v21_020.png,Sasha_v21_020.png,work/frames_raw/Sasha_v21/Sasha_v21_020.png,2160,3840,8294400,0.5625,1.744,93.413,160.947,PASS
21,2,2.0,2.0,46.43,42.86,18,STEP2_TECHNICAL_METRICS,Sasha_v21/Sasha_v21_021.png,2160,3840,1.922,112.657,156.562,53.394,0.029,0.0,145.0,2145403,9.74,14.62,1663,ok,,Sasha_v21,Sasha_v21/Sasha_v21_021.png,Sasha_v21_021.png,work/frames_raw/Sasha_v21/Sasha_v21_021.png,2160,3840,8294400,0.5625,1.922,112.657,156.562,PASS
22,2,2.0,2.0,53.57,64.29,10,STEP2_TECHNICAL_METRICS,Sasha_v21/Sasha_v21_022.png,2160,3840,1.964,118.95,156.181,53.493,0.024,0.0,144.0,2143430,10.63,15.94,1636,ok,,Sasha_v21,Sasha_v21/Sasha_v21_022.png,Sasha_v21_022.png,work/frames_raw/Sasha_v21/Sasha_v21_022.png,2160,3840,8294400,0.5625,1.964,118.95,156.181,PASS
23,2,2.0,2.0,60.71,50.0,14,STEP2_TECHNICAL_METRICS,Sasha_v21/Sasha_v21_023.png,2160,3840,2.0,113.309,157.552,56.608,0.029,0.011,150.0,2295126,11.23,14.72,1646,ok,,Sasha_v21,Sasha_v21/Sasha_v21_023.png,Sasha_v21_023.png,work/frames_raw/Sasha_v21/Sasha_v21_023.png,2160,3840,8294400,0.5625,2.0,113.309,157.552,PASS
24,2,2.0,2.0,17.86,10.71,25,STEP2_TECHNICAL_METRICS,Sasha_v21/Sasha_v21_024.png,2160,3840,1.73,94.89,158.569,55.878,0.022,0.0,148.0,2056482,6.99,11.71,1735,ok,,Sasha_v21,Sasha_v21/Sasha_v21_024.png,Sasha_v21_024.png,work/frames_raw/Sasha_v21/Sasha_v21_024.png,2160,3840,8294400,0.5625,1.73,94.89,158.569,PASS
25,2,2.0,2.0,57.14,57.14,12,STEP2_TECHNICAL_METRICS,Sasha_v21/Sasha_v21_025.png,2160,3840,1.968,116.004,157.515,56.962,0.022,0.0,151.0,2203000,10.69,15.25,1647,ok,,Sasha_v21,Sasha_v21/Sasha_v21_025.png,Sasha_v21_025.png,work/frames_raw/Sasha_v21/Sasha_v21_025.png,2160,3840,8294400,0.5625,1.968,116.004,157.515,PASS
26,2,2.0,2.0,28.57,32.14,21,STEP2_TECHNICAL_METRICS,Sasha_v21/Sasha_v21_026.png,2160,3840,1.831,107.082,159.637,56.294,0.024,0.002,150.0,2032757,8.24,13.82,1694,ok,,Sasha_v21,Sasha_v21/Sasha_v21_026.png,Sasha_v21_026.png,work/frames_raw/Sasha_v21/Sasha_v21_026.png,2160,3840,8294400,0.5625,1.831,107.082,159.637,PASS
27,2,2.0,2.0,71.43,46.43,11,STEP2_TECHNICAL_METRICS,Sasha_v21/Sasha_v21_027.png,2160,3840,2.01,113.287,160.393,57.116,0.02,0.003,151.0,2253205,11.47,14.67,1643,ok,,Sasha_v21,Sasha_v21/Sasha_v21_027.png,Sasha_v21_027.png,work/frames_raw/Sasha_v21/Sasha_v21_027.png,2160,3840,8294400,0.5625,2.01,113.287,160.393,PASS
28,2,2.0,2.0,25.0,53.57,19,STEP2_TECHNICAL_METRICS,Sasha_v21/Sasha_v21_028.png,2160,3840,1.761,115.139,156.638,58.46,0.023,0.0,156.0,1914883,7.53,15.1,1683,ok,,Sasha_v21,Sasha_v21/Sasha_v21_028.png,Sasha_v21_028.png,work/frames_raw/Sasha_v21/Sasha_v21_028.png,2160,3840,8294400,0.5625,1.761,115.139,156.638,PASS
29,2,2.0,2.0,39.29,28.57,20,STEP2_TECHNICAL_METRICS,Sasha_v21/Sasha_v21_029.png,2160,3840,1.859,106.901,165.483,53.025,0.015,0.007,142.0,2162983,8.6,13.72,1686,ok,,Sasha_v21,Sasha_v21/Sasha_v21_029.png,Sasha_v21_029.png,work/frames_raw/Sasha_v21/Sasha_v21_029.png,2160,3840,8294400,0.5625,1.859,106.901,165.483,PASS
1,2,2.0,2.0,97.22,97.22,2,STEP2_TECHNICAL_METRICS,Sasha_v22/Sasha_v22_001.png,2160,3840,15.096,1240.972,146.012,62.449,0.052,0.068,161.0,5252912,88.23,86.12,228,ok,,Sasha_v22,Sasha_v22/Sasha_v22_001.png,Sasha_v22_001.png,work/frames_raw/Sasha_v22/Sasha_v22_001.png,2160,3840,8294400,0.5625,15.096,1240.972,146.012,PASS
2,2,2.0,2.0,100.0,100.0,1,STEP2_TECHNICAL_METRICS,Sasha_v22/Sasha_v22_002.png,2160,3840,16.672,1423.961,141.246,62.28,0.059,0.056,161.0,6342726,90.5,87.66,206,ok,,Sasha_v22,Sasha_v22/Sasha_v22_002.png,Sasha_v22_002.png,work/frames_raw/Sasha_v22/Sasha_v22_002.png,2160,3840,8294400,0.5625,16.672,1423.961,141.246,PASS
3,2,2.0,2.0,94.44,83.33,6,STEP2_TECHNICAL_METRICS,Sasha_v22/Sasha_v22_003.png,2160,3840,11.401,850.736,142.699,63.849,0.046,0.086,167.0,5186171,84.05,80.93,296,ok,,Sasha_v22,Sasha_v22/Sasha_v22_003.png,Sasha_v22_003.png,work/frames_raw/Sasha_v22/Sasha_v22_003.png,2160,3840,8294400,0.5625,11.401,850.736,142.699,PASS
4,2,2.0,2.0,72.22,75.0,10,STEP2_TECHNICAL_METRICS,Sasha_v22/Sasha_v22_004.png,2160,3840,8.725,763.458,150.231,67.436,0.045,0.13,200.0,4798605,81.96,79.08,339,ok,,Sasha_v22,Sasha_v22/Sasha_v22_004.png,Sasha_v22_004.png,work/frames_raw/Sasha_v22/Sasha_v22_004.png,2160,3840,8294400,0.5625,8.725,763.458,150.231,PASS
5,2,2.0,2.0,88.89,94.44,3,STEP2_TECHNICAL_METRICS,Sasha_v22/Sasha_v22_005.png,2160,3840,10.315,968.439,145.167,69.108,0.051,0.122,199.0,5009414,83.51,82.79,285,ok,,Sasha_v22,Sasha_v22/Sasha_v22_005.png,Sasha_v22_005.png,work/frames_raw/Sasha_v22/Sasha_v22_005.png,2160,3840,8294400,0.5625,10.315,968.439,145.167,PASS
6,2,2.0,2.0,47.22,55.56,19,STEP2_TECHNICAL_METRICS,Sasha_v22/Sasha_v22_006.png,2160,3840,5.538,522.391,145.798,67.089,0.045,0.09,170.0,3470192,69.06,67.9,561,ok,,Sasha_v22,Sasha_v22/Sasha_v22_006.png,Sasha_v22_006.png,work/frames_raw/Sasha_v22/Sasha_v22_006.png,2160,3840,8294400,0.5625,5.538,522.391,145.798,PASS
7,2,2.0,2.0,77.78,88.89,7,STEP2_TECHNICAL_METRICS,Sasha_v22/Sasha_v22_007.png,2160,3840,9.439,872.588,142.168,65.01,0.077,0.086,171.0,4758839,82.8,81.46,309,ok,,Sasha_v22,Sasha_v22/Sasha_v22_007.png,Sasha_v22_007.png,work/frames_raw/Sasha_v22/Sasha_v22_007.png,2160,3840,8294400,0.5625,9.439,872.588,142.168,PASS
8,2,2.0,2.0,83.33,77.78,9,STEP2_TECHNICAL_METRICS,Sasha_v22/Sasha_v22_008.png,2160,3840,9.821,815.945,140.971,65.533,0.06,0.107,194.0,4347231,82.97,80.35,317,ok,,Sasha_v22,Sasha_v22/Sasha_v22_008.png,Sasha_v22_008.png,work/frames_raw/Sasha_v22/Sasha_v22_008.png,2160,3840,8294400,0.5625,9.821,815.945,140.971,PASS
9,2,2.0,2.0,58.33,61.11,15,STEP2_TECHNICAL_METRICS,Sasha_v22/Sasha_v22_009.png,2160,3840,6.644,544.718,134.199,67.109,0.056,0.11,194.0,3637725,76.34,69.01,488,ok,,Sasha_v22,Sasha_v22/Sasha_v22_009.png,Sasha_v22_009.png,work/frames_raw/Sasha_v22/Sasha_v22_009.png,2160,3840,8294400,0.5625,6.644,544.718,134.199,PASS
10,2,2.0,2.0,75.0,72.22,11,STEP2_TECHNICAL_METRICS,Sasha_v22/Sasha_v22_010.png,2160,3840,8.77,735.114,143.496,67.543,0.044,0.082,168.0,4048402,82.02,78.65,347,ok,,Sasha_v22,Sasha_v22/Sasha_v22_010.png,Sasha_v22_010.png,work/frames_raw/Sasha_v22/Sasha_v22_010.png,2160,3840,8294400,0.5625,8.77,735.114,143.496,PASS
11,2,2.0,2.0,86.11,91.67,4,STEP2_TECHNICAL_METRICS,Sasha_v22/Sasha_v22_011.png,2160,3840,9.928,898.018,144.947,67.732,0.053,0.119,195.0,4997173,83.15,81.73,299,ok,,Sasha_v22,Sasha_v22/Sasha_v22_011.png,Sasha_v22_011.png,work/frames_raw/Sasha_v22/Sasha_v22_011.png,2160,3840,8294400,0.5625,9.928,898.018,144.947,PASS
12,2,2.0,2.0,30.56,27.78,26,STEP2_TECHNICAL_METRICS,Sasha_v22/Sasha_v22_012.png,2160,3840,4.873,345.859,147.342,65.949,0.074,0.111,203.0,3753612,62.9,54.18,751,ok,,Sasha_v22,Sasha_v22/Sasha_v22_012.png,Sasha_v22_012.png,work/frames_raw/Sasha_v22/Sasha_v22_012.png,2160,3840,8294400,0.5625,4.873,345.859,147.342,PASS
13,2,2.0,2.0,80.56,80.56,8,STEP2_TECHNICAL_METRICS,Sasha_v22/Sasha_v22_013.png,2160,3840,9.772,845.306,140.403,62.726,0.064,0.072,158.0,5356697,82.92,80.83,311,ok,,Sasha_v22,Sasha_v22/Sasha_v22_013.png,Sasha_v22_013.png,work/frames_raw/Sasha_v22/Sasha_v22_013.png,2160,3840,8294400,0.5625,9.772,845.306,140.403,PASS
14,2,2.0,2.0,52.78,52.78,17,STEP2_TECHNICAL_METRICS,Sasha_v22/Sasha_v22_014.png,2160,3840,6.043,475.646,139.264,63.379,0.053,0.081,164.0,4484340,72.34,64.46,563,ok,,Sasha_v22,Sasha_v22/Sasha_v22_014.png,Sasha_v22_014.png,work/frames_raw/Sasha_v22/Sasha_v22_014.png,2160,3840,8294400,0.5625,6.043,475.646,139.264,PASS
15,2,2.0,2.0,0.0,0.0,37,STEP2_TECHNICAL_METRICS,Sasha_v22/Sasha_v22_015.png,2160,3840,3.375,210.718,137.887,65.542,0.057,0.094,172.0,3184100,38.83,36.76,1148,ok,,Sasha_v22,Sasha_v22/Sasha_v22_015.png,Sasha_v22_015.png,work/frames_raw/Sasha_v22/Sasha_v22_015.png,2160,3840,8294400,0.5625,3.375,210.718,137.887,PASS
16,2,2.0,2.0,5.56,11.11,33,STEP2_TECHNICAL_METRICS,Sasha_v22/Sasha_v22_016.png,2160,3840,3.722,283.03,140.194,65.215,0.063,0.094,173.0,3179906,45.22,46.45,1010,ok,,Sasha_v22,Sasha_v22/Sasha_v22_016.png,Sasha_v22_016.png,work/frames_raw/Sasha_v22/Sasha_v22_016.png,2160,3840,8294400,0.5625,3.722,283.03,140.194,PASS
17,2,2.0,2.0,25.0,30.56,27,STEP2_TECHNICAL_METRICS,Sasha_v22/Sasha_v22_017.png,2160,3840,4.716,381.936,136.346,67.536,0.058,0.12,203.0,3564141,61.53,56.73,734,ok,,Sasha_v22,Sasha_v22/Sasha_v22_017.png,Sasha_v22_017.png,work/frames_raw/Sasha_v22/Sasha_v22_017.png,2160,3840,8294400,0.5625,4.716,381.936,136.346,PASS
18,2,2.0,2.0,13.89,25.0,30,STEP2_TECHNICAL_METRICS,Sasha_v22/Sasha_v22_018.png,2160,3840,4.47,325.336,139.538,65.278,0.06,0.105,194.0,3554813,58.54,52.07,819,ok,,Sasha_v22,Sasha_v22/Sasha_v22_018.png,Sasha_v22_018.png,work/frames_raw/Sasha_v22/Sasha_v22_018.png,2160,3840,8294400,0.5625,4.47,325.336,139.538,PASS
19,2,2.0,2.0,27.78,13.89,29,STEP2_TECHNICAL_METRICS,Sasha_v22/Sasha_v22_019.png,2160,3840,4.775,307.611,140.879,68.519,0.06,0.116,201.0,3725182,62.07,49.58,809,ok,,Sasha_v22,Sasha_v22/Sasha_v22_019.png,Sasha_v22_019.png,work/frames_raw/Sasha_v22/Sasha_v22_019.png,2160,3840,8294400,0.5625,4.775,307.611,140.879,PASS
20,2,2.0,2.0,63.89,69.44,13,STEP2_TECHNICAL_METRICS,Sasha_v22/Sasha_v22_020.png,2160,3840,7.879,624.556,131.854,62.137,0.047,0.093,167.0,4334420,80.65,74.68,390,ok,,Sasha_v22,Sasha_v22/Sasha_v22_020.png,Sasha_v22_020.png,work/frames_raw/Sasha_v22/Sasha_v22_020.png,2160,3840,8294400,0.5625,7.879,624.556,131.854,PASS
21,2,2.0,2.0,8.33,8.33,35,STEP2_TECHNICAL_METRICS,Sasha_v22/Sasha_v22_021.png,2160,3840,3.782,249.9,137.82,67.348,0.062,0.116,198.0,3435651,46.42,41.58,1037,ok,,Sasha_v22,Sasha_v22/Sasha_v22_021.png,Sasha_v22_021.png,work/frames_raw/Sasha_v22/Sasha_v22_021.png,2160,3840,8294400,0.5625,3.782,249.9,137.82,PASS
22,2,2.0,2.0,16.67,19.44,31,STEP2_TECHNICAL_METRICS,Sasha_v22/Sasha_v22_022.png,2160,3840,4.496,312.58,138.901,68.156,0.054,0.135,201.0,3296918,58.96,50.21,832,ok,,Sasha_v22,Sasha_v22/Sasha_v22_022.png,Sasha_v22_022.png,work/frames_raw/Sasha_v22/Sasha_v22_022.png,2160,3840,8294400,0.5625,4.496,312.58,138.901,PASS
23,2,2.0,2.0,50.0,36.11,20,STEP2_TECHNICAL_METRICS,Sasha_v22/Sasha_v22_023.png,2160,3840,5.781,384.143,130.899,71.33,0.086,0.121,208.0,3364456,70.79,57.04,636,ok,,Sasha_v22,Sasha_v22/Sasha_v22_023.png,Sasha_v22_023.png,work/frames_raw/Sasha_v22/Sasha_v22_023.png,2160,3840,8294400,0.5625,5.781,384.143,130.899,PASS
24,2,2.0,2.0,36.11,33.33,25,STEP2_TECHNICAL_METRICS,Sasha_v22/Sasha_v22_024.png,2160,3840,5.233,383.349,145.032,66.77,0.039,0.134,192.0,3776359,66.85,56.89,679,ok,,Sasha_v22,Sasha_v22/Sasha_v22_024.png,Sasha_v22_024.png,work/frames_raw/Sasha_v22/Sasha_v22_024.png,2160,3840,8294400,0.5625,5.233,383.349,145.032,PASS
25,2,2.0,2.0,61.11,58.33,16,STEP2_TECHNICAL_METRICS,Sasha_v22/Sasha_v22_025.png,2160,3840,6.653,522.594,144.838,67.31,0.038,0.138,194.0,4216390,76.46,67.96,499,ok,,Sasha_v22,Sasha_v22/Sasha_v22_025.png,Sasha_v22_025.png,work/frames_raw/Sasha_v22/Sasha_v22_025.png,2160,3840,8294400,0.5625,6.653,522.594,144.838,PASS
26,2,2.0,2.0,33.33,44.44,24,STEP2_TECHNICAL_METRICS,Sasha_v22/Sasha_v22_026.png,2160,3840,5.135,420.533,144.078,66.665,0.049,0.111,189.0,3518660,65.95,60.75,653,ok,,Sasha_v22,Sasha_v22/Sasha_v22_026.png,Sasha_v22_026.png,work/frames_raw/Sasha_v22/Sasha_v22_026.png,2160,3840,8294400,0.5625,5.135,420.533,144.078,PASS
27,2,2.0,2.0,41.67,41.67,22,STEP2_TECHNICAL_METRICS,Sasha_v22/Sasha_v22_027.png,2160,3840,5.433,408.494,141.606,67.539,0.045,0.138,195.0,3926556,68.46,59.32,638,ok,,Sasha_v22,Sasha_v22/Sasha_v22_027.png,Sasha_v22_027.png,work/frames_raw/Sasha_v22/Sasha_v22_027.png,2160,3840,8294400,0.5625,5.433,408.494,141.606,PASS
28,2,2.0,2.0,69.44,66.67,12,STEP2_TECHNICAL_METRICS,Sasha_v22/Sasha_v22_028.png,2160,3840,8.143,600.582,134.951,70.529,0.052,0.118,201.0,3319503,81.3,72.46,400,ok,,Sasha_v22,Sasha_v22/Sasha_v22_028.png,Sasha_v22_028.png,work/frames_raw/Sasha_v22/Sasha_v22_028.png,2160,3840,8294400,0.5625,8.143,600.582,134.951,PASS
29,2,2.0,2.0,38.89,47.22,21,STEP2_TECHNICAL_METRICS,Sasha_v22/Sasha_v22_029.png,2160,3840,5.26,441.077,137.072,66.225,0.045,0.112,187.0,3614144,67.08,62.13,620,ok,,Sasha_v22,Sasha_v22/Sasha_v22_029.png,Sasha_v22_029.png,work/frames_raw/Sasha_v22/Sasha_v22_029.png,2160,3840,8294400,0.5625,5.26,441.077,137.072,PASS
30,2,2.0,2.0,55.56,50.0,18,STEP2_TECHNICAL_METRICS,Sasha_v22/Sasha_v22_030.png,2160,3840,6.069,462.331,142.128,66.916,0.031,0.124,188.0,3474831,72.46,63.56,566,ok,,Sasha_v22,Sasha_v22/Sasha_v22_030.png,Sasha_v22_030.png,work/frames_raw/Sasha_v22/Sasha_v22_030.png,2160,3840,8294400,0.5625,6.069,462.331,142.128,PASS
31,2,2.0,2.0,22.22,22.22,28,STEP2_TECHNICAL_METRICS,Sasha_v22/Sasha_v22_031.png,2160,3840,4.704,319.346,141.559,71.641,0.074,0.146,199.0,3518562,61.35,51.32,800,ok,,Sasha_v22,Sasha_v22/Sasha_v22_031.png,Sasha_v22_031.png,work/frames_raw/Sasha_v22/Sasha_v22_031.png,2160,3840,8294400,0.5625,4.704,319.346,141.559,PASS
32,2,2.0,2.0,19.44,16.67,32,STEP2_TECHNICAL_METRICS,Sasha_v22/Sasha_v22_032.png,2160,3840,4.603,311.61,140.152,62.255,0.019,0.115,185.0,3091879,60.33,50.0,821,ok,,Sasha_v22,Sasha_v22/Sasha_v22_032.png,Sasha_v22_032.png,work/frames_raw/Sasha_v22/Sasha_v22_032.png,2160,3840,8294400,0.5625,4.603,311.61,140.152,PASS
33,2,2.0,2.0,11.11,5.56,34,STEP2_TECHNICAL_METRICS,Sasha_v22/Sasha_v22_033.png,2160,3840,4.133,241.581,138.81,66.434,0.056,0.13,188.0,3651511,52.51,40.62,998,ok,,Sasha_v22,Sasha_v22/Sasha_v22_033.png,Sasha_v22_033.png,work/frames_raw/Sasha_v22/Sasha_v22_033.png,2160,3840,8294400,0.5625,4.133,241.581,138.81,PASS
34,2,2.0,2.0,44.44,38.89,23,STEP2_TECHNICAL_METRICS,Sasha_v22/Sasha_v22_034.png,2160,3840,5.466,392.982,143.141,68.698,0.061,0.122,196.0,3550193,68.7,58.0,654,ok,,Sasha_v22,Sasha_v22/Sasha_v22_034.png,Sasha_v22_034.png,work/frames_raw/Sasha_v22/Sasha_v22_034.png,2160,3840,8294400,0.5625,5.466,392.982,143.141,PASS
35,2,2.0,2.0,91.67,86.11,5,STEP2_TECHNICAL_METRICS,Sasha_v22/Sasha_v22_035.png,2160,3840,10.642,862.582,147.816,63.937,0.027,0.116,182.0,4459223,83.69,81.2,298,ok,,Sasha_v22,Sasha_v22/Sasha_v22_035.png,Sasha_v22_035.png,work/frames_raw/Sasha_v22/Sasha_v22_035.png,2160,3840,8294400,0.5625,10.642,862.582,147.816,PASS
36,2,2.0,2.0,66.67,63.89,14,STEP2_TECHNICAL_METRICS,Sasha_v22/Sasha_v22_036.png,2160,3840,7.941,571.795,129.355,65.325,0.056,0.068,156.0,3821484,80.76,70.44,433,ok,,Sasha_v22,Sasha_v22/Sasha_v22_036.png,Sasha_v22_036.png,work/frames_raw/Sasha_v22/Sasha_v22_036.png,2160,3840,8294400,0.5625,7.941,571.795,129.355,PASS
37,2,2.0,2.0,2.78,2.78,36,STEP2_TECHNICAL_METRICS,Sasha_v22/Sasha_v22_037.png,2160,3840,3.435,227.196,149.86,68.586,0.048,0.118,186.0,3066181,39.96,38.82,1122,ok,,Sasha_v22,Sasha_v22/Sasha_v22_037.png,Sasha_v22_037.png,work/frames_raw/Sasha_v22/Sasha_v22_037.png,2160,3840,8294400,0.5625,3.435,227.196,149.86,PASS
1,2,2.0,2.0,31.58,15.79,16,STEP2_TECHNICAL_METRICS,Sasha_v23/Sasha_v23_001.png,2160,3840,75.146,6144.088,129.884,64.937,0.032,0.059,170.0,10952496,97.43,97.56,46,ok,,Sasha_v23,Sasha_v23/Sasha_v23_001.png,Sasha_v23_001.png,work/frames_raw/Sasha_v23/Sasha_v23_001.png,2160,3840,8294400,0.5625,75.146,6144.088,129.884,PASS
2,2,2.0,2.0,15.79,21.05,17,STEP2_TECHNICAL_METRICS,Sasha_v23/Sasha_v23_002.png,2160,3840,64.706,6196.881,125.546,63.576,0.054,0.054,169.0,12162185,97.25,97.62,47,ok,,Sasha_v23,Sasha_v23/Sasha_v23_002.png,Sasha_v23_002.png,work/frames_raw/Sasha_v23/Sasha_v23_002.png,2160,3840,8294400,0.5625,64.706,6196.881,125.546,PASS
3,2,2.0,2.0,26.32,26.32,15,STEP2_TECHNICAL_METRICS,Sasha_v23/Sasha_v23_003.png,2160,3840,69.256,6747.994,128.796,65.211,0.058,0.062,172.0,13505465,97.37,97.72,45,ok,,Sasha_v23,Sasha_v23/Sasha_v23_003.png,Sasha_v23_003.png,work/frames_raw/Sasha_v23/Sasha_v23_003.png,2160,3840,8294400,0.5625,69.256,6747.994,128.796,PASS
4,2,2.0,2.0,21.05,36.84,14,STEP2_TECHNICAL_METRICS,Sasha_v23/Sasha_v23_004.png,2160,3840,69.207,7126.032,130.762,65.408,0.052,0.061,173.0,14254705,97.31,97.88,44,ok,,Sasha_v23,Sasha_v23/Sasha_v23_004.png,Sasha_v23_004.png,work/frames_raw/Sasha_v23/Sasha_v23_004.png,2160,3840,8294400,0.5625,69.207,7126.032,130.762,PASS
5,2,2.0,2.0,63.16,47.37,9,STEP2_TECHNICAL_METRICS,Sasha_v23/Sasha_v23_005.png,2160,3840,84.847,7967.888,133.592,65.476,0.044,0.06,171.0,14818652,97.79,98.25,38,ok,,Sasha_v23,Sasha_v23/Sasha_v23_005.png,Sasha_v23_005.png,work/frames_raw/Sasha_v23/Sasha_v23_005.png,2160,3840,8294400,0.5625,84.847,7967.888,133.592,PASS
6,2,2.0,2.0,47.37,52.63,11,STEP2_TECHNICAL_METRICS,Sasha_v23/Sasha_v23_006.png,2160,3840,79.469,8118.15,131.651,65.538,0.042,0.062,173.0,15408601,97.61,98.31,40,ok,,Sasha_v23,Sasha_v23/Sasha_v23_006.png,Sasha_v23_006.png,work/frames_raw/Sasha_v23/Sasha_v23_006.png,2160,3840,8294400,0.5625,79.469,8118.15,131.651,PASS
7,2,2.0,2.0,73.68,68.42,6,STEP2_TECHNICAL_METRICS,Sasha_v23/Sasha_v23_007.png,2160,3840,86.392,8584.487,131.471,65.438,0.043,0.062,173.0,16170011,97.97,98.89,29,ok,,Sasha_v23,Sasha_v23/Sasha_v23_007.png,Sasha_v23_007.png,work/frames_raw/Sasha_v23/Sasha_v23_007.png,2160,3840,8294400,0.5625,86.392,8584.487,131.471,PASS
8,2,2.0,2.0,57.89,73.68,8,STEP2_TECHNICAL_METRICS,Sasha_v23/Sasha_v23_008.png,2160,3840,82.885,8649.503,133.339,65.201,0.044,0.062,175.0,16309430,97.73,98.94,32,ok,,Sasha_v23,Sasha_v23/Sasha_v23_008.png,Sasha_v23_008.png,work/frames_raw/Sasha_v23/Sasha_v23_008.png,2160,3840,8294400,0.5625,82.885,8649.503,133.339,PASS
9,2,2.0,2.0,100.0,94.74,1,STEP2_TECHNICAL_METRICS,Sasha_v23/Sasha_v23_009.png,2160,3840,102.863,9245.319,134.454,65.148,0.043,0.068,174.0,16375912,98.45,99.36,17,ok,,Sasha_v23,Sasha_v23/Sasha_v23_009.png,Sasha_v23_009.png,work/frames_raw/Sasha_v23/Sasha_v23_009.png,2160,3840,8294400,0.5625,102.863,9245.319,134.454,PASS
10,2,2.0,2.0,78.95,78.95,5,STEP2_TECHNICAL_METRICS,Sasha_v23/Sasha_v23_010.png,2160,3840,88.681,9048.956,134.777,66.41,0.043,0.081,178.0,16261477,98.03,99.21,27,ok,,Sasha_v23,Sasha_v23/Sasha_v23_010.png,Sasha_v23_010.png,work/frames_raw/Sasha_v23/Sasha_v23_010.png,2160,3840,8294400,0.5625,88.681,9048.956,134.777,PASS
11,2,2.0,2.0,89.47,84.21,3,STEP2_TECHNICAL_METRICS,Sasha_v23/Sasha_v23_011.png,2160,3840,93.37,9102.829,132.823,67.295,0.051,0.086,182.0,16306156,98.21,99.26,21,ok,,Sasha_v23,Sasha_v23/Sasha_v23_011.png,Sasha_v23_011.png,work/frames_raw/Sasha_v23/Sasha_v23_011.png,2160,3840,8294400,0.5625,93.37,9102.829,132.823,PASS
12,2,2.0,2.0,84.21,89.47,4,STEP2_TECHNICAL_METRICS,Sasha_v23/Sasha_v23_012.png,2160,3840,91.216,9163.412,134.094,66.28,0.046,0.073,178.0,16164169,98.09,99.31,23,ok,,Sasha_v23,Sasha_v23/Sasha_v23_012.png,Sasha_v23_012.png,work/frames_raw/Sasha_v23/Sasha_v23_012.png,2160,3840,8294400,0.5625,91.216,9163.412,134.094,PASS
13,2,2.0,2.0,94.74,100.0,2,STEP2_TECHNICAL_METRICS,Sasha_v23/Sasha_v23_013.png,2160,3840,96.349,9314.827,132.989,66.204,0.046,0.074,179.0,16181843,98.27,99.42,18,ok,,Sasha_v23,Sasha_v23/Sasha_v23_013.png,Sasha_v23_013.png,work/frames_raw/Sasha_v23/Sasha_v23_013.png,2160,3840,8294400,0.5625,96.349,9314.827,132.989,PASS
14,2,2.0,2.0,52.63,57.89,10,STEP2_TECHNICAL_METRICS,Sasha_v23/Sasha_v23_014.png,2160,3840,82.866,8363.667,133.812,66.551,0.053,0.072,178.0,15684694,97.67,98.68,36,ok,,Sasha_v23,Sasha_v23/Sasha_v23_014.png,Sasha_v23_014.png,work/frames_raw/Sasha_v23/Sasha_v23_014.png,2160,3840,8294400,0.5625,82.866,8363.667,133.812,PASS
15,2,2.0,2.0,68.42,63.16,7,STEP2_TECHNICAL_METRICS,Sasha_v23/Sasha_v23_015.png,2160,3840,86.232,8578.961,132.801,64.368,0.051,0.063,174.0,15629889,97.91,98.83,31,ok,,Sasha_v23,Sasha_v23/Sasha_v23_015.png,Sasha_v23_015.png,work/frames_raw/Sasha_v23/Sasha_v23_015.png,2160,3840,8294400,0.5625,86.232,8578.961,132.801,PASS
16,2,2.0,2.0,36.84,42.11,12,STEP2_TECHNICAL_METRICS,Sasha_v23/Sasha_v23_016.png,2160,3840,75.301,7675.216,129.841,63.773,0.047,0.053,170.0,14047468,97.49,98.09,41,ok,,Sasha_v23,Sasha_v23/Sasha_v23_016.png,Sasha_v23_016.png,work/frames_raw/Sasha_v23/Sasha_v23_016.png,2160,3840,8294400,0.5625,75.301,7675.216,129.841,PASS
17,2,2.0,2.0,42.11,31.58,13,STEP2_TECHNICAL_METRICS,Sasha_v23/Sasha_v23_017.png,2160,3840,79.273,7112.156,135.967,66.029,0.065,0.057,178.0,12723029,97.55,97.83,43,ok,,Sasha_v23,Sasha_v23/Sasha_v23_017.png,Sasha_v23_017.png,work/frames_raw/Sasha_v23/Sasha_v23_017.png,2160,3840,8294400,0.5625,79.273,7112.156,135.967,PASS
18,2,2.0,2.0,10.53,10.53,18,STEP2_TECHNICAL_METRICS,Sasha_v23/Sasha_v23_018.png,2160,3840,52.596,5191.473,132.712,63.2,0.048,0.053,172.0,10273783,97.19,97.51,48,ok,,Sasha_v23,Sasha_v23/Sasha_v23_018.png,Sasha_v23_018.png,work/frames_raw/Sasha_v23/Sasha_v23_018.png,2160,3840,8294400,0.5625,52.596,5191.473,132.712,PASS
19,2,2.0,2.0,5.26,0.0,19,STEP2_TECHNICAL_METRICS,Sasha_v23/Sasha_v23_019.png,2160,3840,41.563,4126.896,120.678,57.228,0.032,0.044,150.0,9879571,97.13,97.3,51,ok,,Sasha_v23,Sasha_v23/Sasha_v23_019.png,Sasha_v23_019.png,work/frames_raw/Sasha_v23/Sasha_v23_019.png,2160,3840,8294400,0.5625,41.563,4126.896,120.678,PASS
20,2,2.0,2.0,0.0,5.26,20,STEP2_TECHNICAL_METRICS,Sasha_v23/Sasha_v23_020.png,2160,3840,40.501,4207.036,123.149,61.627,0.054,0.051,167.0,11522246,97.07,97.4,50,ok,,Sasha_v23,Sasha_v23/Sasha_v23_020.png,Sasha_v23_020.png,work/frames_raw/Sasha_v23/Sasha_v23_020.png,2160,3840,8294400,0.5625,40.501,4207.036,123.149,PASS
1,2,2.0,2.0,0.0,0.0,28,STEP2_TECHNICAL_METRICS,Sasha_v24/Sasha_v24_001.png,2160,3840,2.077,88.815,153.743,49.578,0.01,0.041,128.0,2793219,12.84,10.22,1677,ok,,Sasha_v24,Sasha_v24/Sasha_v24_001.png,Sasha_v24_001.png,work/frames_raw/Sasha_v24/Sasha_v24_001.png,2160,3840,8294400,0.5625,2.077,88.815,153.743,PASS
2,2,2.0,2.0,7.41,7.41,26,STEP2_TECHNICAL_METRICS,Sasha_v24/Sasha_v24_002.png,2160,3840,2.359,115.021,157.948,54.607,0.006,0.102,142.0,3358932,19.06,15.04,1571,ok,,Sasha_v24,Sasha_v24/Sasha_v24_002.png,Sasha_v24_002.png,work/frames_raw/Sasha_v24/Sasha_v24_002.png,2160,3840,8294400,0.5625,2.359,115.021,157.948,PASS
3,2,2.0,2.0,18.52,29.63,22,STEP2_TECHNICAL_METRICS,Sasha_v24/Sasha_v24_003.png,2160,3840,2.629,137.191,150.869,58.412,0.018,0.083,155.0,3599955,25.57,19.7,1454,ok,,Sasha_v24,Sasha_v24/Sasha_v24_003.png,Sasha_v24_003.png,work/frames_raw/Sasha_v24/Sasha_v24_003.png,2160,3840,8294400,0.5625,2.629,137.191,150.869,PASS
4,2,2.0,2.0,37.04,66.67,13,STEP2_TECHNICAL_METRICS,Sasha_v24/Sasha_v24_004.png,2160,3840,2.709,160.754,139.01,58.546,0.018,0.07,166.0,3823649,27.06,24.47,1396,ok,,Sasha_v24,Sasha_v24/Sasha_v24_004.png,Sasha_v24_004.png,work/frames_raw/Sasha_v24/Sasha_v24_004.png,2160,3840,8294400,0.5625,2.709,160.754,139.01,PASS
5,2,2.0,2.0,85.19,92.59,3,STEP2_TECHNICAL_METRICS,Sasha_v24/Sasha_v24_005.png,2160,3840,2.988,170.211,143.121,58.751,0.014,0.05,161.0,4011621,33.03,26.59,1324,ok,,Sasha_v24,Sasha_v24/Sasha_v24_005.png,Sasha_v24_005.png,work/frames_raw/Sasha_v24/Sasha_v24_005.png,2160,3840,8294400,0.5625,2.988,170.211,143.121,PASS
6,2,2.0,2.0,59.26,48.15,12,STEP2_TECHNICAL_METRICS,Sasha_v24/Sasha_v24_006.png,2160,3840,2.81,147.26,142.523,57.116,0.011,0.032,155.0,3980480,29.39,21.66,1402,ok,,Sasha_v24,Sasha_v24/Sasha_v24_006.png,Sasha_v24_006.png,work/frames_raw/Sasha_v24/Sasha_v24_006.png,2160,3840,8294400,0.5625,2.81,147.26,142.523,PASS
7,2,2.0,2.0,96.3,70.37,5,STEP2_TECHNICAL_METRICS,Sasha_v24/Sasha_v24_007.png,2160,3840,3.227,161.467,141.973,56.213,0.014,0.028,152.0,4278905,36.92,24.79,1305,ok,,Sasha_v24,Sasha_v24/Sasha_v24_007.png,Sasha_v24_007.png,work/frames_raw/Sasha_v24/Sasha_v24_007.png,2160,3840,8294400,0.5625,3.227,161.467,141.973,PASS
8,2,2.0,2.0,74.07,62.96,10,STEP2_TECHNICAL_METRICS,Sasha_v24/Sasha_v24_008.png,2160,3840,2.884,159.073,142.416,55.165,0.01,0.032,150.0,4129563,31.18,23.94,1368,ok,,Sasha_v24,Sasha_v24/Sasha_v24_008.png,Sasha_v24_008.png,work/frames_raw/Sasha_v24/Sasha_v24_008.png,2160,3840,8294400,0.5625,2.884,159.073,142.416,PASS
9,2,2.0,2.0,81.48,88.89,4,STEP2_TECHNICAL_METRICS,Sasha_v24/Sasha_v24_009.png,2160,3840,2.932,168.703,142.605,54.207,0.008,0.028,149.0,4079213,32.08,26.22,1337,ok,,Sasha_v24,Sasha_v24/Sasha_v24_009.png,Sasha_v24_009.png,work/frames_raw/Sasha_v24/Sasha_v24_009.png,2160,3840,8294400,0.5625,2.932,168.703,142.605,PASS
10,2,2.0,2.0,44.44,18.52,21,STEP2_TECHNICAL_METRICS,Sasha_v24/Sasha_v24_010.png,2160,3840,2.732,131.254,137.739,52.333,0.007,0.018,143.0,3894373,27.66,18.64,1444,ok,,Sasha_v24,Sasha_v24/Sasha_v24_010.png,Sasha_v24_010.png,work/frames_raw/Sasha_v24/Sasha_v24_010.png,2160,3840,8294400,0.5625,2.732,131.254,137.739,PASS
11,2,2.0,2.0,48.15,14.81,19,STEP2_TECHNICAL_METRICS,Sasha_v24/Sasha_v24_011.png,2160,3840,2.765,130.042,141.722,52.377,0.02,0.022,141.0,3699783,28.38,18.43,1441,ok,,Sasha_v24,Sasha_v24/Sasha_v24_011.png,Sasha_v24_011.png,work/frames_raw/Sasha_v24/Sasha_v24_011.png,2160,3840,8294400,0.5625,2.765,130.042,141.722,PASS
12,2,2.0,2.0,70.37,85.19,7,STEP2_TECHNICAL_METRICS,Sasha_v24/Sasha_v24_012.png,2160,3840,2.882,167.846,145.327,56.657,0.005,0.065,155.0,3951231,31.12,26.11,1348,ok,,Sasha_v24,Sasha_v24/Sasha_v24_012.png,Sasha_v24_012.png,work/frames_raw/Sasha_v24/Sasha_v24_012.png,2160,3840,8294400,0.5625,2.882,167.846,145.327,PASS
13,2,2.0,2.0,92.59,74.07,6,STEP2_TECHNICAL_METRICS,Sasha_v24/Sasha_v24_013.png,2160,3840,3.131,164.366,141.557,55.009,0.011,0.046,151.0,4138613,35.24,25.64,1311,ok,,Sasha_v24,Sasha_v24/Sasha_v24_013.png,Sasha_v24_013.png,work/frames_raw/Sasha_v24/Sasha_v24_013.png,2160,3840,8294400,0.5625,3.131,164.366,141.557,PASS
14,2,2.0,2.0,51.85,25.93,17,STEP2_TECHNICAL_METRICS,Sasha_v24/Sasha_v24_014.png,2160,3840,2.779,136.365,138.944,53.399,0.014,0.055,150.0,3959545,28.61,19.54,1426,ok,,Sasha_v24,Sasha_v24/Sasha_v24_014.png,Sasha_v24_014.png,work/frames_raw/Sasha_v24/Sasha_v24_014.png,2160,3840,8294400,0.5625,2.779,136.365,138.944,PASS
15,2,2.0,2.0,88.89,96.3,2,STEP2_TECHNICAL_METRICS,Sasha_v24/Sasha_v24_015.png,2160,3840,3.05,173.901,141.902,50.143,0.008,0.042,134.0,4146921,34.11,27.49,1306,ok,,Sasha_v24,Sasha_v24/Sasha_v24_015.png,Sasha_v24_015.png,work/frames_raw/Sasha_v24/Sasha_v24_015.png,2160,3840,8294400,0.5625,3.05,173.901,141.902,PASS
16,2,2.0,2.0,62.96,59.26,11,STEP2_TECHNICAL_METRICS,Sasha_v24/Sasha_v24_016.png,2160,3840,2.829,154.945,144.937,49.333,0.007,0.031,130.0,3961292,29.87,23.25,1383,ok,,Sasha_v24,Sasha_v24/Sasha_v24_016.png,Sasha_v24_016.png,work/frames_raw/Sasha_v24/Sasha_v24_016.png,2160,3840,8294400,0.5625,2.829,154.945,144.937,PASS
17,2,2.0,2.0,40.74,37.04,18,STEP2_TECHNICAL_METRICS,Sasha_v24/Sasha_v24_017.png,2160,3840,2.727,143.817,148.103,48.798,0.009,0.03,127.0,3626202,27.48,20.92,1423,ok,,Sasha_v24,Sasha_v24/Sasha_v24_017.png,Sasha_v24_017.png,work/frames_raw/Sasha_v24/Sasha_v24_017.png,2160,3840,8294400,0.5625,2.727,143.817,148.103,PASS
18,2,2.0,2.0,33.33,55.56,15,STEP2_TECHNICAL_METRICS,Sasha_v24/Sasha_v24_018.png,2160,3840,2.7,154.514,155.019,54.723,0.008,0.048,140.0,3723986,26.76,23.15,1414,ok,,Sasha_v24,Sasha_v24/Sasha_v24_018.png,Sasha_v24_018.png,work/frames_raw/Sasha_v24/Sasha_v24_018.png,2160,3840,8294400,0.5625,2.7,154.514,155.019,PASS
19,2,2.0,2.0,77.78,77.78,8,STEP2_TECHNICAL_METRICS,Sasha_v24/Sasha_v24_019.png,2160,3840,2.914,165.648,151.424,50.881,0.009,0.045,127.0,3861695,31.84,25.85,1345,ok,,Sasha_v24,Sasha_v24/Sasha_v24_019.png,Sasha_v24_019.png,work/frames_raw/Sasha_v24/Sasha_v24_019.png,2160,3840,8294400,0.5625,2.914,165.648,151.424,PASS
20,2,2.0,2.0,29.63,51.85,16,STEP2_TECHNICAL_METRICS,Sasha_v24/Sasha_v24_020.png,2160,3840,2.693,152.545,149.934,53.836,0.006,0.063,144.0,3801170,26.7,22.67,1418,ok,,Sasha_v24,Sasha_v24/Sasha_v24_020.png,Sasha_v24_020.png,work/frames_raw/Sasha_v24/Sasha_v24_020.png,2160,3840,8294400,0.5625,2.693,152.545,149.934,PASS
21,2,2.0,2.0,100.0,100.0,1,STEP2_TECHNICAL_METRICS,Sasha_v24/Sasha_v24_021.png,2160,3840,3.243,176.179,147.906,52.207,0.007,0.05,143.0,4332645,37.34,28.18,1264,ok,,Sasha_v24,Sasha_v24/Sasha_v24_021.png,Sasha_v24_021.png,work/frames_raw/Sasha_v24/Sasha_v24_021.png,2160,3840,8294400,0.5625,3.243,176.179,147.906,PASS
22,2,2.0,2.0,66.67,81.48,9,STEP2_TECHNICAL_METRICS,Sasha_v24/Sasha_v24_022.png,2160,3840,2.879,166.089,147.828,52.24,0.006,0.038,136.0,3997778,31.06,25.9,1351,ok,,Sasha_v24,Sasha_v24/Sasha_v24_022.png,Sasha_v24_022.png,work/frames_raw/Sasha_v24/Sasha_v24_022.png,2160,3840,8294400,0.5625,2.879,166.089,147.828,PASS
23,2,2.0,2.0,55.56,44.44,14,STEP2_TECHNICAL_METRICS,Sasha_v24/Sasha_v24_023.png,2160,3840,2.785,145.286,146.077,56.229,0.013,0.056,154.0,3840228,28.91,21.03,1413,ok,,Sasha_v24,Sasha_v24/Sasha_v24_023.png,Sasha_v24_023.png,work/frames_raw/Sasha_v24/Sasha_v24_023.png,2160,3840,8294400,0.5625,2.785,145.286,146.077,PASS
24,2,2.0,2.0,25.93,11.11,24,STEP2_TECHNICAL_METRICS,Sasha_v24/Sasha_v24_024.png,2160,3840,2.662,127.387,140.405,49.3,0.009,0.014,139.0,3735758,26.05,17.8,1469,ok,,Sasha_v24,Sasha_v24/Sasha_v24_024.png,Sasha_v24_024.png,work/frames_raw/Sasha_v24/Sasha_v24_024.png,2160,3840,8294400,0.5625,2.662,127.387,140.405,PASS
25,2,2.0,2.0,11.11,22.22,25,STEP2_TECHNICAL_METRICS,Sasha_v24/Sasha_v24_025.png,2160,3840,2.566,131.788,144.519,53.377,0.006,0.062,150.0,3497514,24.19,18.75,1479,ok,,Sasha_v24,Sasha_v24/Sasha_v24_025.png,Sasha_v24_025.png,work/frames_raw/Sasha_v24/Sasha_v24_025.png,2160,3840,8294400,0.5625,2.566,131.788,144.519,PASS
26,2,2.0,2.0,3.7,3.7,27,STEP2_TECHNICAL_METRICS,Sasha_v24/Sasha_v24_026.png,2160,3840,2.304,108.968,147.093,52.106,0.007,0.029,140.0,3261333,17.62,14.09,1591,ok,,Sasha_v24,Sasha_v24/Sasha_v24_026.png,Sasha_v24_026.png,work/frames_raw/Sasha_v24/Sasha_v24_026.png,2160,3840,8294400,0.5625,2.304,108.968,147.093,PASS
27,2,2.0,2.0,22.22,40.74,20,STEP2_TECHNICAL_METRICS,Sasha_v24/Sasha_v24_027.png,2160,3840,2.661,143.929,157.072,52.242,0.011,0.065,138.0,3702526,25.99,20.97,1438,ok,,Sasha_v24,Sasha_v24/Sasha_v24_027.png,Sasha_v24_027.png,work/frames_raw/Sasha_v24/Sasha_v24_027.png,2160,3840,8294400,0.5625,2.661,143.929,157.072,PASS
28,2,2.0,2.0,14.81,33.33,23,STEP2_TECHNICAL_METRICS,Sasha_v24/Sasha_v24_028.png,2160,3840,2.626,140.639,149.077,53.605,0.011,0.052,144.0,3482012,25.45,20.29,1451,ok,,Sasha_v24,Sasha_v24/Sasha_v24_028.png,Sasha_v24_028.png,work/frames_raw/Sasha_v24/Sasha_v24_028.png,2160,3840,8294400,0.5625,2.626,140.639,149.077,PASS
1,2,2.0,2.0,0.0,0.0,29,STEP2_TECHNICAL_METRICS,Sasha_v25/Sasha_v25_001.png,2160,3840,0.499,6.366,203.784,26.315,0.0,0.133,76.0,618936,0.0,0.0,1893,ok,,Sasha_v25,Sasha_v25/Sasha_v25_001.png,Sasha_v25_001.png,work/frames_raw/Sasha_v25/Sasha_v25_001.png,2160,3840,8294400,0.5625,0.499,6.366,203.784,PASS
2,2,2.0,2.0,7.14,14.29,26,STEP2_TECHNICAL_METRICS,Sasha_v25/Sasha_v25_002.png,2160,3840,1.257,51.955,178.204,39.343,0.003,0.002,94.0,1796779,1.85,3.12,1854,ok,,Sasha_v25,Sasha_v25/Sasha_v25_002.png,Sasha_v25_002.png,work/frames_raw/Sasha_v25/Sasha_v25_002.png,2160,3840,8294400,0.5625,1.257,51.955,178.204,PASS
3,2,2.0,2.0,3.57,3.57,28,STEP2_TECHNICAL_METRICS,Sasha_v25/Sasha_v25_003.png,2160,3840,1.202,38.747,180.697,39.773,0.008,0.004,88.0,1732824,1.55,1.22,1868,ok,,Sasha_v25,Sasha_v25/Sasha_v25_003.png,Sasha_v25_003.png,work/frames_raw/Sasha_v25/Sasha_v25_003.png,2160,3840,8294400,0.5625,1.202,38.747,180.697,PASS
4,2,2.0,2.0,32.14,42.86,18,STEP2_TECHNICAL_METRICS,Sasha_v25/Sasha_v25_004.png,2160,3840,1.469,65.795,180.854,39.366,0.007,0.007,91.0,2061998,3.46,5.4,1822,ok,,Sasha_v25,Sasha_v25/Sasha_v25_004.png,Sasha_v25_004.png,work/frames_raw/Sasha_v25/Sasha_v25_004.png,2160,3840,8294400,0.5625,1.469,65.795,180.854,PASS
5,2,2.0,2.0,57.14,78.57,12,STEP2_TECHNICAL_METRICS,Sasha_v25/Sasha_v25_005.png,2160,3840,1.596,76.493,176.763,40.136,0.008,0.004,97.0,2248853,4.78,7.68,1797,ok,,Sasha_v25,Sasha_v25/Sasha_v25_005.png,Sasha_v25_005.png,work/frames_raw/Sasha_v25/Sasha_v25_005.png,2160,3840,8294400,0.5625,1.596,76.493,176.763,PASS
6,2,2.0,2.0,78.57,96.43,2,STEP2_TECHNICAL_METRICS,Sasha_v25/Sasha_v25_006.png,2160,3840,1.659,90.815,177.645,39.313,0.007,0.004,95.0,2316419,5.68,10.86,1760,ok,,Sasha_v25,Sasha_v25/Sasha_v25_006.png,Sasha_v25_006.png,work/frames_raw/Sasha_v25/Sasha_v25_006.png,2160,3840,8294400,0.5625,1.659,90.815,177.645,PASS
7,2,2.0,2.0,67.86,85.71,7,STEP2_TECHNICAL_METRICS,Sasha_v25/Sasha_v25_007.png,2160,3840,1.638,80.491,176.873,40.751,0.006,0.003,98.0,2284449,5.32,8.42,1783,ok,,Sasha_v25,Sasha_v25/Sasha_v25_007.png,Sasha_v25_007.png,work/frames_raw/Sasha_v25/Sasha_v25_007.png,2160,3840,8294400,0.5625,1.638,80.491,176.873,PASS
8,2,2.0,2.0,35.71,32.14,20,STEP2_TECHNICAL_METRICS,Sasha_v25/Sasha_v25_008.png,2160,3840,1.475,60.754,178.114,39.078,0.004,0.003,94.0,2106020,3.52,4.29,1832,ok,,Sasha_v25,Sasha_v25/Sasha_v25_008.png,Sasha_v25_008.png,work/frames_raw/Sasha_v25/Sasha_v25_008.png,2160,3840,8294400,0.5625,1.475,60.754,178.114,PASS
9,2,2.0,2.0,60.71,75.0,11,STEP2_TECHNICAL_METRICS,Sasha_v25/Sasha_v25_009.png,2160,3840,1.614,74.127,177.415,40.369,0.005,0.004,94.0,2258631,4.9,7.15,1801,ok,,Sasha_v25,Sasha_v25/Sasha_v25_009.png,Sasha_v25_009.png,work/frames_raw/Sasha_v25/Sasha_v25_009.png,2160,3840,8294400,0.5625,1.614,74.127,177.415,PASS
10,2,2.0,2.0,50.0,50.0,16,STEP2_TECHNICAL_METRICS,Sasha_v25/Sasha_v25_010.png,2160,3840,1.528,68.276,177.535,38.762,0.004,0.003,97.0,2144845,4.06,5.93,1814,ok,,Sasha_v25,Sasha_v25/Sasha_v25_010.png,Sasha_v25_010.png,work/frames_raw/Sasha_v25/Sasha_v25_010.png,2160,3840,8294400,0.5625,1.528,68.276,177.535,PASS
11,2,2.0,2.0,53.57,57.14,14,STEP2_TECHNICAL_METRICS,Sasha_v25/Sasha_v25_011.png,2160,3840,1.593,70.732,175.178,40.954,0.007,0.004,94.0,2175250,4.72,6.46,1805,ok,,Sasha_v25,Sasha_v25/Sasha_v25_011.png,Sasha_v25_011.png,work/frames_raw/Sasha_v25/Sasha_v25_011.png,2160,3840,8294400,0.5625,1.593,70.732,175.178,PASS
12,2,2.0,2.0,25.0,39.29,21,STEP2_TECHNICAL_METRICS,Sasha_v25/Sasha_v25_012.png,2160,3840,1.433,65.067,176.265,40.45,0.003,0.002,98.0,2052482,2.87,5.24,1829,ok,,Sasha_v25,Sasha_v25/Sasha_v25_012.png,Sasha_v25_012.png,work/frames_raw/Sasha_v25/Sasha_v25_012.png,2160,3840,8294400,0.5625,1.433,65.067,176.265,PASS
13,2,2.0,2.0,64.29,53.57,13,STEP2_TECHNICAL_METRICS,Sasha_v25/Sasha_v25_013.png,2160,3840,1.619,68.547,175.816,40.507,0.003,0.003,93.0,2279899,5.02,6.14,1806,ok,,Sasha_v25,Sasha_v25/Sasha_v25_013.png,Sasha_v25_013.png,work/frames_raw/Sasha_v25/Sasha_v25_013.png,2160,3840,8294400,0.5625,1.619,68.547,175.816,PASS
14,2,2.0,2.0,39.29,67.86,15,STEP2_TECHNICAL_METRICS,Sasha_v25/Sasha_v25_014.png,2160,3840,1.482,72.274,178.042,39.867,0.003,0.005,97.0,2082715,3.58,6.83,1809,ok,,Sasha_v25,Sasha_v25/Sasha_v25_014.png,Sasha_v25_014.png,work/frames_raw/Sasha_v25/Sasha_v25_014.png,2160,3840,8294400,0.5625,1.482,72.274,178.042,PASS
15,2,2.0,2.0,85.71,89.29,3,STEP2_TECHNICAL_METRICS,Sasha_v25/Sasha_v25_015.png,2160,3840,1.692,82.438,177.002,40.866,0.004,0.006,100.0,2326235,6.33,8.79,1776,ok,,Sasha_v25,Sasha_v25/Sasha_v25_015.png,Sasha_v25_015.png,work/frames_raw/Sasha_v25/Sasha_v25_015.png,2160,3840,8294400,0.5625,1.692,82.438,177.002,PASS
16,2,2.0,2.0,17.86,17.86,24,STEP2_TECHNICAL_METRICS,Sasha_v25/Sasha_v25_016.png,2160,3840,1.412,56.921,175.76,39.778,0.002,0.003,93.0,2066846,2.63,3.6,1847,ok,,Sasha_v25,Sasha_v25/Sasha_v25_016.png,Sasha_v25_016.png,work/frames_raw/Sasha_v25/Sasha_v25_016.png,2160,3840,8294400,0.5625,1.412,56.921,175.76,PASS
17,2,2.0,2.0,14.29,10.71,25,STEP2_TECHNICAL_METRICS,Sasha_v25/Sasha_v25_017.png,2160,3840,1.358,51.665,179.309,39.109,0.002,0.002,91.0,1940408,2.21,3.02,1849,ok,,Sasha_v25,Sasha_v25/Sasha_v25_017.png,Sasha_v25_017.png,work/frames_raw/Sasha_v25/Sasha_v25_017.png,2160,3840,8294400,0.5625,1.358,51.665,179.309,PASS
18,2,2.0,2.0,28.57,21.43,22,STEP2_TECHNICAL_METRICS,Sasha_v25/Sasha_v25_018.png,2160,3840,1.439,57.083,177.841,39.232,0.001,0.003,96.0,2077639,2.93,3.71,1843,ok,,Sasha_v25,Sasha_v25/Sasha_v25_018.png,Sasha_v25_018.png,work/frames_raw/Sasha_v25/Sasha_v25_018.png,2160,3840,8294400,0.5625,1.439,57.083,177.841,PASS
19,2,2.0,2.0,21.43,28.57,23,STEP2_TECHNICAL_METRICS,Sasha_v25/Sasha_v25_019.png,2160,3840,1.416,59.5,177.413,41.656,0.006,0.005,94.0,2024254,2.69,4.13,1840,ok,,Sasha_v25,Sasha_v25/Sasha_v25_019.png,Sasha_v25_019.png,work/frames_raw/Sasha_v25/Sasha_v25_019.png,2160,3840,8294400,0.5625,1.416,59.5,177.413,PASS
20,2,2.0,2.0,10.71,7.14,27,STEP2_TECHNICAL_METRICS,Sasha_v25/Sasha_v25_020.png,2160,3840,1.348,50.719,178.563,41.165,0.005,0.002,96.0,1965806,2.15,2.86,1852,ok,,Sasha_v25,Sasha_v25/Sasha_v25_020.png,Sasha_v25_020.png,work/frames_raw/Sasha_v25/Sasha_v25_020.png,2160,3840,8294400,0.5625,1.348,50.719,178.563,PASS
21,2,2.0,2.0,71.43,71.43,9,STEP2_TECHNICAL_METRICS,Sasha_v25/Sasha_v25_021.png,2160,3840,1.641,74.077,175.991,41.649,0.004,0.005,97.0,2383585,5.44,7.1,1795,ok,,Sasha_v25,Sasha_v25/Sasha_v25_021.png,Sasha_v25_021.png,work/frames_raw/Sasha_v25/Sasha_v25_021.png,2160,3840,8294400,0.5625,1.641,74.077,175.991,PASS
22,2,2.0,2.0,46.43,35.71,17,STEP2_TECHNICAL_METRICS,Sasha_v25/Sasha_v25_022.png,2160,3840,1.498,61.122,179.659,39.542,0.003,0.006,94.0,2221002,3.82,4.34,1828,ok,,Sasha_v25,Sasha_v25/Sasha_v25_022.png,Sasha_v25_022.png,work/frames_raw/Sasha_v25/Sasha_v25_022.png,2160,3840,8294400,0.5625,1.498,61.122,179.659,PASS
23,2,2.0,2.0,82.14,92.86,4,STEP2_TECHNICAL_METRICS,Sasha_v25/Sasha_v25_023.png,2160,3840,1.688,85.013,176.888,41.139,0.003,0.005,101.0,2342588,6.21,9.22,1770,ok,,Sasha_v25,Sasha_v25/Sasha_v25_023.png,Sasha_v25_023.png,work/frames_raw/Sasha_v25/Sasha_v25_023.png,2160,3840,8294400,0.5625,1.688,85.013,176.888,PASS
24,2,2.0,2.0,42.86,25.0,19,STEP2_TECHNICAL_METRICS,Sasha_v25/Sasha_v25_024.png,2160,3840,1.493,57.465,177.498,40.284,0.002,0.005,101.0,2154359,3.7,3.76,1836,ok,,Sasha_v25,Sasha_v25/Sasha_v25_024.png,Sasha_v25_024.png,work/frames_raw/Sasha_v25/Sasha_v25_024.png,2160,3840,8294400,0.5625,1.493,57.465,177.498,PASS
25,2,2.0,2.0,75.0,82.14,6,STEP2_TECHNICAL_METRICS,Sasha_v25/Sasha_v25_025.png,2160,3840,1.654,77.929,173.188,43.327,0.006,0.001,105.0,2440429,5.62,8.16,1782,ok,,Sasha_v25,Sasha_v25/Sasha_v25_025.png,Sasha_v25_025.png,work/frames_raw/Sasha_v25/Sasha_v25_025.png,2160,3840,8294400,0.5625,1.654,77.929,173.188,PASS
26,2,2.0,2.0,89.29,60.71,8,STEP2_TECHNICAL_METRICS,Sasha_v25/Sasha_v25_026.png,2160,3840,1.891,71.77,170.335,53.234,0.013,0.03,136.0,2802958,9.08,6.62,1768,ok,,Sasha_v25,Sasha_v25/Sasha_v25_026.png,Sasha_v25_026.png,work/frames_raw/Sasha_v25/Sasha_v25_026.png,2160,3840,8294400,0.5625,1.891,71.77,170.335,PASS
27,2,2.0,2.0,92.86,46.43,10,STEP2_TECHNICAL_METRICS,Sasha_v25/Sasha_v25_027.png,2160,3840,2.12,67.817,156.895,64.627,0.048,0.147,172.0,3181185,13.8,5.77,1723,ok,,Sasha_v25,Sasha_v25/Sasha_v25_027.png,Sasha_v25_027.png,work/frames_raw/Sasha_v25/Sasha_v25_027.png,2160,3840,8294400,0.5625,2.12,67.817,156.895,PASS
28,2,2.0,2.0,96.43,64.29,5,STEP2_TECHNICAL_METRICS,Sasha_v25/Sasha_v25_028.png,2160,3840,2.392,72.246,164.279,54.113,0.007,0.112,139.0,3657169,20.01,6.78,1633,ok,,Sasha_v25,Sasha_v25/Sasha_v25_028.png,Sasha_v25_028.png,work/frames_raw/Sasha_v25/Sasha_v25_028.png,2160,3840,8294400,0.5625,2.392,72.246,164.279,PASS
29,2,2.0,2.0,100.0,100.0,1,STEP2_TECHNICAL_METRICS,Sasha_v25/Sasha_v25_029.png,2160,3840,2.792,96.342,169.619,57.084,0.014,0.169,142.0,3998745,29.03,11.92,1506,ok,,Sasha_v25,Sasha_v25/Sasha_v25_029.png,Sasha_v25_029.png,work/frames_raw/Sasha_v25/Sasha_v25_029.png,2160,3840,8294400,0.5625,2.792,96.342,169.619,PASS
1,2,2.0,2.0,52.17,100.0,4,STEP2_TECHNICAL_METRICS,Sasha_v26/Sasha_v26_001.png,2160,3840,4.159,506.202,103.209,34.95,0.028,0.007,77.0,4703292,53.11,66.53,718,ok,,Sasha_v26,Sasha_v26/Sasha_v26_001.png,Sasha_v26_001.png,work/frames_raw/Sasha_v26/Sasha_v26_001.png,2160,3840,8294400,0.5625,4.159,506.202,103.209,PASS
2,2,2.0,2.0,65.22,82.61,5,STEP2_TECHNICAL_METRICS,Sasha_v26/Sasha_v26_002.png,2160,3840,4.172,462.058,104.16,34.874,0.025,0.007,77.0,5522987,53.52,63.51,752,ok,,Sasha_v26,Sasha_v26/Sasha_v26_002.png,Sasha_v26_002.png,work/frames_raw/Sasha_v26/Sasha_v26_002.png,2160,3840,8294400,0.5625,4.172,462.058,104.16,PASS
3,2,2.0,2.0,0.0,26.09,21,STEP2_TECHNICAL_METRICS,Sasha_v26/Sasha_v26_003.png,2160,3840,3.704,397.619,103.894,36.487,0.027,0.007,80.0,5144218,44.86,58.42,904,ok,,Sasha_v26,Sasha_v26/Sasha_v26_003.png,Sasha_v26_003.png,work/frames_raw/Sasha_v26/Sasha_v26_003.png,2160,3840,8294400,0.5625,3.704,397.619,103.894,PASS
4,2,2.0,2.0,82.61,95.65,1,STEP2_TECHNICAL_METRICS,Sasha_v26/Sasha_v26_004.png,2160,3840,4.37,491.566,102.846,36.431,0.028,0.007,80.0,5368900,56.93,65.57,690,ok,,Sasha_v26,Sasha_v26/Sasha_v26_004.png,Sasha_v26_004.png,work/frames_raw/Sasha_v26/Sasha_v26_004.png,2160,3840,8294400,0.5625,4.37,491.566,102.846,PASS
5,2,2.0,2.0,8.7,17.39,22,STEP2_TECHNICAL_METRICS,Sasha_v26/Sasha_v26_005.png,2160,3840,3.778,387.073,103.417,37.289,0.037,0.007,87.0,5421103,46.3,57.36,897,ok,,Sasha_v26,Sasha_v26/Sasha_v26_005.png,Sasha_v26_005.png,work/frames_raw/Sasha_v26/Sasha_v26_005.png,2160,3840,8294400,0.5625,3.778,387.073,103.417,PASS
6,2,2.0,2.0,60.87,73.91,11,STEP2_TECHNICAL_METRICS,Sasha_v26/Sasha_v26_006.png,2160,3840,4.171,439.826,103.613,38.399,0.042,0.007,91.0,5608286,53.46,61.97,769,ok,,Sasha_v26,Sasha_v26/Sasha_v26_006.png,Sasha_v26_006.png,work/frames_raw/Sasha_v26/Sasha_v26_006.png,2160,3840,8294400,0.5625,4.171,439.826,103.613,PASS
7,2,2.0,2.0,21.74,78.26,14,STEP2_TECHNICAL_METRICS,Sasha_v26/Sasha_v26_007.png,2160,3840,3.962,441.593,103.303,36.377,0.024,0.007,78.0,5296909,49.82,62.29,805,ok,,Sasha_v26,Sasha_v26/Sasha_v26_007.png,Sasha_v26_007.png,work/frames_raw/Sasha_v26/Sasha_v26_007.png,2160,3840,8294400,0.5625,3.962,441.593,103.303,PASS
8,2,2.0,2.0,78.26,91.3,2,STEP2_TECHNICAL_METRICS,Sasha_v26/Sasha_v26_008.png,2160,3840,4.332,489.279,103.497,37.025,0.027,0.007,82.0,5403025,56.45,65.25,699,ok,,Sasha_v26,Sasha_v26/Sasha_v26_008.png,Sasha_v26_008.png,work/frames_raw/Sasha_v26/Sasha_v26_008.png,2160,3840,8294400,0.5625,4.332,489.279,103.497,PASS
9,2,2.0,2.0,47.83,86.96,10,STEP2_TECHNICAL_METRICS,Sasha_v26/Sasha_v26_009.png,2160,3840,4.085,473.252,102.781,36.713,0.029,0.006,85.0,5522437,51.61,64.09,767,ok,,Sasha_v26,Sasha_v26/Sasha_v26_009.png,Sasha_v26_009.png,work/frames_raw/Sasha_v26/Sasha_v26_009.png,2160,3840,8294400,0.5625,4.085,473.252,102.781,PASS
10,2,2.0,2.0,86.96,60.87,6,STEP2_TECHNICAL_METRICS,Sasha_v26/Sasha_v26_010.png,2160,3840,4.45,430.698,103.307,36.419,0.036,0.006,84.0,5724425,58.18,61.65,717,ok,,Sasha_v26,Sasha_v26/Sasha_v26_010.png,Sasha_v26_010.png,work/frames_raw/Sasha_v26/Sasha_v26_010.png,2160,3840,8294400,0.5625,4.45,430.698,103.307,PASS
11,2,2.0,2.0,17.39,21.74,20,STEP2_TECHNICAL_METRICS,Sasha_v26/Sasha_v26_011.png,2160,3840,3.88,392.794,102.216,37.199,0.04,0.004,91.0,5582692,48.09,57.94,870,ok,,Sasha_v26,Sasha_v26/Sasha_v26_011.png,Sasha_v26_011.png,work/frames_raw/Sasha_v26/Sasha_v26_011.png,2160,3840,8294400,0.5625,3.88,392.794,102.216,PASS
12,2,2.0,2.0,73.91,34.78,12,STEP2_TECHNICAL_METRICS,Sasha_v26/Sasha_v26_012.png,2160,3840,4.31,402.656,103.411,36.037,0.044,0.004,85.0,5768318,55.79,58.9,775,ok,,Sasha_v26,Sasha_v26/Sasha_v26_012.png,Sasha_v26_012.png,work/frames_raw/Sasha_v26/Sasha_v26_012.png,2160,3840,8294400,0.5625,4.31,402.656,103.411,PASS
13,2,2.0,2.0,56.52,52.17,13,STEP2_TECHNICAL_METRICS,Sasha_v26/Sasha_v26_013.png,2160,3840,4.165,430.365,105.425,36.944,0.034,0.007,88.0,5739306,53.29,61.55,773,ok,,Sasha_v26,Sasha_v26/Sasha_v26_013.png,Sasha_v26_013.png,work/frames_raw/Sasha_v26/Sasha_v26_013.png,2160,3840,8294400,0.5625,4.165,430.365,105.425,PASS
14,2,2.0,2.0,95.65,47.83,8,STEP2_TECHNICAL_METRICS,Sasha_v26/Sasha_v26_014.png,2160,3840,4.538,429.261,104.813,37.315,0.042,0.007,86.0,6010720,59.62,61.39,704,ok,,Sasha_v26,Sasha_v26/Sasha_v26_014.png,Sasha_v26_014.png,work/frames_raw/Sasha_v26/Sasha_v26_014.png,2160,3840,8294400,0.5625,4.538,429.261,104.813,PASS
15,2,2.0,2.0,39.13,30.43,16,STEP2_TECHNICAL_METRICS,Sasha_v26/Sasha_v26_015.png,2160,3840,4.026,400.635,102.866,37.564,0.038,0.007,86.0,5800139,50.66,58.63,829,ok,,Sasha_v26,Sasha_v26/Sasha_v26_015.png,Sasha_v26_015.png,work/frames_raw/Sasha_v26/Sasha_v26_015.png,2160,3840,8294400,0.5625,4.026,400.635,102.866,PASS
16,2,2.0,2.0,100.0,65.22,3,STEP2_TECHNICAL_METRICS,Sasha_v26/Sasha_v26_016.png,2160,3840,4.676,431.425,103.482,37.115,0.038,0.007,85.0,6145628,60.87,61.71,688,ok,,Sasha_v26,Sasha_v26/Sasha_v26_016.png,Sasha_v26_016.png,work/frames_raw/Sasha_v26/Sasha_v26_016.png,2160,3840,8294400,0.5625,4.676,431.425,103.482,PASS
17,2,2.0,2.0,13.04,4.35,23,STEP2_TECHNICAL_METRICS,Sasha_v26/Sasha_v26_017.png,2160,3840,3.871,379.763,104.738,38.625,0.053,0.007,92.0,5561348,47.85,56.67,890,ok,,Sasha_v26,Sasha_v26/Sasha_v26_017.png,Sasha_v26_017.png,work/frames_raw/Sasha_v26/Sasha_v26_017.png,2160,3840,8294400,0.5625,3.871,379.763,104.738,PASS
18,2,2.0,2.0,69.57,69.57,9,STEP2_TECHNICAL_METRICS,Sasha_v26/Sasha_v26_018.png,2160,3840,4.262,432.351,110.712,38.99,0.036,0.007,93.0,5307310,54.96,61.81,755,ok,,Sasha_v26,Sasha_v26/Sasha_v26_018.png,Sasha_v26_018.png,work/frames_raw/Sasha_v26/Sasha_v26_018.png,2160,3840,8294400,0.5625,4.262,432.351,110.712,PASS
19,2,2.0,2.0,26.09,43.48,15,STEP2_TECHNICAL_METRICS,Sasha_v26/Sasha_v26_019.png,2160,3840,3.986,414.226,114.517,38.986,0.028,0.007,93.0,5313714,50.0,60.12,822,ok,,Sasha_v26,Sasha_v26/Sasha_v26_019.png,Sasha_v26_019.png,work/frames_raw/Sasha_v26/Sasha_v26_019.png,2160,3840,8294400,0.5625,3.986,414.226,114.517,PASS
20,2,2.0,2.0,4.35,0.0,24,STEP2_TECHNICAL_METRICS,Sasha_v26/Sasha_v26_020.png,2160,3840,3.739,349.656,114.394,38.071,0.019,0.007,94.0,5250009,45.82,54.56,932,ok,,Sasha_v26,Sasha_v26/Sasha_v26_020.png,Sasha_v26_020.png,work/frames_raw/Sasha_v26/Sasha_v26_020.png,2160,3840,8294400,0.5625,3.739,349.656,114.394,PASS
21,2,2.0,2.0,43.48,13.04,18,STEP2_TECHNICAL_METRICS,Sasha_v26/Sasha_v26_021.png,2160,3840,4.027,386.766,111.448,37.065,0.024,0.007,85.0,5225306,50.72,57.31,842,ok,,Sasha_v26,Sasha_v26/Sasha_v26_021.png,Sasha_v26_021.png,work/frames_raw/Sasha_v26/Sasha_v26_021.png,2160,3840,8294400,0.5625,4.027,386.766,111.448,PASS
22,2,2.0,2.0,34.78,8.7,19,STEP2_TECHNICAL_METRICS,Sasha_v26/Sasha_v26_022.png,2160,3840,3.999,385.963,110.206,37.126,0.031,0.007,86.0,5577966,50.24,57.15,849,ok,,Sasha_v26,Sasha_v26/Sasha_v26_022.png,Sasha_v26_022.png,work/frames_raw/Sasha_v26/Sasha_v26_022.png,2160,3840,8294400,0.5625,3.999,385.963,110.206,PASS
23,2,2.0,2.0,91.3,56.52,7,STEP2_TECHNICAL_METRICS,Sasha_v26/Sasha_v26_023.png,2160,3840,4.523,430.42,113.029,37.646,0.027,0.007,91.0,5901852,59.38,61.6,705,ok,,Sasha_v26,Sasha_v26/Sasha_v26_023.png,Sasha_v26_023.png,work/frames_raw/Sasha_v26/Sasha_v26_023.png,2160,3840,8294400,0.5625,4.523,430.42,113.029,PASS
24,2,2.0,2.0,30.43,39.13,17,STEP2_TECHNICAL_METRICS,Sasha_v26/Sasha_v26_024.png,2160,3840,3.988,412.539,111.198,37.469,0.032,0.007,86.0,5421248,50.06,59.75,826,ok,,Sasha_v26,Sasha_v26/Sasha_v26_024.png,Sasha_v26_024.png,work/frames_raw/Sasha_v26/Sasha_v26_024.png,2160,3840,8294400,0.5625,3.988,412.539,111.198,PASS
1,2,2.0,2.0,8.0,8.0,24,STEP2_TECHNICAL_METRICS,Sasha_v27/Sasha_v27_001.png,2160,3840,4.692,376.434,117.892,66.104,0.228,0.013,174.0,3794801,61.11,56.46,746,ok,,Sasha_v27,Sasha_v27/Sasha_v27_001.png,Sasha_v27_001.png,work/frames_raw/Sasha_v27/Sasha_v27_001.png,2160,3840,8294400,0.5625,4.692,376.434,117.892,PASS
2,2,2.0,2.0,0.0,0.0,26,STEP2_TECHNICAL_METRICS,Sasha_v27/Sasha_v27_002.png,2160,3840,3.644,208.259,127.207,58.741,0.151,0.013,165.0,4197359,43.61,36.28,1114,ok,,Sasha_v27,Sasha_v27/Sasha_v27_002.png,Sasha_v27_002.png,work/frames_raw/Sasha_v27/Sasha_v27_002.png,2160,3840,8294400,0.5625,3.644,208.259,127.207,PASS
3,2,2.0,2.0,80.0,76.0,7,STEP2_TECHNICAL_METRICS,Sasha_v27/Sasha_v27_003.png,2160,3840,7.813,688.545,122.644,68.548,0.221,0.023,185.0,4937726,80.35,77.54,374,ok,,Sasha_v27,Sasha_v27/Sasha_v27_003.png,Sasha_v27_003.png,work/frames_raw/Sasha_v27/Sasha_v27_003.png,2160,3840,8294400,0.5625,7.813,688.545,122.644,PASS
4,2,2.0,2.0,56.0,56.0,11,STEP2_TECHNICAL_METRICS,Sasha_v27/Sasha_v27_004.png,2160,3840,6.851,555.152,127.979,57.325,0.117,0.021,163.0,4824365,77.6,69.6,468,ok,,Sasha_v27,Sasha_v27/Sasha_v27_004.png,Sasha_v27_004.png,work/frames_raw/Sasha_v27/Sasha_v27_004.png,2160,3840,8294400,0.5625,6.851,555.152,127.979,PASS
5,2,2.0,2.0,12.0,20.0,22,STEP2_TECHNICAL_METRICS,Sasha_v27/Sasha_v27_005.png,2160,3840,5.479,417.44,118.747,60.767,0.184,0.015,168.0,4709513,68.76,60.49,617,ok,,Sasha_v27,Sasha_v27/Sasha_v27_005.png,Sasha_v27_005.png,work/frames_raw/Sasha_v27/Sasha_v27_005.png,2160,3840,8294400,0.5625,5.479,417.44,118.747,PASS
6,2,2.0,2.0,64.0,64.0,10,STEP2_TECHNICAL_METRICS,Sasha_v27/Sasha_v27_006.png,2160,3840,7.041,628.748,118.633,62.627,0.179,0.01,167.0,5173826,78.49,74.95,403,ok,,Sasha_v27,Sasha_v27/Sasha_v27_006.png,Sasha_v27_006.png,work/frames_raw/Sasha_v27/Sasha_v27_006.png,2160,3840,8294400,0.5625,7.041,628.748,118.633,PASS
7,2,2.0,2.0,60.0,52.0,12,STEP2_TECHNICAL_METRICS,Sasha_v27/Sasha_v27_007.png,2160,3840,6.897,515.843,108.969,63.794,0.244,0.01,167.0,5053119,77.96,67.37,489,ok,,Sasha_v27,Sasha_v27/Sasha_v27_007.png,Sasha_v27_007.png,work/frames_raw/Sasha_v27/Sasha_v27_007.png,2160,3840,8294400,0.5625,6.897,515.843,108.969,PASS
8,2,2.0,2.0,68.0,72.0,9,STEP2_TECHNICAL_METRICS,Sasha_v27/Sasha_v27_008.png,2160,3840,7.136,651.868,104.178,67.512,0.308,0.015,174.0,4635267,78.79,75.95,396,ok,,Sasha_v27,Sasha_v27/Sasha_v27_008.png,Sasha_v27_008.png,work/frames_raw/Sasha_v27/Sasha_v27_008.png,2160,3840,8294400,0.5625,7.136,651.868,104.178,PASS
9,2,2.0,2.0,88.0,80.0,4,STEP2_TECHNICAL_METRICS,Sasha_v27/Sasha_v27_009.png,2160,3840,7.866,755.848,108.452,65.838,0.265,0.016,170.0,4597167,80.59,78.97,356,ok,,Sasha_v27,Sasha_v27/Sasha_v27_009.png,Sasha_v27_009.png,work/frames_raw/Sasha_v27/Sasha_v27_009.png,2160,3840,8294400,0.5625,7.866,755.848,108.452,PASS
10,2,2.0,2.0,92.0,88.0,3,STEP2_TECHNICAL_METRICS,Sasha_v27/Sasha_v27_010.png,2160,3840,8.43,806.526,118.076,62.712,0.199,0.024,162.0,5434148,81.48,80.03,329,ok,,Sasha_v27,Sasha_v27/Sasha_v27_010.png,Sasha_v27_010.png,work/frames_raw/Sasha_v27/Sasha_v27_010.png,2160,3840,8294400,0.5625,8.43,806.526,118.076,PASS
11,2,2.0,2.0,16.0,12.0,23,STEP2_TECHNICAL_METRICS,Sasha_v27/Sasha_v27_011.png,2160,3840,5.636,403.122,132.697,59.207,0.135,0.016,163.0,4798137,69.59,58.95,630,ok,,Sasha_v27,Sasha_v27/Sasha_v27_011.png,Sasha_v27_011.png,work/frames_raw/Sasha_v27/Sasha_v27_011.png,2160,3840,8294400,0.5625,5.636,403.122,132.697,PASS
12,2,2.0,2.0,52.0,60.0,13,STEP2_TECHNICAL_METRICS,Sasha_v27/Sasha_v27_012.png,2160,3840,6.6,587.499,107.032,62.957,0.25,0.008,165.0,4662873,75.99,71.45,465,ok,,Sasha_v27,Sasha_v27/Sasha_v27_012.png,Sasha_v27_012.png,work/frames_raw/Sasha_v27/Sasha_v27_012.png,2160,3840,8294400,0.5625,6.6,587.499,107.032,PASS
13,2,2.0,2.0,40.0,36.0,17,STEP2_TECHNICAL_METRICS,Sasha_v27/Sasha_v27_013.png,2160,3840,6.27,499.611,126.524,63.719,0.175,0.012,171.0,4825964,73.78,66.26,538,ok,,Sasha_v27,Sasha_v27/Sasha_v27_013.png,Sasha_v27_013.png,work/frames_raw/Sasha_v27/Sasha_v27_013.png,2160,3840,8294400,0.5625,6.27,499.611,126.524,PASS
14,2,2.0,2.0,24.0,16.0,21,STEP2_TECHNICAL_METRICS,Sasha_v27/Sasha_v27_014.png,2160,3840,5.702,415.57,127.423,60.48,0.167,0.017,165.0,4524938,70.25,60.33,609,ok,,Sasha_v27,Sasha_v27/Sasha_v27_014.png,Sasha_v27_014.png,work/frames_raw/Sasha_v27/Sasha_v27_014.png,2160,3840,8294400,0.5625,5.702,415.57,127.423,PASS
15,2,2.0,2.0,84.0,84.0,5,STEP2_TECHNICAL_METRICS,Sasha_v27/Sasha_v27_015.png,2160,3840,7.864,759.016,107.514,62.275,0.248,0.001,165.0,5003735,80.53,79.03,357,ok,,Sasha_v27,Sasha_v27/Sasha_v27_015.png,Sasha_v27_015.png,work/frames_raw/Sasha_v27/Sasha_v27_015.png,2160,3840,8294400,0.5625,7.864,759.016,107.514,PASS
16,2,2.0,2.0,48.0,32.0,16,STEP2_TECHNICAL_METRICS,Sasha_v27/Sasha_v27_016.png,2160,3840,6.413,499.089,121.619,61.91,0.181,0.009,165.0,4822776,74.73,66.15,529,ok,,Sasha_v27,Sasha_v27/Sasha_v27_016.png,Sasha_v27_016.png,work/frames_raw/Sasha_v27/Sasha_v27_016.png,2160,3840,8294400,0.5625,6.413,499.089,121.619,PASS
17,2,2.0,2.0,100.0,96.0,1,STEP2_TECHNICAL_METRICS,Sasha_v27/Sasha_v27_017.png,2160,3840,8.869,809.956,110.844,67.708,0.264,0.022,172.0,4872052,82.14,80.19,327,ok,,Sasha_v27,Sasha_v27/Sasha_v27_017.png,Sasha_v27_017.png,work/frames_raw/Sasha_v27/Sasha_v27_017.png,2160,3840,8294400,0.5625,8.869,809.956,110.844,PASS
18,2,2.0,2.0,44.0,40.0,14,STEP2_TECHNICAL_METRICS,Sasha_v27/Sasha_v27_018.png,2160,3840,6.306,507.847,108.891,64.371,0.26,0.013,165.0,4603097,74.19,66.63,530,ok,,Sasha_v27,Sasha_v27/Sasha_v27_018.png,Sasha_v27_018.png,work/frames_raw/Sasha_v27/Sasha_v27_018.png,2160,3840,8294400,0.5625,6.306,507.847,108.891,PASS
19,2,2.0,2.0,96.0,100.0,2,STEP2_TECHNICAL_METRICS,Sasha_v27/Sasha_v27_019.png,2160,3840,8.434,861.014,109.414,65.412,0.272,0.004,170.0,5270232,81.54,81.14,324,ok,,Sasha_v27,Sasha_v27/Sasha_v27_019.png,Sasha_v27_019.png,work/frames_raw/Sasha_v27/Sasha_v27_019.png,2160,3840,8294400,0.5625,8.434,861.014,109.414,PASS
20,2,2.0,2.0,72.0,92.0,6,STEP2_TECHNICAL_METRICS,Sasha_v27/Sasha_v27_020.png,2160,3840,7.622,809.169,110.302,66.54,0.271,0.009,171.0,5231641,79.75,80.08,353,ok,,Sasha_v27,Sasha_v27/Sasha_v27_020.png,Sasha_v27_020.png,work/frames_raw/Sasha_v27/Sasha_v27_020.png,2160,3840,8294400,0.5625,7.622,809.169,110.302,PASS
21,2,2.0,2.0,32.0,44.0,18,STEP2_TECHNICAL_METRICS,Sasha_v27/Sasha_v27_021.png,2160,3840,6.125,511.508,120.148,67.332,0.213,0.02,184.0,4881559,72.7,66.95,539,ok,,Sasha_v27,Sasha_v27/Sasha_v27_021.png,Sasha_v27_021.png,work/frames_raw/Sasha_v27/Sasha_v27_021.png,2160,3840,8294400,0.5625,6.125,511.508,120.148,PASS
22,2,2.0,2.0,36.0,48.0,15,STEP2_TECHNICAL_METRICS,Sasha_v27/Sasha_v27_022.png,2160,3840,6.2,514.939,114.876,68.719,0.252,0.014,183.0,4961948,73.24,67.27,533,ok,,Sasha_v27,Sasha_v27/Sasha_v27_022.png,Sasha_v27_022.png,work/frames_raw/Sasha_v27/Sasha_v27_022.png,2160,3840,8294400,0.5625,6.2,514.939,114.876,PASS
23,2,2.0,2.0,20.0,24.0,20,STEP2_TECHNICAL_METRICS,Sasha_v27/Sasha_v27_023.png,2160,3840,5.637,418.33,118.651,63.356,0.2,0.01,169.0,4895492,69.65,60.59,611,ok,,Sasha_v27,Sasha_v27/Sasha_v27_023.png,Sasha_v27_023.png,work/frames_raw/Sasha_v27/Sasha_v27_023.png,2160,3840,8294400,0.5625,5.637,418.33,118.651,PASS
24,2,2.0,2.0,76.0,68.0,8,STEP2_TECHNICAL_METRICS,Sasha_v27/Sasha_v27_024.png,2160,3840,7.708,633.868,117.428,65.338,0.214,0.014,173.0,4898462,80.05,75.21,391,ok,,Sasha_v27,Sasha_v27/Sasha_v27_024.png,Sasha_v27_024.png,work/frames_raw/Sasha_v27/Sasha_v27_024.png,2160,3840,8294400,0.5625,7.708,633.868,117.428,PASS
25,2,2.0,2.0,4.0,4.0,25,STEP2_TECHNICAL_METRICS,Sasha_v27/Sasha_v27_025.png,2160,3840,4.165,242.749,123.668,61.771,0.175,0.007,163.0,4112666,53.29,40.78,991,ok,,Sasha_v27,Sasha_v27/Sasha_v27_025.png,Sasha_v27_025.png,work/frames_raw/Sasha_v27/Sasha_v27_025.png,2160,3840,8294400,0.5625,4.165,242.749,123.668,PASS
26,2,2.0,2.0,28.0,28.0,19,STEP2_TECHNICAL_METRICS,Sasha_v27/Sasha_v27_026.png,2160,3840,6.001,476.896,112.616,63.516,0.216,0.007,166.0,5002826,72.22,64.51,564,ok,,Sasha_v27,Sasha_v27/Sasha_v27_026.png,Sasha_v27_026.png,work/frames_raw/Sasha_v27/Sasha_v27_026.png,2160,3840,8294400,0.5625,6.001,476.896,112.616,PASS
1,2,2.0,2.0,74.07,96.43,6,STEP2_TECHNICAL_METRICS,Sasha_v28/Sasha_v28_001.png,2160,3900,2.602,315.115,129.528,66.271,0.15,0.005,176.0,3004650,24.85,50.69,1149,ok,,Sasha_v28,Sasha_v28/Sasha_v28_001.png,Sasha_v28_001.png,work/frames_raw/Sasha_v28/Sasha_v28_001.png,2160,3900,8424000,0.553846,2.602,315.115,129.528,PASS
2,2,2.0,2.0,66.67,60.71,10,STEP2_TECHNICAL_METRICS,Sasha_v28/Sasha_v28_002.png,2160,3900,2.588,243.375,130.512,64.524,0.162,0.004,175.0,3578043,24.55,40.84,1266,ok,,Sasha_v28,Sasha_v28/Sasha_v28_002.png,Sasha_v28_002.png,work/frames_raw/Sasha_v28/Sasha_v28_002.png,2160,3900,8424000,0.553846,2.588,243.375,130.512,PASS
3,2,2.0,2.0,85.19,89.29,3,STEP2_TECHNICAL_METRICS,Sasha_v28/Sasha_v28_003.png,2160,3900,2.731,292.553,133.85,65.049,0.13,0.002,175.0,3453823,27.6,47.56,1153,ok,,Sasha_v28,Sasha_v28/Sasha_v28_003.png,Sasha_v28_003.png,work/frames_raw/Sasha_v28/Sasha_v28_003.png,2160,3900,8424000,0.553846,2.731,292.553,133.85,PASS
4,2,2.0,2.0,62.96,53.57,13,STEP2_TECHNICAL_METRICS,Sasha_v28/Sasha_v28_004.png,2160,3900,2.458,227.494,135.023,69.476,0.167,0.002,188.0,3326452,21.98,38.88,1312,ok,,Sasha_v28,Sasha_v28/Sasha_v28_004.png,Sasha_v28_004.png,work/frames_raw/Sasha_v28/Sasha_v28_004.png,2160,3900,8424000,0.553846,2.458,227.494,135.023,PASS
5,2,2.0,2.0,70.37,71.43,9,STEP2_TECHNICAL_METRICS,Sasha_v28/Sasha_v28_005.png,2160,3900,2.593,252.632,134.856,67.812,0.15,0.004,182.0,3361531,24.67,42.0,1245,ok,,Sasha_v28,Sasha_v28/Sasha_v28_005.png,Sasha_v28_005.png,work/frames_raw/Sasha_v28/Sasha_v28_005.png,2160,3900,8424000,0.553846,2.593,252.632,134.856,PASS
6,2,2.0,2.0,92.59,78.57,4,STEP2_TECHNICAL_METRICS,Sasha_v28/Sasha_v28_006.png,2160,3900,2.819,260.08,140.025,67.787,0.134,0.004,184.0,3767966,29.57,43.06,1182,ok,,Sasha_v28,Sasha_v28/Sasha_v28_006.png,Sasha_v28_006.png,work/frames_raw/Sasha_v28/Sasha_v28_006.png,2160,3900,8424000,0.553846,2.819,260.08,140.025,PASS
7,2,2.0,2.0,48.15,42.86,16,STEP2_TECHNICAL_METRICS,Sasha_v28/Sasha_v28_007.png,2160,3900,2.399,205.366,133.2,59.432,0.122,0.003,168.0,3131587,20.31,35.49,1362,ok,,Sasha_v28,Sasha_v28/Sasha_v28_007.png,Sasha_v28_007.png,work/frames_raw/Sasha_v28/Sasha_v28_007.png,2160,3900,8424000,0.553846,2.399,205.366,133.2,PASS
8,2,2.0,2.0,59.26,67.86,11,STEP2_TECHNICAL_METRICS,Sasha_v28/Sasha_v28_008.png,2160,3900,2.457,250.247,128.659,66.975,0.155,0.014,181.0,3161359,21.92,41.79,1285,ok,,Sasha_v28,Sasha_v28/Sasha_v28_008.png,Sasha_v28_008.png,work/frames_raw/Sasha_v28/Sasha_v28_008.png,2160,3900,8424000,0.553846,2.457,250.247,128.659,PASS
9,2,2.0,2.0,81.48,75.0,8,STEP2_TECHNICAL_METRICS,Sasha_v28/Sasha_v28_009.png,2160,3900,2.722,253.002,124.97,66.955,0.148,0.01,179.0,3563204,27.3,42.06,1222,ok,,Sasha_v28,Sasha_v28/Sasha_v28_009.png,Sasha_v28_009.png,work/frames_raw/Sasha_v28/Sasha_v28_009.png,2160,3900,8424000,0.553846,2.722,253.002,124.97,PASS
10,2,2.0,2.0,100.0,92.86,2,STEP2_TECHNICAL_METRICS,Sasha_v28/Sasha_v28_010.png,2160,3900,2.917,305.678,128.449,68.204,0.155,0.014,182.0,3668350,31.9,49.21,1105,ok,,Sasha_v28,Sasha_v28/Sasha_v28_010.png,Sasha_v28_010.png,work/frames_raw/Sasha_v28/Sasha_v28_010.png,2160,3900,8424000,0.553846,2.917,305.678,128.449,PASS
11,2,2.0,2.0,51.85,50.0,14,STEP2_TECHNICAL_METRICS,Sasha_v28/Sasha_v28_011.png,2160,3900,2.429,213.753,125.778,67.22,0.178,0.005,178.0,3265382,21.15,37.13,1338,ok,,Sasha_v28,Sasha_v28/Sasha_v28_011.png,Sasha_v28_011.png,work/frames_raw/Sasha_v28/Sasha_v28_011.png,2160,3900,8424000,0.553846,2.429,213.753,125.778,PASS
12,2,2.0,2.0,77.78,85.71,7,STEP2_TECHNICAL_METRICS,Sasha_v28/Sasha_v28_012.png,2160,3900,2.661,290.609,127.207,68.352,0.175,0.008,180.0,3465803,25.99,47.4,1171,ok,,Sasha_v28,Sasha_v28/Sasha_v28_012.png,Sasha_v28_012.png,work/frames_raw/Sasha_v28/Sasha_v28_012.png,2160,3900,8424000,0.553846,2.661,290.609,127.207,PASS
13,2,2.0,2.0,88.89,82.14,5,STEP2_TECHNICAL_METRICS,Sasha_v28/Sasha_v28_013.png,2160,3900,2.764,276.688,135.686,66.879,0.13,0.008,182.0,3386736,28.32,45.5,1163,ok,,Sasha_v28,Sasha_v28/Sasha_v28_013.png,Sasha_v28_013.png,work/frames_raw/Sasha_v28/Sasha_v28_013.png,2160,3900,8424000,0.553846,2.764,276.688,135.686,PASS
14,2,2.0,2.0,22.22,35.71,21,STEP2_TECHNICAL_METRICS,Sasha_v28/Sasha_v28_014.png,2160,3900,2.216,198.019,127.483,66.112,0.151,0.007,178.0,3084333,15.59,33.58,1420,ok,,Sasha_v28,Sasha_v28/Sasha_v28_014.png,Sasha_v28_014.png,work/frames_raw/Sasha_v28/Sasha_v28_014.png,2160,3900,8424000,0.553846,2.216,198.019,127.483,PASS
15,2,2.0,2.0,29.63,46.43,18,STEP2_TECHNICAL_METRICS,Sasha_v28/Sasha_v28_015.png,2160,3900,2.302,209.392,125.812,67.693,0.151,0.01,181.0,2903425,17.5,36.6,1376,ok,,Sasha_v28,Sasha_v28/Sasha_v28_015.png,Sasha_v28_015.png,work/frames_raw/Sasha_v28/Sasha_v28_015.png,2160,3900,8424000,0.553846,2.302,209.392,125.812,PASS
16,2,2.0,2.0,25.93,3.57,25,STEP2_TECHNICAL_METRICS,Sasha_v28/Sasha_v28_016.png,2160,3900,2.272,150.243,142.508,62.963,0.093,0.003,172.0,3387541,16.85,22.3,1531,ok,,Sasha_v28,Sasha_v28/Sasha_v28_016.png,Sasha_v28_016.png,work/frames_raw/Sasha_v28/Sasha_v28_016.png,2160,3900,8424000,0.553846,2.272,150.243,142.508,PASS
17,2,2.0,2.0,18.52,28.57,22,STEP2_TECHNICAL_METRICS,Sasha_v28/Sasha_v28_017.png,2160,3900,2.199,192.843,140.607,67.893,0.129,0.01,183.0,3014467,15.35,32.36,1430,ok,,Sasha_v28,Sasha_v28/Sasha_v28_017.png,Sasha_v28_017.png,work/frames_raw/Sasha_v28/Sasha_v28_017.png,2160,3900,8424000,0.553846,2.199,192.843,140.607,PASS
18,2,2.0,2.0,96.3,100.0,1,STEP2_TECHNICAL_METRICS,Sasha_v28/Sasha_v28_018.png,2160,3900,2.891,347.593,123.72,67.719,0.222,0.004,180.0,3406144,31.36,54.34,1063,ok,,Sasha_v28,Sasha_v28/Sasha_v28_018.png,Sasha_v28_018.png,work/frames_raw/Sasha_v28/Sasha_v28_018.png,2160,3900,8424000,0.553846,2.891,347.593,123.72,PASS
19,2,2.0,2.0,55.56,64.29,12,STEP2_TECHNICAL_METRICS,Sasha_v28/Sasha_v28_019.png,2160,3900,2.455,249.717,143.247,62.532,0.097,0.005,173.0,3302564,21.8,41.53,1289,ok,,Sasha_v28,Sasha_v28/Sasha_v28_019.png,Sasha_v28_019.png,work/frames_raw/Sasha_v28/Sasha_v28_019.png,2160,3900,8424000,0.553846,2.455,249.717,143.247,PASS
20,2,2.0,2.0,33.33,32.14,19,STEP2_TECHNICAL_METRICS,Sasha_v28/Sasha_v28_020.png,2160,3900,2.333,193.679,134.643,58.349,0.085,0.003,163.0,3077603,18.52,32.57,1400,ok,,Sasha_v28,Sasha_v28/Sasha_v28_020.png,Sasha_v28_020.png,work/frames_raw/Sasha_v28/Sasha_v28_020.png,2160,3900,8424000,0.553846,2.333,193.679,134.643,PASS
21,2,2.0,2.0,37.04,25.0,20,STEP2_TECHNICAL_METRICS,Sasha_v28/Sasha_v28_021.png,2160,3900,2.369,180.655,142.383,60.489,0.063,0.013,162.0,3210978,19.3,29.4,1421,ok,,Sasha_v28,Sasha_v28/Sasha_v28_021.png,Sasha_v28_021.png,work/frames_raw/Sasha_v28/Sasha_v28_021.png,2160,3900,8424000,0.553846,2.369,180.655,142.383,PASS
22,2,2.0,2.0,14.81,17.86,24,STEP2_TECHNICAL_METRICS,Sasha_v28/Sasha_v28_022.png,2160,3900,2.188,174.159,137.924,62.417,0.108,0.005,172.0,3021669,15.11,27.65,1480,ok,,Sasha_v28,Sasha_v28/Sasha_v28_022.png,Sasha_v28_022.png,work/frames_raw/Sasha_v28/Sasha_v28_022.png,2160,3900,8424000,0.553846,2.188,174.159,137.924,PASS
23,2,2.0,2.0,3.7,7.14,28,STEP2_TECHNICAL_METRICS,Sasha_v28/Sasha_v28_023.png,2160,3900,2.061,156.781,131.879,59.72,0.096,0.004,164.0,2715213,12.6,23.62,1559,ok,,Sasha_v28,Sasha_v28/Sasha_v28_023.png,Sasha_v28_023.png,work/frames_raw/Sasha_v28/Sasha_v28_023.png,2160,3900,8424000,0.553846,2.061,156.781,131.879,PASS
24,2,2.0,2.0,7.41,0.0,29,STEP2_TECHNICAL_METRICS,Sasha_v28/Sasha_v28_024.png,2160,3900,2.113,149.82,128.618,64.771,0.152,0.006,178.0,3083797,13.62,22.09,1562,ok,,Sasha_v28,Sasha_v28/Sasha_v28_024.png,Sasha_v28_024.png,work/frames_raw/Sasha_v28/Sasha_v28_024.png,2160,3900,8424000,0.553846,2.113,149.82,128.618,PASS
25,2,2.0,2.0,22.22,21.43,23,STEP2_TECHNICAL_METRICS,Sasha_v28/Sasha_v28_025.png,2160,3900,2.216,176.771,127.914,59.563,0.129,0.003,167.0,3073530,15.59,28.34,1467,ok,,Sasha_v28,Sasha_v28/Sasha_v28_025.png,Sasha_v28_025.png,work/frames_raw/Sasha_v28/Sasha_v28_025.png,2160,3900,8424000,0.553846,2.216,176.771,127.914,PASS
26,2,2.0,2.0,11.11,10.71,26,STEP2_TECHNICAL_METRICS,Sasha_v28/Sasha_v28_026.png,2160,3900,2.155,163.461,126.623,63.795,0.148,0.001,175.0,3108756,14.52,25.42,1518,ok,,Sasha_v28,Sasha_v28/Sasha_v28_026.png,Sasha_v28_026.png,work/frames_raw/Sasha_v28/Sasha_v28_026.png,2160,3900,8424000,0.553846,2.155,163.461,126.623,PASS
27,2,2.0,2.0,44.44,39.29,17,STEP2_TECHNICAL_METRICS,Sasha_v28/Sasha_v28_027.png,2160,3900,2.381,201.651,133.827,66.375,0.136,0.003,183.0,3309316,19.65,34.8,1372,ok,,Sasha_v28,Sasha_v28/Sasha_v28_027.png,Sasha_v28_027.png,work/frames_raw/Sasha_v28/Sasha_v28_027.png,2160,3900,8424000,0.553846,2.381,201.651,133.827,PASS
28,2,2.0,2.0,0.0,14.29,27,STEP2_TECHNICAL_METRICS,Sasha_v28/Sasha_v28_028.png,2160,3900,2.035,172.682,125.594,67.35,0.188,0.002,182.0,2766376,12.07,27.17,1530,ok,,Sasha_v28,Sasha_v28/Sasha_v28_028.png,Sasha_v28_028.png,work/frames_raw/Sasha_v28/Sasha_v28_028.png,2160,3900,8424000,0.553846,2.035,172.682,125.594,PASS
29,2,2.0,2.0,40.74,57.14,15,STEP2_TECHNICAL_METRICS,Sasha_v28/Sasha_v28_029.png,2160,3900,2.375,240.181,135.168,65.637,0.151,0.0,182.0,3359280,19.53,40.57,1322,ok,,Sasha_v28,Sasha_v28/Sasha_v28_029.png,Sasha_v28_029.png,work/frames_raw/Sasha_v28/Sasha_v28_029.png,2160,3900,8424000,0.553846,2.375,240.181,135.168,PASS
1,2,2.0,2.0,0.0,4.76,22,STEP2_TECHNICAL_METRICS,Sasha_v29/Sasha_v29_001.png,2160,3840,1.87,94.144,152.529,46.006,0.027,0.011,112.0,2573179,8.72,11.49,1714,ok,,Sasha_v29,Sasha_v29/Sasha_v29_001.png,Sasha_v29_001.png,work/frames_raw/Sasha_v29/Sasha_v29_001.png,2160,3840,8294400,0.5625,1.87,94.144,152.529,PASS
2,2,2.0,2.0,14.29,0.0,21,STEP2_TECHNICAL_METRICS,Sasha_v29/Sasha_v29_002.png,2160,3840,2.082,92.418,152.945,45.744,0.026,0.017,112.0,3154451,13.02,11.07,1665,ok,,Sasha_v29,Sasha_v29/Sasha_v29_002.png,Sasha_v29_002.png,work/frames_raw/Sasha_v29/Sasha_v29_002.png,2160,3840,8294400,0.5625,2.082,92.418,152.945,PASS
3,2,2.0,2.0,4.76,19.05,19,STEP2_TECHNICAL_METRICS,Sasha_v29/Sasha_v29_003.png,2160,3840,1.998,99.794,153.807,44.444,0.021,0.023,109.0,2850802,11.17,12.5,1668,ok,,Sasha_v29,Sasha_v29/Sasha_v29_003.png,Sasha_v29_003.png,work/frames_raw/Sasha_v29/Sasha_v29_003.png,2160,3840,8294400,0.5625,1.998,99.794,153.807,PASS
4,2,2.0,2.0,9.52,9.52,20,STEP2_TECHNICAL_METRICS,Sasha_v29/Sasha_v29_004.png,2160,3840,2.053,96.912,151.53,45.816,0.027,0.025,113.0,3066530,12.43,12.08,1661,ok,,Sasha_v29,Sasha_v29/Sasha_v29_004.png,Sasha_v29_004.png,work/frames_raw/Sasha_v29/Sasha_v29_004.png,2160,3840,8294400,0.5625,2.053,96.912,151.53,PASS
5,2,2.0,2.0,19.05,14.29,18,STEP2_TECHNICAL_METRICS,Sasha_v29/Sasha_v29_005.png,2160,3840,2.152,97.827,154.188,44.489,0.026,0.021,106.0,3024549,14.4,12.24,1635,ok,,Sasha_v29,Sasha_v29/Sasha_v29_005.png,Sasha_v29_005.png,work/frames_raw/Sasha_v29/Sasha_v29_005.png,2160,3840,8294400,0.5625,2.152,97.827,154.188,PASS
6,2,2.0,2.0,23.81,33.33,17,STEP2_TECHNICAL_METRICS,Sasha_v29/Sasha_v29_006.png,2160,3840,2.163,105.217,154.586,46.225,0.023,0.019,115.0,3234956,14.7,13.35,1620,ok,,Sasha_v29,Sasha_v29/Sasha_v29_006.png,Sasha_v29_006.png,work/frames_raw/Sasha_v29/Sasha_v29_006.png,2160,3840,8294400,0.5625,2.163,105.217,154.586,PASS
7,2,2.0,2.0,33.33,38.1,15,STEP2_TECHNICAL_METRICS,Sasha_v29/Sasha_v29_007.png,2160,3840,2.254,114.915,155.46,46.64,0.025,0.021,115.0,3339893,16.37,14.99,1592,ok,,Sasha_v29,Sasha_v29/Sasha_v29_007.png,Sasha_v29_007.png,work/frames_raw/Sasha_v29/Sasha_v29_007.png,2160,3840,8294400,0.5625,2.254,114.915,155.46,PASS
8,2,2.0,2.0,38.1,42.86,12,STEP2_TECHNICAL_METRICS,Sasha_v29/Sasha_v29_008.png,2160,3840,2.26,117.503,154.211,47.096,0.024,0.023,117.0,3497974,16.43,15.62,1587,ok,,Sasha_v29,Sasha_v29/Sasha_v29_008.png,Sasha_v29_008.png,work/frames_raw/Sasha_v29/Sasha_v29_008.png,2160,3840,8294400,0.5625,2.26,117.503,154.211,PASS
9,2,2.0,2.0,47.62,28.57,13,STEP2_TECHNICAL_METRICS,Sasha_v29/Sasha_v29_009.png,2160,3840,2.434,100.387,152.451,46.0,0.025,0.009,115.0,3487675,21.21,12.66,1575,ok,,Sasha_v29,Sasha_v29/Sasha_v29_009.png,Sasha_v29_009.png,work/frames_raw/Sasha_v29/Sasha_v29_009.png,2160,3840,8294400,0.5625,2.434,100.387,152.451,PASS
10,2,2.0,2.0,42.86,23.81,16,STEP2_TECHNICAL_METRICS,Sasha_v29/Sasha_v29_010.png,2160,3840,2.284,100.008,153.044,46.913,0.025,0.012,118.0,3286556,17.08,12.55,1608,ok,,Sasha_v29,Sasha_v29/Sasha_v29_010.png,Sasha_v29_010.png,work/frames_raw/Sasha_v29/Sasha_v29_010.png,2160,3840,8294400,0.5625,2.284,100.008,153.044,PASS
11,2,2.0,2.0,28.57,47.62,14,STEP2_TECHNICAL_METRICS,Sasha_v29/Sasha_v29_011.png,2160,3840,2.219,160.603,162.661,48.784,0.027,0.062,130.0,3254715,15.65,24.36,1516,ok,,Sasha_v29,Sasha_v29/Sasha_v29_011.png,Sasha_v29_011.png,work/frames_raw/Sasha_v29/Sasha_v29_011.png,2160,3840,8294400,0.5625,2.219,160.603,162.661,PASS
12,2,2.0,2.0,52.38,52.38,11,STEP2_TECHNICAL_METRICS,Sasha_v29/Sasha_v29_012.png,2160,3840,2.574,286.919,171.787,46.823,0.009,0.016,121.0,3480084,24.43,46.77,1197,ok,,Sasha_v29,Sasha_v29/Sasha_v29_012.png,Sasha_v29_012.png,work/frames_raw/Sasha_v29/Sasha_v29_012.png,2160,3840,8294400,0.5625,2.574,286.919,171.787,PASS
13,2,2.0,2.0,61.9,57.14,9,STEP2_TECHNICAL_METRICS,Sasha_v29/Sasha_v29_013.png,2160,3840,3.427,401.973,159.227,46.907,0.008,0.018,122.0,3863297,39.78,58.79,952,ok,,Sasha_v29,Sasha_v29/Sasha_v29_013.png,Sasha_v29_013.png,work/frames_raw/Sasha_v29/Sasha_v29_013.png,2160,3840,8294400,0.5625,3.427,401.973,159.227,PASS
14,2,2.0,2.0,66.67,66.67,8,STEP2_TECHNICAL_METRICS,Sasha_v29/Sasha_v29_014.png,2160,3840,3.509,516.876,161.26,50.079,0.006,0.052,134.0,4147739,40.98,67.48,839,ok,,Sasha_v29,Sasha_v29/Sasha_v29_014.png,Sasha_v29_014.png,work/frames_raw/Sasha_v29/Sasha_v29_014.png,2160,3840,8294400,0.5625,3.509,516.876,161.26,PASS
15,2,2.0,2.0,90.48,76.19,4,STEP2_TECHNICAL_METRICS,Sasha_v29/Sasha_v29_015.png,2160,3840,3.779,572.004,158.796,50.788,0.008,0.04,139.0,4196704,46.36,70.55,754,ok,,Sasha_v29,Sasha_v29/Sasha_v29_015.png,Sasha_v29_015.png,work/frames_raw/Sasha_v29/Sasha_v29_015.png,2160,3840,8294400,0.5625,3.779,572.004,158.796,PASS
16,2,2.0,2.0,76.19,85.71,6,STEP2_TECHNICAL_METRICS,Sasha_v29/Sasha_v29_016.png,2160,3840,3.719,583.616,158.003,51.349,0.01,0.04,140.0,4273335,45.1,71.13,762,ok,,Sasha_v29,Sasha_v29/Sasha_v29_016.png,Sasha_v29_016.png,work/frames_raw/Sasha_v29/Sasha_v29_016.png,2160,3840,8294400,0.5625,3.719,583.616,158.003,PASS
17,2,2.0,2.0,100.0,100.0,1,STEP2_TECHNICAL_METRICS,Sasha_v29/Sasha_v29_017.png,2160,3840,4.292,598.0,157.377,51.678,0.011,0.041,142.0,4515308,55.56,72.25,637,ok,,Sasha_v29,Sasha_v29/Sasha_v29_017.png,Sasha_v29_017.png,work/frames_raw/Sasha_v29/Sasha_v29_017.png,2160,3840,8294400,0.5625,4.292,598.0,157.377,PASS
18,2,2.0,2.0,80.95,80.95,5,STEP2_TECHNICAL_METRICS,Sasha_v29/Sasha_v29_018.png,2160,3840,3.735,577.742,157.563,52.391,0.013,0.045,145.0,3842741,45.64,70.97,758,ok,,Sasha_v29,Sasha_v29/Sasha_v29_018.png,Sasha_v29_018.png,work/frames_raw/Sasha_v29/Sasha_v29_018.png,2160,3840,8294400,0.5625,3.735,577.742,157.563,PASS
19,2,2.0,2.0,95.24,95.24,2,STEP2_TECHNICAL_METRICS,Sasha_v29/Sasha_v29_019.png,2160,3840,3.947,592.562,158.84,52.228,0.01,0.046,144.0,4034474,49.34,71.88,700,ok,,Sasha_v29,Sasha_v29/Sasha_v29_019.png,Sasha_v29_019.png,work/frames_raw/Sasha_v29/Sasha_v29_019.png,2160,3840,8294400,0.5625,3.947,592.562,158.84,PASS
20,2,2.0,2.0,85.71,90.48,3,STEP2_TECHNICAL_METRICS,Sasha_v29/Sasha_v29_020.png,2160,3840,3.777,587.81,158.053,52.691,0.012,0.047,144.0,3967501,46.24,71.5,739,ok,,Sasha_v29,Sasha_v29/Sasha_v29_020.png,Sasha_v29_020.png,work/frames_raw/Sasha_v29/Sasha_v29_020.png,2160,3840,8294400,0.5625,3.777,587.81,158.053,PASS
21,2,2.0,2.0,71.43,71.43,7,STEP2_TECHNICAL_METRICS,Sasha_v29/Sasha_v29_021.png,2160,3840,3.528,520.568,158.533,51.327,0.008,0.05,136.0,3746399,41.4,67.74,834,ok,,Sasha_v29,Sasha_v29/Sasha_v29_021.png,Sasha_v29_021.png,work/frames_raw/Sasha_v29/Sasha_v29_021.png,2160,3840,8294400,0.5625,3.528,520.568,158.533,PASS
22,2,2.0,2.0,57.14,61.9,10,STEP2_TECHNICAL_METRICS,Sasha_v29/Sasha_v29_022.png,2160,3840,3.242,451.84,155.04,51.345,0.008,0.028,133.0,3735578,37.28,62.82,937,ok,,Sasha_v29,Sasha_v29/Sasha_v29_022.png,Sasha_v29_022.png,work/frames_raw/Sasha_v29/Sasha_v29_022.png,2160,3840,8294400,0.5625,3.242,451.84,155.04,PASS
1,2,2.0,2.0,38.46,61.54,14,STEP2_TECHNICAL_METRICS,Sasha_v30/Sasha_v30_001.png,2160,3840,2.958,182.078,124.784,58.376,0.097,0.0,160.0,3448433,32.56,29.61,1299,ok,,Sasha_v30,Sasha_v30/Sasha_v30_001.png,Sasha_v30_001.png,work/frames_raw/Sasha_v30/Sasha_v30_001.png,2160,3840,8294400,0.5625,2.958,182.078,124.784,PASS
2,2,2.0,2.0,96.15,96.15,2,STEP2_TECHNICAL_METRICS,Sasha_v30/Sasha_v30_002.png,2160,3840,4.031,253.575,140.845,62.379,0.077,0.01,168.0,4473667,50.78,42.21,1000,ok,,Sasha_v30,Sasha_v30/Sasha_v30_002.png,Sasha_v30_002.png,work/frames_raw/Sasha_v30/Sasha_v30_002.png,2160,3840,8294400,0.5625,4.031,253.575,140.845,PASS
3,2,2.0,2.0,50.0,57.69,13,STEP2_TECHNICAL_METRICS,Sasha_v30/Sasha_v30_003.png,2160,3840,3.136,177.313,144.471,64.097,0.066,0.022,169.0,3949212,35.3,28.44,1284,ok,,Sasha_v30,Sasha_v30/Sasha_v30_003.png,Sasha_v30_003.png,work/frames_raw/Sasha_v30/Sasha_v30_003.png,2160,3840,8294400,0.5625,3.136,177.313,144.471,PASS
4,2,2.0,2.0,84.62,69.23,6,STEP2_TECHNICAL_METRICS,Sasha_v30/Sasha_v30_004.png,2160,3840,3.509,186.002,137.242,66.064,0.079,0.025,170.0,4054799,40.98,30.51,1192,ok,,Sasha_v30,Sasha_v30/Sasha_v30_004.png,Sasha_v30_004.png,work/frames_raw/Sasha_v30/Sasha_v30_004.png,2160,3840,8294400,0.5625,3.509,186.002,137.242,PASS
5,2,2.0,2.0,26.92,11.54,23,STEP2_TECHNICAL_METRICS,Sasha_v30/Sasha_v30_005.png,2160,3840,2.663,116.546,125.975,66.98,0.118,0.042,183.0,3188907,26.11,15.47,1496,ok,,Sasha_v30,Sasha_v30/Sasha_v30_005.png,Sasha_v30_005.png,work/frames_raw/Sasha_v30/Sasha_v30_005.png,2160,3840,8294400,0.5625,2.663,116.546,125.975,PASS
6,2,2.0,2.0,80.77,84.62,4,STEP2_TECHNICAL_METRICS,Sasha_v30/Sasha_v30_006.png,2160,3840,3.358,210.554,122.471,64.02,0.103,0.038,181.0,3432453,38.65,36.71,1151,ok,,Sasha_v30,Sasha_v30/Sasha_v30_006.png,Sasha_v30_006.png,work/frames_raw/Sasha_v30/Sasha_v30_006.png,2160,3840,8294400,0.5625,3.358,210.554,122.471,PASS
7,2,2.0,2.0,46.15,46.15,17,STEP2_TECHNICAL_METRICS,Sasha_v30/Sasha_v30_007.png,2160,3840,3.025,153.984,132.849,68.434,0.095,0.069,189.0,3480127,33.81,22.99,1352,ok,,Sasha_v30,Sasha_v30/Sasha_v30_007.png,Sasha_v30_007.png,work/frames_raw/Sasha_v30/Sasha_v30_007.png,2160,3840,8294400,0.5625,3.025,153.984,132.849,PASS
8,2,2.0,2.0,42.31,50.0,15,STEP2_TECHNICAL_METRICS,Sasha_v30/Sasha_v30_008.png,2160,3840,2.974,156.598,124.867,66.675,0.095,0.045,185.0,3332560,32.8,23.52,1355,ok,,Sasha_v30,Sasha_v30/Sasha_v30_008.png,Sasha_v30_008.png,work/frames_raw/Sasha_v30/Sasha_v30_008.png,2160,3840,8294400,0.5625,2.974,156.598,124.867,PASS
9,2,2.0,2.0,65.38,88.46,7,STEP2_TECHNICAL_METRICS,Sasha_v30/Sasha_v30_009.png,2160,3840,3.194,215.624,123.765,64.963,0.084,0.03,180.0,2906800,36.14,37.66,1164,ok,,Sasha_v30,Sasha_v30/Sasha_v30_009.png,Sasha_v30_009.png,work/frames_raw/Sasha_v30/Sasha_v30_009.png,2160,3840,8294400,0.5625,3.194,215.624,123.765,PASS
10,2,2.0,2.0,19.23,30.77,20,STEP2_TECHNICAL_METRICS,Sasha_v30/Sasha_v30_010.png,2160,3840,2.557,136.249,124.05,64.19,0.083,0.044,182.0,2601823,23.78,19.49,1477,ok,,Sasha_v30,Sasha_v30/Sasha_v30_010.png,Sasha_v30_010.png,work/frames_raw/Sasha_v30/Sasha_v30_010.png,2160,3840,8294400,0.5625,2.557,136.249,124.05,PASS
11,2,2.0,2.0,0.0,0.0,27,STEP2_TECHNICAL_METRICS,Sasha_v30/Sasha_v30_011.png,2160,3840,1.947,84.561,125.759,68.694,0.105,0.117,199.0,2312874,10.33,9.06,1725,ok,,Sasha_v30,Sasha_v30/Sasha_v30_011.png,Sasha_v30_011.png,work/frames_raw/Sasha_v30/Sasha_v30_011.png,2160,3840,8294400,0.5625,1.947,84.561,125.759,PASS
12,2,2.0,2.0,3.85,3.85,26,STEP2_TECHNICAL_METRICS,Sasha_v30/Sasha_v30_012.png,2160,3840,2.153,106.716,128.187,68.251,0.097,0.083,194.0,2200614,14.46,13.67,1617,ok,,Sasha_v30,Sasha_v30/Sasha_v30_012.png,Sasha_v30_012.png,work/frames_raw/Sasha_v30/Sasha_v30_012.png,2160,3840,8294400,0.5625,2.153,106.716,128.187,PASS
13,2,2.0,2.0,11.54,15.38,24,STEP2_TECHNICAL_METRICS,Sasha_v30/Sasha_v30_013.png,2160,3840,2.327,120.073,132.675,73.162,0.086,0.123,195.0,2292240,18.28,16.15,1568,ok,,Sasha_v30,Sasha_v30/Sasha_v30_013.png,Sasha_v30_013.png,work/frames_raw/Sasha_v30/Sasha_v30_013.png,2160,3840,8294400,0.5625,2.327,120.073,132.675,PASS
14,2,2.0,2.0,7.69,7.69,25,STEP2_TECHNICAL_METRICS,Sasha_v30/Sasha_v30_014.png,2160,3840,2.293,115.347,118.08,59.453,0.086,0.034,177.0,2284402,17.26,15.15,1585,ok,,Sasha_v30,Sasha_v30/Sasha_v30_014.png,Sasha_v30_014.png,work/frames_raw/Sasha_v30/Sasha_v30_014.png,2160,3840,8294400,0.5625,2.293,115.347,118.08,PASS
15,2,2.0,2.0,34.62,53.85,18,STEP2_TECHNICAL_METRICS,Sasha_v30/Sasha_v30_015.png,2160,3840,2.74,160.711,128.07,64.116,0.077,0.064,184.0,2686814,27.84,24.42,1388,ok,,Sasha_v30,Sasha_v30/Sasha_v30_015.png,Sasha_v30_015.png,work/frames_raw/Sasha_v30/Sasha_v30_015.png,2160,3840,8294400,0.5625,2.74,160.711,128.07,PASS
16,2,2.0,2.0,15.38,26.92,22,STEP2_TECHNICAL_METRICS,Sasha_v30/Sasha_v30_016.png,2160,3840,2.515,128.956,123.066,62.002,0.085,0.046,180.1,2381416,23.18,18.27,1498,ok,,Sasha_v30,Sasha_v30/Sasha_v30_016.png,Sasha_v30_016.png,work/frames_raw/Sasha_v30/Sasha_v30_016.png,2160,3840,8294400,0.5625,2.515,128.956,123.066,PASS
17,2,2.0,2.0,61.54,80.77,9,STEP2_TECHNICAL_METRICS,Sasha_v30/Sasha_v30_017.png,2160,3840,3.18,202.535,131.786,67.819,0.085,0.084,190.0,3017080,35.96,35.01,1199,ok,,Sasha_v30,Sasha_v30/Sasha_v30_017.png,Sasha_v30_017.png,work/frames_raw/Sasha_v30/Sasha_v30_017.png,2160,3840,8294400,0.5625,3.18,202.535,131.786,PASS
18,2,2.0,2.0,88.46,92.31,3,STEP2_TECHNICAL_METRICS,Sasha_v30/Sasha_v30_018.png,2160,3840,3.552,242.394,134.498,67.395,0.074,0.086,189.0,3035236,42.0,40.73,1090,ok,,Sasha_v30,Sasha_v30/Sasha_v30_018.png,Sasha_v30_018.png,work/frames_raw/Sasha_v30/Sasha_v30_018.png,2160,3840,8294400,0.5625,3.552,242.394,134.498,PASS
19,2,2.0,2.0,69.23,76.92,8,STEP2_TECHNICAL_METRICS,Sasha_v30/Sasha_v30_019.png,2160,3840,3.241,200.174,134.765,65.613,0.057,0.065,181.0,3093088,37.22,34.38,1190,ok,,Sasha_v30,Sasha_v30/Sasha_v30_019.png,Sasha_v30_019.png,work/frames_raw/Sasha_v30/Sasha_v30_019.png,2160,3840,8294400,0.5625,3.241,200.174,134.765,PASS
20,2,2.0,2.0,53.85,73.08,10,STEP2_TECHNICAL_METRICS,Sasha_v30/Sasha_v30_020.png,2160,3840,3.167,199.317,145.64,65.756,0.028,0.104,172.0,3639670,35.72,34.06,1215,ok,,Sasha_v30,Sasha_v30/Sasha_v30_020.png,Sasha_v30_020.png,work/frames_raw/Sasha_v30/Sasha_v30_020.png,2160,3840,8294400,0.5625,3.167,199.317,145.64,PASS
21,2,2.0,2.0,76.92,38.46,12,STEP2_TECHNICAL_METRICS,Sasha_v30/Sasha_v30_021.png,2160,3840,3.285,146.969,162.701,62.694,0.034,0.062,163.0,4155409,37.93,21.5,1326,ok,,Sasha_v30,Sasha_v30/Sasha_v30_021.png,Sasha_v30_021.png,work/frames_raw/Sasha_v30/Sasha_v30_021.png,2160,3840,8294400,0.5625,3.285,146.969,162.701,PASS
22,2,2.0,2.0,57.69,34.62,16,STEP2_TECHNICAL_METRICS,Sasha_v30/Sasha_v30_022.png,2160,3840,3.168,139.052,156.602,66.334,0.064,0.088,181.0,4318656,35.78,19.86,1363,ok,,Sasha_v30,Sasha_v30/Sasha_v30_022.png,Sasha_v30_022.png,work/frames_raw/Sasha_v30/Sasha_v30_022.png,2160,3840,8294400,0.5625,3.168,139.052,156.602,PASS
23,2,2.0,2.0,23.08,19.23,21,STEP2_TECHNICAL_METRICS,Sasha_v30/Sasha_v30_023.png,2160,3840,2.614,122.23,147.334,61.951,0.03,0.044,168.0,3405573,25.03,16.79,1493,ok,,Sasha_v30,Sasha_v30/Sasha_v30_023.png,Sasha_v30_023.png,work/frames_raw/Sasha_v30/Sasha_v30_023.png,2160,3840,8294400,0.5625,2.614,122.23,147.334,PASS
24,2,2.0,2.0,73.08,42.31,11,STEP2_TECHNICAL_METRICS,Sasha_v30/Sasha_v30_024.png,2160,3840,3.276,153.056,137.667,66.672,0.049,0.045,177.0,4237937,37.81,22.72,1315,ok,,Sasha_v30,Sasha_v30/Sasha_v30_024.png,Sasha_v30_024.png,work/frames_raw/Sasha_v30/Sasha_v30_024.png,2160,3840,8294400,0.5625,3.276,153.056,137.667,PASS
25,2,2.0,2.0,92.31,65.38,5,STEP2_TECHNICAL_METRICS,Sasha_v30/Sasha_v30_025.png,2160,3840,3.68,182.498,139.992,68.261,0.061,0.049,177.0,4519895,44.62,29.77,1158,ok,,Sasha_v30,Sasha_v30/Sasha_v30_025.png,Sasha_v30_025.png,work/frames_raw/Sasha_v30/Sasha_v30_025.png,2160,3840,8294400,0.5625,3.68,182.498,139.992,PASS
26,2,2.0,2.0,30.77,23.08,19,STEP2_TECHNICAL_METRICS,Sasha_v30/Sasha_v30_026.png,2160,3840,2.68,124.511,126.154,69.726,0.124,0.042,190.0,3305599,26.52,17.16,1471,ok,,Sasha_v30,Sasha_v30/Sasha_v30_026.png,Sasha_v30_026.png,work/frames_raw/Sasha_v30/Sasha_v30_026.png,2160,3840,8294400,0.5625,2.68,124.511,126.154,PASS
27,2,2.0,2.0,100.0,100.0,1,STEP2_TECHNICAL_METRICS,Sasha_v30/Sasha_v30_027.png,2160,3840,4.248,310.915,132.975,69.96,0.117,0.036,186.0,4132617,54.78,49.89,887,ok,,Sasha_v30,Sasha_v30/Sasha_v30_027.png,Sasha_v30_027.png,work/frames_raw/Sasha_v30/Sasha_v30_027.png,2160,3840,8294400,0.5625,4.248,310.915,132.975,PASS
1,2,2.0,2.0,100.0,17.86,12,STEP2_TECHNICAL_METRICS,Sasha_v31/Sasha_v31_001.png,2160,3840,6.322,471.437,144.868,48.533,0.014,0.006,131.0,4214506,74.31,63.98,553,ok,,Sasha_v31,Sasha_v31/Sasha_v31_001.png,Sasha_v31_001.png,work/frames_raw/Sasha_v31/Sasha_v31_001.png,2160,3840,8294400,0.5625,6.322,471.437,144.868,PASS
2,2,2.0,2.0,3.7,3.57,28,STEP2_TECHNICAL_METRICS,Sasha_v31/Sasha_v31_002.png,2160,3840,3.14,203.96,143.749,53.615,0.025,0.047,145.0,3640181,35.42,35.22,1208,ok,,Sasha_v31,Sasha_v31/Sasha_v31_002.png,Sasha_v31_002.png,work/frames_raw/Sasha_v31/Sasha_v31_002.png,2160,3840,8294400,0.5625,3.14,203.96,143.749,PASS
3,2,2.0,2.0,25.93,28.57,22,STEP2_TECHNICAL_METRICS,Sasha_v31/Sasha_v31_003.png,2160,3840,3.38,504.265,143.987,67.097,0.046,0.088,179.0,3271435,38.89,66.37,878,ok,,Sasha_v31,Sasha_v31/Sasha_v31_003.png,Sasha_v31_003.png,work/frames_raw/Sasha_v31/Sasha_v31_003.png,2160,3840,8294400,0.5625,3.38,504.265,143.987,PASS
4,2,2.0,2.0,3.7,7.14,27,STEP2_TECHNICAL_METRICS,Sasha_v31/Sasha_v31_004.png,2160,3840,3.14,391.494,147.348,57.648,0.016,0.064,148.0,3114682,35.42,57.79,997,ok,,Sasha_v31,Sasha_v31/Sasha_v31_004.png,Sasha_v31_004.png,work/frames_raw/Sasha_v31/Sasha_v31_004.png,2160,3840,8294400,0.5625,3.14,391.494,147.348,PASS
5,2,2.0,2.0,0.0,0.0,29,STEP2_TECHNICAL_METRICS,Sasha_v31/Sasha_v31_005.png,2160,3840,2.616,196.252,149.494,51.684,0.017,0.051,131.0,3124887,25.09,32.89,1342,ok,,Sasha_v31,Sasha_v31/Sasha_v31_005.png,Sasha_v31_005.png,work/frames_raw/Sasha_v31/Sasha_v31_005.png,2160,3840,8294400,0.5625,2.616,196.252,149.494,PASS
6,2,2.0,2.0,33.33,46.43,18,STEP2_TECHNICAL_METRICS,Sasha_v31/Sasha_v31_006.png,2160,3840,3.515,621.023,151.901,68.544,0.033,0.124,173.0,3125607,41.16,74.31,768,ok,,Sasha_v31,Sasha_v31/Sasha_v31_006.png,Sasha_v31_006.png,work/frames_raw/Sasha_v31/Sasha_v31_006.png,2160,3840,8294400,0.5625,3.515,621.023,151.901,PASS
7,2,2.0,2.0,62.96,42.86,15,STEP2_TECHNICAL_METRICS,Sasha_v31/Sasha_v31_007.png,2160,3840,3.788,595.46,143.042,62.921,0.039,0.062,167.0,3618954,46.54,72.14,729,ok,,Sasha_v31,Sasha_v31/Sasha_v31_007.png,Sasha_v31_007.png,work/frames_raw/Sasha_v31/Sasha_v31_007.png,2160,3840,8294400,0.5625,3.788,595.46,143.042,PASS
8,2,2.0,2.0,70.37,50.0,11,STEP2_TECHNICAL_METRICS,Sasha_v31/Sasha_v31_008.png,2160,3840,3.883,623.471,139.519,62.093,0.045,0.053,168.0,3550652,48.21,74.52,687,ok,,Sasha_v31,Sasha_v31/Sasha_v31_008.png,Sasha_v31_008.png,work/frames_raw/Sasha_v31/Sasha_v31_008.png,2160,3840,8294400,0.5625,3.883,623.471,139.519,PASS
9,2,2.0,2.0,22.22,32.14,23,STEP2_TECHNICAL_METRICS,Sasha_v31/Sasha_v31_009.png,2160,3840,3.354,533.534,142.108,60.548,0.021,0.047,164.0,3404693,38.59,68.59,852,ok,,Sasha_v31,Sasha_v31/Sasha_v31_009.png,Sasha_v31_009.png,work/frames_raw/Sasha_v31/Sasha_v31_009.png,2160,3840,8294400,0.5625,3.354,533.534,142.108,PASS
10,2,2.0,2.0,59.26,78.57,8,STEP2_TECHNICAL_METRICS,Sasha_v31/Sasha_v31_010.png,2160,3840,3.742,676.354,144.1,62.338,0.033,0.073,168.0,3363291,45.94,77.01,685,ok,,Sasha_v31,Sasha_v31/Sasha_v31_010.png,Sasha_v31_010.png,work/frames_raw/Sasha_v31/Sasha_v31_010.png,2160,3840,8294400,0.5625,3.742,676.354,144.1,PASS
11,2,2.0,2.0,29.63,25.0,21,STEP2_TECHNICAL_METRICS,Sasha_v31/Sasha_v31_011.png,2160,3840,3.391,497.147,140.374,61.482,0.06,0.051,174.0,3550474,39.07,65.84,880,ok,,Sasha_v31,Sasha_v31/Sasha_v31_011.png,Sasha_v31_011.png,work/frames_raw/Sasha_v31/Sasha_v31_011.png,2160,3840,8294400,0.5625,3.391,497.147,140.374,PASS
12,2,2.0,2.0,37.04,39.29,19,STEP2_TECHNICAL_METRICS,Sasha_v31/Sasha_v31_012.png,2160,3840,3.533,590.543,144.547,60.577,0.03,0.066,166.0,3307304,41.52,71.72,791,ok,,Sasha_v31,Sasha_v31/Sasha_v31_012.png,Sasha_v31_012.png,work/frames_raw/Sasha_v31/Sasha_v31_012.png,2160,3840,8294400,0.5625,3.533,590.543,144.547,PASS
13,2,2.0,2.0,55.56,75.0,10,STEP2_TECHNICAL_METRICS,Sasha_v31/Sasha_v31_013.png,2160,3840,3.707,669.628,146.149,63.482,0.022,0.096,168.0,3287158,44.92,76.8,697,ok,,Sasha_v31,Sasha_v31/Sasha_v31_013.png,Sasha_v31_013.png,work/frames_raw/Sasha_v31/Sasha_v31_013.png,2160,3840,8294400,0.5625,3.707,669.628,146.149,PASS
14,2,2.0,2.0,77.78,92.86,4,STEP2_TECHNICAL_METRICS,Sasha_v31/Sasha_v31_014.png,2160,3840,3.974,720.618,140.127,61.573,0.029,0.061,164.0,3484751,49.94,78.39,632,ok,,Sasha_v31,Sasha_v31/Sasha_v31_014.png,Sasha_v31_014.png,work/frames_raw/Sasha_v31/Sasha_v31_014.png,2160,3840,8294400,0.5625,3.974,720.618,140.127,PASS
15,2,2.0,2.0,51.85,82.14,9,STEP2_TECHNICAL_METRICS,Sasha_v31/Sasha_v31_015.png,2160,3840,3.702,677.966,141.353,62.491,0.044,0.064,172.0,3447136,44.8,77.07,696,ok,,Sasha_v31,Sasha_v31/Sasha_v31_015.png,Sasha_v31_015.png,work/frames_raw/Sasha_v31/Sasha_v31_015.png,2160,3840,8294400,0.5625,3.702,677.966,141.353,PASS
16,2,2.0,2.0,48.15,64.29,14,STEP2_TECHNICAL_METRICS,Sasha_v31/Sasha_v31_016.png,2160,3840,3.677,653.93,135.515,61.119,0.03,0.051,164.0,3303114,44.44,76.06,711,ok,,Sasha_v31,Sasha_v31/Sasha_v31_016.png,Sasha_v31_016.png,work/frames_raw/Sasha_v31/Sasha_v31_016.png,2160,3840,8294400,0.5625,3.677,653.93,135.515,PASS
17,2,2.0,2.0,44.44,71.43,13,STEP2_TECHNICAL_METRICS,Sasha_v31/Sasha_v31_017.png,2160,3840,3.583,661.182,148.894,63.739,0.035,0.072,170.0,3218998,42.53,76.32,727,ok,,Sasha_v31,Sasha_v31/Sasha_v31_017.png,Sasha_v31_017.png,work/frames_raw/Sasha_v31/Sasha_v31_017.png,2160,3840,8294400,0.5625,3.583,661.182,148.894,PASS
18,2,2.0,2.0,40.74,60.71,16,STEP2_TECHNICAL_METRICS,Sasha_v31/Sasha_v31_018.png,2160,3840,3.576,637.908,140.476,62.248,0.021,0.067,167.0,2982034,42.35,75.37,740,ok,,Sasha_v31,Sasha_v31/Sasha_v31_018.png,Sasha_v31_018.png,work/frames_raw/Sasha_v31/Sasha_v31_018.png,2160,3840,8294400,0.5625,3.576,637.908,140.476,PASS
19,2,2.0,2.0,66.67,85.71,5,STEP2_TECHNICAL_METRICS,Sasha_v31/Sasha_v31_019.png,2160,3840,3.821,687.506,148.563,64.707,0.031,0.074,177.0,3208749,47.25,77.44,673,ok,,Sasha_v31,Sasha_v31/Sasha_v31_019.png,Sasha_v31_019.png,work/frames_raw/Sasha_v31/Sasha_v31_019.png,2160,3840,8294400,0.5625,3.821,687.506,148.563,PASS
20,2,2.0,2.0,18.52,53.57,20,STEP2_TECHNICAL_METRICS,Sasha_v31/Sasha_v31_020.png,2160,3840,3.337,627.593,150.653,66.227,0.038,0.089,175.0,2718686,38.53,74.84,788,ok,,Sasha_v31,Sasha_v31/Sasha_v31_020.png,Sasha_v31_020.png,work/frames_raw/Sasha_v31/Sasha_v31_020.png,2160,3840,8294400,0.5625,3.337,627.593,150.653,PASS
21,2,2.0,2.0,81.48,57.14,7,STEP2_TECHNICAL_METRICS,Sasha_v31/Sasha_v31_021.png,2160,3840,4.111,637.004,150.543,60.345,0.012,0.048,156.0,3712085,52.15,75.26,648,ok,,Sasha_v31,Sasha_v31/Sasha_v31_021.png,Sasha_v31_021.png,work/frames_raw/Sasha_v31/Sasha_v31_021.png,2160,3840,8294400,0.5625,4.111,637.004,150.543,PASS
22,2,2.0,2.0,74.07,67.86,6,STEP2_TECHNICAL_METRICS,Sasha_v31/Sasha_v31_022.png,2160,3840,3.928,660.444,149.733,63.751,0.022,0.057,162.0,3434948,48.98,76.22,667,ok,,Sasha_v31,Sasha_v31/Sasha_v31_022.png,Sasha_v31_022.png,work/frames_raw/Sasha_v31/Sasha_v31_022.png,2160,3840,8294400,0.5625,3.928,660.444,149.733,PASS
23,2,2.0,2.0,14.81,35.71,24,STEP2_TECHNICAL_METRICS,Sasha_v31/Sasha_v31_023.png,2160,3840,3.33,571.37,139.518,61.74,0.04,0.047,164.0,3041111,38.41,70.39,836,ok,,Sasha_v31,Sasha_v31/Sasha_v31_023.png,Sasha_v31_023.png,work/frames_raw/Sasha_v31/Sasha_v31_023.png,2160,3840,8294400,0.5625,3.33,571.37,139.518,PASS
24,2,2.0,2.0,85.19,14.29,17,STEP2_TECHNICAL_METRICS,Sasha_v31/Sasha_v31_024.png,2160,3840,4.191,469.413,146.429,63.289,0.044,0.048,165.0,3813157,53.94,63.88,738,ok,,Sasha_v31,Sasha_v31/Sasha_v31_024.png,Sasha_v31_024.png,work/frames_raw/Sasha_v31/Sasha_v31_024.png,2160,3840,8294400,0.5625,4.191,469.413,146.429,PASS
25,2,2.0,2.0,88.89,89.29,3,STEP2_TECHNICAL_METRICS,Sasha_v31/Sasha_v31_025.png,2160,3840,4.37,702.342,149.864,63.161,0.031,0.092,173.0,3580209,56.93,77.91,578,ok,,Sasha_v31,Sasha_v31/Sasha_v31_025.png,Sasha_v31_025.png,work/frames_raw/Sasha_v31/Sasha_v31_025.png,2160,3840,8294400,0.5625,4.37,702.342,149.864,PASS
26,2,2.0,2.0,96.3,100.0,1,STEP2_TECHNICAL_METRICS,Sasha_v31/Sasha_v31_026.png,2160,3840,5.352,821.249,143.743,65.845,0.046,0.065,178.0,4016361,67.86,80.46,455,ok,,Sasha_v31,Sasha_v31/Sasha_v31_026.png,Sasha_v31_026.png,work/frames_raw/Sasha_v31/Sasha_v31_026.png,2160,3840,8294400,0.5625,5.352,821.249,143.743,PASS
27,2,2.0,2.0,92.59,96.43,2,STEP2_TECHNICAL_METRICS,Sasha_v31/Sasha_v31_027.png,2160,3840,4.394,730.569,141.879,65.332,0.032,0.066,170.0,3686425,57.17,78.6,571,ok,,Sasha_v31,Sasha_v31/Sasha_v31_027.png,Sasha_v31_027.png,work/frames_raw/Sasha_v31/Sasha_v31_027.png,2160,3840,8294400,0.5625,4.394,730.569,141.879,PASS
28,2,2.0,2.0,7.41,10.71,26,STEP2_TECHNICAL_METRICS,Sasha_v31/Sasha_v31_028.png,2160,3840,3.167,408.32,151.319,59.876,0.02,0.032,153.0,3136425,35.72,59.27,983,ok,,Sasha_v31,Sasha_v31/Sasha_v31_028.png,Sasha_v31_028.png,work/frames_raw/Sasha_v31/Sasha_v31_028.png,2160,3840,8294400,0.5625,3.167,408.32,151.319,PASS
29,2,2.0,2.0,11.11,21.43,25,STEP2_TECHNICAL_METRICS,Sasha_v31/Sasha_v31_029.png,2160,3840,3.234,493.493,146.474,66.492,0.049,0.053,168.0,3086455,37.16,65.68,910,ok,,Sasha_v31,Sasha_v31/Sasha_v31_029.png,Sasha_v31_029.png,work/frames_raw/Sasha_v31/Sasha_v31_029.png,2160,3840,8294400,0.5625,3.234,493.493,146.474,PASS
1,2,2.0,2.0,20.0,50.0,14,STEP2_TECHNICAL_METRICS,Sasha_v32/Sasha_v32_001.png,2160,3888,6.392,1173.876,152.421,70.097,0.109,0.117,201.0,5600865,74.55,85.28,354,ok,,Sasha_v32,Sasha_v32/Sasha_v32_001.png,Sasha_v32_001.png,work/frames_raw/Sasha_v32/Sasha_v32_001.png,2160,3888,8398080,0.555556,6.392,1173.876,152.421,PASS
2,2,2.0,2.0,70.0,40.0,9,STEP2_TECHNICAL_METRICS,Sasha_v32/Sasha_v32_002.png,2160,3888,7.159,1110.785,154.382,68.656,0.107,0.119,201.0,6811941,78.85,84.64,315,ok,,Sasha_v32,Sasha_v32/Sasha_v32_002.png,Sasha_v32_002.png,work/frames_raw/Sasha_v32/Sasha_v32_002.png,2160,3888,8398080,0.555556,7.159,1110.785,154.382,PASS
3,2,2.0,2.0,10.0,35.0,18,STEP2_TECHNICAL_METRICS,Sasha_v32/Sasha_v32_003.png,2160,3888,6.274,1110.619,150.349,71.356,0.122,0.117,205.0,7059801,73.89,84.59,366,ok,,Sasha_v32,Sasha_v32/Sasha_v32_003.png,Sasha_v32_003.png,work/frames_raw/Sasha_v32/Sasha_v32_003.png,2160,3888,8398080,0.555556,6.274,1110.619,150.349,PASS
4,2,2.0,2.0,65.0,30.0,10,STEP2_TECHNICAL_METRICS,Sasha_v32/Sasha_v32_004.png,2160,3888,7.059,1091.95,159.57,65.182,0.071,0.129,182.0,7126495,78.61,84.48,323,ok,,Sasha_v32,Sasha_v32/Sasha_v32_004.png,Sasha_v32_004.png,work/frames_raw/Sasha_v32/Sasha_v32_004.png,2160,3888,8398080,0.555556,7.059,1091.95,159.57,PASS
5,2,2.0,2.0,0.0,5.0,21,STEP2_TECHNICAL_METRICS,Sasha_v32/Sasha_v32_005.png,2160,3888,5.846,1047.852,159.062,67.437,0.09,0.129,193.0,6881203,71.39,83.74,392,ok,,Sasha_v32,Sasha_v32/Sasha_v32_005.png,Sasha_v32_005.png,work/frames_raw/Sasha_v32/Sasha_v32_005.png,2160,3888,8398080,0.555556,5.846,1047.852,159.062,PASS
6,2,2.0,2.0,100.0,90.0,1,STEP2_TECHNICAL_METRICS,Sasha_v32/Sasha_v32_006.png,2160,3888,8.087,1307.937,155.439,67.782,0.094,0.115,195.0,7551897,81.18,86.92,267,ok,,Sasha_v32,Sasha_v32/Sasha_v32_006.png,Sasha_v32_006.png,work/frames_raw/Sasha_v32/Sasha_v32_006.png,2160,3888,8398080,0.555556,8.087,1307.937,155.439,PASS
7,2,2.0,2.0,80.0,95.0,3,STEP2_TECHNICAL_METRICS,Sasha_v32/Sasha_v32_007.png,2160,3888,7.543,1317.897,157.61,67.54,0.089,0.127,195.0,7551359,79.57,86.97,283,ok,,Sasha_v32,Sasha_v32/Sasha_v32_007.png,Sasha_v32_007.png,work/frames_raw/Sasha_v32/Sasha_v32_007.png,2160,3888,8398080,0.555556,7.543,1317.897,157.61,PASS
8,2,2.0,2.0,30.0,65.0,11,STEP2_TECHNICAL_METRICS,Sasha_v32/Sasha_v32_008.png,2160,3888,6.527,1195.945,155.065,70.054,0.109,0.121,201.0,7037885,75.45,85.7,336,ok,,Sasha_v32,Sasha_v32/Sasha_v32_008.png,Sasha_v32_008.png,work/frames_raw/Sasha_v32/Sasha_v32_008.png,2160,3888,8398080,0.555556,6.527,1195.945,155.065,PASS
9,2,2.0,2.0,35.0,45.0,13,STEP2_TECHNICAL_METRICS,Sasha_v32/Sasha_v32_009.png,2160,3888,6.538,1144.19,160.57,67.582,0.097,0.13,199.0,7152427,75.51,84.9,350,ok,,Sasha_v32,Sasha_v32/Sasha_v32_009.png,Sasha_v32_009.png,work/frames_raw/Sasha_v32/Sasha_v32_009.png,2160,3888,8398080,0.555556,6.538,1144.19,160.57,PASS
10,2,2.0,2.0,45.0,20.0,15,STEP2_TECHNICAL_METRICS,Sasha_v32/Sasha_v32_010.png,2160,3888,6.819,1083.242,151.242,69.802,0.117,0.112,202.0,6833748,77.3,84.32,328,ok,,Sasha_v32,Sasha_v32/Sasha_v32_010.png,Sasha_v32_010.png,work/frames_raw/Sasha_v32/Sasha_v32_010.png,2160,3888,8398080,0.555556,6.819,1083.242,151.242,PASS
11,2,2.0,2.0,15.0,10.0,20,STEP2_TECHNICAL_METRICS,Sasha_v32/Sasha_v32_011.png,2160,3888,6.315,1055.749,155.142,67.499,0.109,0.114,200.0,6925378,74.25,83.79,370,ok,,Sasha_v32,Sasha_v32/Sasha_v32_011.png,Sasha_v32_011.png,work/frames_raw/Sasha_v32/Sasha_v32_011.png,2160,3888,8398080,0.555556,6.315,1055.749,155.142,PASS
12,2,2.0,2.0,50.0,0.0,17,STEP2_TECHNICAL_METRICS,Sasha_v32/Sasha_v32_012.png,2160,3888,6.829,1044.643,159.06,65.205,0.069,0.11,184.0,7058608,77.48,83.58,337,ok,,Sasha_v32,Sasha_v32/Sasha_v32_012.png,Sasha_v32_012.png,work/frames_raw/Sasha_v32/Sasha_v32_012.png,2160,3888,8398080,0.555556,6.829,1044.643,159.06,PASS
13,2,2.0,2.0,5.0,25.0,19,STEP2_TECHNICAL_METRICS,Sasha_v32/Sasha_v32_013.png,2160,3888,6.272,1089.507,157.199,68.687,0.104,0.116,200.0,7104741,73.84,84.43,368,ok,,Sasha_v32,Sasha_v32/Sasha_v32_013.png,Sasha_v32_013.png,work/frames_raw/Sasha_v32/Sasha_v32_013.png,2160,3888,8398080,0.555556,6.272,1089.507,157.199,PASS
14,2,2.0,2.0,95.0,75.0,4,STEP2_TECHNICAL_METRICS,Sasha_v32/Sasha_v32_014.png,2160,3888,7.749,1239.017,158.416,67.763,0.091,0.116,190.0,7281952,80.17,86.02,287,ok,,Sasha_v32,Sasha_v32/Sasha_v32_014.png,Sasha_v32_014.png,work/frames_raw/Sasha_v32/Sasha_v32_014.png,2160,3888,8398080,0.555556,7.749,1239.017,158.416,PASS
15,2,2.0,2.0,85.0,100.0,2,STEP2_TECHNICAL_METRICS,Sasha_v32/Sasha_v32_015.png,2160,3888,7.684,1384.497,162.525,64.815,0.076,0.133,176.0,7604272,79.99,87.55,275,ok,,Sasha_v32,Sasha_v32/Sasha_v32_015.png,Sasha_v32_015.png,work/frames_raw/Sasha_v32/Sasha_v32_015.png,2160,3888,8398080,0.555556,7.684,1384.497,162.525,PASS
16,2,2.0,2.0,55.0,85.0,6,STEP2_TECHNICAL_METRICS,Sasha_v32/Sasha_v32_016.png,2160,3888,6.903,1256.632,162.132,66.329,0.083,0.131,182.0,7271688,78.02,86.28,308,ok,,Sasha_v32,Sasha_v32/Sasha_v32_016.png,Sasha_v32_016.png,work/frames_raw/Sasha_v32/Sasha_v32_016.png,2160,3888,8398080,0.555556,6.903,1256.632,162.132,PASS
17,2,2.0,2.0,25.0,70.0,12,STEP2_TECHNICAL_METRICS,Sasha_v32/Sasha_v32_017.png,2160,3888,6.526,1210.683,160.345,66.36,0.09,0.122,188.0,7227602,75.39,85.81,335,ok,,Sasha_v32,Sasha_v32/Sasha_v32_017.png,Sasha_v32_017.png,work/frames_raw/Sasha_v32/Sasha_v32_017.png,2160,3888,8398080,0.555556,6.526,1210.683,160.345,PASS
18,2,2.0,2.0,60.0,80.0,7,STEP2_TECHNICAL_METRICS,Sasha_v32/Sasha_v32_018.png,2160,3888,6.927,1254.071,162.299,64.691,0.08,0.119,180.0,7208717,78.14,86.23,307,ok,,Sasha_v32,Sasha_v32/Sasha_v32_018.png,Sasha_v32_018.png,work/frames_raw/Sasha_v32/Sasha_v32_018.png,2160,3888,8398080,0.555556,6.927,1254.071,162.299,PASS
19,2,2.0,2.0,75.0,60.0,8,STEP2_TECHNICAL_METRICS,Sasha_v32/Sasha_v32_019.png,2160,3888,7.37,1183.525,160.046,67.093,0.102,0.123,199.0,7375458,79.45,85.49,297,ok,,Sasha_v32,Sasha_v32/Sasha_v32_019.png,Sasha_v32_019.png,work/frames_raw/Sasha_v32/Sasha_v32_019.png,2160,3888,8398080,0.555556,7.37,1183.525,160.046,PASS
20,2,2.0,2.0,90.0,55.0,5,STEP2_TECHNICAL_METRICS,Sasha_v32/Sasha_v32_020.png,2160,3888,7.733,1177.958,163.483,64.234,0.071,0.122,180.0,7716102,80.11,85.38,293,ok,,Sasha_v32,Sasha_v32/Sasha_v32_020.png,Sasha_v32_020.png,work/frames_raw/Sasha_v32/Sasha_v32_020.png,2160,3888,8398080,0.555556,7.733,1177.958,163.483,PASS
21,2,2.0,2.0,40.0,15.0,16,STEP2_TECHNICAL_METRICS,Sasha_v32/Sasha_v32_021.png,2160,3888,6.749,1073.932,162.931,66.588,0.091,0.132,192.0,7456945,76.94,84.06,342,ok,,Sasha_v32,Sasha_v32/Sasha_v32_021.png,Sasha_v32_021.png,work/frames_raw/Sasha_v32/Sasha_v32_021.png,2160,3888,8398080,0.555556,6.749,1073.932,162.931,PASS
1,2,2.0,2.0,78.12,53.12,12,STEP2_TECHNICAL_METRICS,Sasha_v33/Sasha_v33_001.png,2160,3840,25.949,1865.458,150.045,66.93,0.016,0.105,167.0,5747636,95.1,91.63,110,ok,,Sasha_v33,Sasha_v33/Sasha_v33_001.png,Sasha_v33_001.png,work/frames_raw/Sasha_v33/Sasha_v33_001.png,2160,3840,8294400,0.5625,25.949,1865.458,150.045,PASS
2,2,2.0,2.0,25.0,28.12,25,STEP2_TECHNICAL_METRICS,Sasha_v33/Sasha_v33_002.png,2160,3840,20.064,1709.027,147.606,74.554,0.024,0.133,180.0,6217139,92.89,89.67,150,ok,,Sasha_v33,Sasha_v33/Sasha_v33_002.png,Sasha_v33_002.png,work/frames_raw/Sasha_v33/Sasha_v33_002.png,2160,3840,8294400,0.5625,20.064,1709.027,147.606,PASS
3,2,2.0,2.0,62.5,65.62,13,STEP2_TECHNICAL_METRICS,Sasha_v33/Sasha_v33_003.png,2160,3840,22.582,1963.897,146.572,75.019,0.023,0.115,179.0,6382851,94.27,92.53,107,ok,,Sasha_v33,Sasha_v33/Sasha_v33_003.png,Sasha_v33_003.png,work/frames_raw/Sasha_v33/Sasha_v33_003.png,2160,3840,8294400,0.5625,22.582,1963.897,146.572,PASS
4,2,2.0,2.0,68.75,78.12,9,STEP2_TECHNICAL_METRICS,Sasha_v33/Sasha_v33_004.png,2160,3840,23.676,2081.75,145.923,75.162,0.044,0.094,178.0,6892142,94.62,93.17,99,ok,,Sasha_v33,Sasha_v33/Sasha_v33_004.png,Sasha_v33_004.png,work/frames_raw/Sasha_v33/Sasha_v33_004.png,2160,3840,8294400,0.5625,23.676,2081.75,145.923,PASS
5,2,2.0,2.0,81.25,71.88,8,STEP2_TECHNICAL_METRICS,Sasha_v33/Sasha_v33_005.png,2160,3840,26.333,2050.501,144.424,74.113,0.036,0.076,176.0,6309603,95.34,92.96,95,ok,,Sasha_v33,Sasha_v33/Sasha_v33_005.png,Sasha_v33_005.png,work/frames_raw/Sasha_v33/Sasha_v33_005.png,2160,3840,8294400,0.5625,26.333,2050.501,144.424,PASS
6,2,2.0,2.0,87.5,90.62,4,STEP2_TECHNICAL_METRICS,Sasha_v33/Sasha_v33_006.png,2160,3840,26.744,2292.574,149.099,72.479,0.029,0.107,178.0,6538507,95.52,94.44,84,ok,,Sasha_v33,Sasha_v33/Sasha_v33_006.png,Sasha_v33_006.png,work/frames_raw/Sasha_v33/Sasha_v33_006.png,2160,3840,8294400,0.5625,26.744,2292.574,149.099,PASS
7,2,2.0,2.0,56.25,59.38,15,STEP2_TECHNICAL_METRICS,Sasha_v33/Sasha_v33_007.png,2160,3840,22.204,1932.236,144.924,74.596,0.039,0.089,179.0,6417667,94.09,92.0,112,ok,,Sasha_v33,Sasha_v33/Sasha_v33_007.png,Sasha_v33_007.png,work/frames_raw/Sasha_v33/Sasha_v33_007.png,2160,3840,8294400,0.5625,22.204,1932.236,144.924,PASS
8,2,2.0,2.0,43.75,50.0,18,STEP2_TECHNICAL_METRICS,Sasha_v33/Sasha_v33_008.png,2160,3840,21.54,1864.533,144.776,75.324,0.031,0.101,181.0,6539923,93.67,91.58,122,ok,,Sasha_v33,Sasha_v33/Sasha_v33_008.png,Sasha_v33_008.png,work/frames_raw/Sasha_v33/Sasha_v33_008.png,2160,3840,8294400,0.5625,21.54,1864.533,144.776,PASS
9,2,2.0,2.0,59.38,40.62,17,STEP2_TECHNICAL_METRICS,Sasha_v33/Sasha_v33_009.png,2160,3840,22.382,1774.523,143.811,75.291,0.039,0.084,181.0,5491711,94.15,90.41,127,ok,,Sasha_v33,Sasha_v33/Sasha_v33_009.png,Sasha_v33_009.png,work/frames_raw/Sasha_v33/Sasha_v33_009.png,2160,3840,8294400,0.5625,22.382,1774.523,143.811,PASS
10,2,2.0,2.0,12.5,9.38,29,STEP2_TECHNICAL_METRICS,Sasha_v33/Sasha_v33_010.png,2160,3840,18.501,1468.206,142.873,73.737,0.022,0.088,178.0,5384433,91.94,88.03,188,ok,,Sasha_v33,Sasha_v33/Sasha_v33_010.png,Sasha_v33_010.png,work/frames_raw/Sasha_v33/Sasha_v33_010.png,2160,3840,8294400,0.5625,18.501,1468.206,142.873,PASS
11,2,2.0,2.0,50.0,43.75,19,STEP2_TECHNICAL_METRICS,Sasha_v33/Sasha_v33_011.png,2160,3840,21.815,1839.05,144.376,74.961,0.023,0.107,184.0,6110136,93.85,91.21,123,ok,,Sasha_v33,Sasha_v33/Sasha_v33_011.png,Sasha_v33_011.png,work/frames_raw/Sasha_v33/Sasha_v33_011.png,2160,3840,8294400,0.5625,21.815,1839.05,144.376,PASS
12,2,2.0,2.0,65.62,75.0,10,STEP2_TECHNICAL_METRICS,Sasha_v33/Sasha_v33_012.png,2160,3840,23.434,2068.895,145.237,74.883,0.039,0.1,183.0,6013581,94.56,93.06,100,ok,,Sasha_v33,Sasha_v33/Sasha_v33_012.png,Sasha_v33_012.png,work/frames_raw/Sasha_v33/Sasha_v33_012.png,2160,3840,8294400,0.5625,23.434,2068.895,145.237,PASS
13,2,2.0,2.0,93.75,93.75,3,STEP2_TECHNICAL_METRICS,Sasha_v33/Sasha_v33_013.png,2160,3840,27.214,2308.789,147.175,74.535,0.035,0.104,183.0,6214242,95.7,94.49,82,ok,,Sasha_v33,Sasha_v33/Sasha_v33_013.png,Sasha_v33_013.png,work/frames_raw/Sasha_v33/Sasha_v33_013.png,2160,3840,8294400,0.5625,27.214,2308.789,147.175,PASS
14,2,2.0,2.0,96.88,96.88,2,STEP2_TECHNICAL_METRICS,Sasha_v33/Sasha_v33_014.png,2160,3840,28.078,2552.432,144.969,73.432,0.023,0.107,181.0,6526358,95.88,95.55,74,ok,,Sasha_v33,Sasha_v33/Sasha_v33_014.png,Sasha_v33_014.png,work/frames_raw/Sasha_v33/Sasha_v33_014.png,2160,3840,8294400,0.5625,28.078,2552.432,144.969,PASS
15,2,2.0,2.0,100.0,100.0,1,STEP2_TECHNICAL_METRICS,Sasha_v33/Sasha_v33_015.png,2160,3840,29.877,2716.948,145.353,74.964,0.034,0.109,183.0,6520684,96.3,95.87,68,ok,,Sasha_v33,Sasha_v33/Sasha_v33_015.png,Sasha_v33_015.png,work/frames_raw/Sasha_v33/Sasha_v33_015.png,2160,3840,8294400,0.5625,29.877,2716.948,145.353,PASS
16,2,2.0,2.0,34.38,46.88,20,STEP2_TECHNICAL_METRICS,Sasha_v33/Sasha_v33_016.png,2160,3840,20.673,1853.333,140.132,75.568,0.048,0.103,184.0,5767461,93.13,91.42,129,ok,,Sasha_v33,Sasha_v33/Sasha_v33_016.png,Sasha_v33_016.png,work/frames_raw/Sasha_v33/Sasha_v33_016.png,2160,3840,8294400,0.5625,20.673,1853.333,140.132,PASS
17,2,2.0,2.0,53.12,68.75,14,STEP2_TECHNICAL_METRICS,Sasha_v33/Sasha_v33_017.png,2160,3840,22.202,2013.069,141.584,72.366,0.029,0.097,182.0,5708575,94.03,92.8,106,ok,,Sasha_v33,Sasha_v33/Sasha_v33_017.png,Sasha_v33_017.png,work/frames_raw/Sasha_v33/Sasha_v33_017.png,2160,3840,8294400,0.5625,22.202,2013.069,141.584,PASS
18,2,2.0,2.0,21.88,31.25,24,STEP2_TECHNICAL_METRICS,Sasha_v33/Sasha_v33_018.png,2160,3840,19.324,1709.563,143.214,75.078,0.063,0.126,189.0,5974336,92.65,89.72,154,ok,,Sasha_v33,Sasha_v33/Sasha_v33_018.png,Sasha_v33_018.png,work/frames_raw/Sasha_v33/Sasha_v33_018.png,2160,3840,8294400,0.5625,19.324,1709.563,143.214,PASS
19,2,2.0,2.0,15.62,15.62,28,STEP2_TECHNICAL_METRICS,Sasha_v33/Sasha_v33_019.png,2160,3840,18.808,1562.814,139.51,73.521,0.027,0.118,183.0,5113397,92.35,88.45,178,ok,,Sasha_v33,Sasha_v33/Sasha_v33_019.png,Sasha_v33_019.png,work/frames_raw/Sasha_v33/Sasha_v33_019.png,2160,3840,8294400,0.5625,18.808,1562.814,139.51,PASS
20,2,2.0,2.0,71.88,62.5,11,STEP2_TECHNICAL_METRICS,Sasha_v33/Sasha_v33_020.png,2160,3840,24.355,1936.132,149.591,72.141,0.026,0.1,171.0,5932505,94.68,92.11,108,ok,,Sasha_v33,Sasha_v33/Sasha_v33_020.png,Sasha_v33_020.png,work/frames_raw/Sasha_v33/Sasha_v33_020.png,2160,3840,8294400,0.5625,24.355,1936.132,149.591,PASS
21,2,2.0,2.0,75.0,84.38,7,STEP2_TECHNICAL_METRICS,Sasha_v33/Sasha_v33_021.png,2160,3840,24.408,2127.352,147.929,74.478,0.031,0.073,180.0,5998373,94.74,93.49,96,ok,,Sasha_v33,Sasha_v33/Sasha_v33_021.png,Sasha_v33_021.png,work/frames_raw/Sasha_v33/Sasha_v33_021.png,2160,3840,8294400,0.5625,24.408,2127.352,147.929,PASS
22,2,2.0,2.0,84.38,87.5,5,STEP2_TECHNICAL_METRICS,Sasha_v33/Sasha_v33_022.png,2160,3840,26.547,2194.88,149.622,72.68,0.025,0.09,180.0,6447253,95.46,94.07,87,ok,,Sasha_v33,Sasha_v33/Sasha_v33_022.png,Sasha_v33_022.png,work/frames_raw/Sasha_v33/Sasha_v33_022.png,2160,3840,8294400,0.5625,26.547,2194.88,149.622,PASS
23,2,2.0,2.0,18.75,18.75,27,STEP2_TECHNICAL_METRICS,Sasha_v33/Sasha_v33_023.png,2160,3840,19.078,1585.587,143.983,71.342,0.02,0.076,176.0,5841106,92.53,88.72,171,ok,,Sasha_v33,Sasha_v33/Sasha_v33_023.png,Sasha_v33_023.png,work/frames_raw/Sasha_v33/Sasha_v33_023.png,2160,3840,8294400,0.5625,19.078,1585.587,143.983,PASS
24,2,2.0,2.0,9.38,12.5,30,STEP2_TECHNICAL_METRICS,Sasha_v33/Sasha_v33_024.png,2160,3840,17.737,1492.262,131.586,73.561,0.044,0.097,183.0,4528739,91.4,88.29,193,ok,,Sasha_v33,Sasha_v33/Sasha_v33_024.png,Sasha_v33_024.png,work/frames_raw/Sasha_v33/Sasha_v33_024.png,2160,3840,8294400,0.5625,17.737,1492.262,131.586,PASS
25,2,2.0,2.0,46.88,56.25,16,STEP2_TECHNICAL_METRICS,Sasha_v33/Sasha_v33_025.png,2160,3840,21.761,1905.862,139.767,75.354,0.032,0.093,182.0,5366403,93.79,91.79,119,ok,,Sasha_v33,Sasha_v33/Sasha_v33_025.png,Sasha_v33_025.png,work/frames_raw/Sasha_v33/Sasha_v33_025.png,2160,3840,8294400,0.5625,21.761,1905.862,139.767,PASS
26,2,2.0,2.0,28.12,21.88,26,STEP2_TECHNICAL_METRICS,Sasha_v33/Sasha_v33_026.png,2160,3840,20.234,1657.326,139.905,73.268,0.028,0.118,185.0,5659942,92.95,89.09,161,ok,,Sasha_v33,Sasha_v33/Sasha_v33_026.png,Sasha_v33_026.png,work/frames_raw/Sasha_v33/Sasha_v33_026.png,2160,3840,8294400,0.5625,20.234,1657.326,139.905,PASS
27,2,2.0,2.0,37.5,34.38,22,STEP2_TECHNICAL_METRICS,Sasha_v33/Sasha_v33_027.png,2160,3840,20.677,1733.853,149.271,69.286,0.013,0.121,170.0,6247469,93.19,89.99,141,ok,,Sasha_v33,Sasha_v33/Sasha_v33_027.png,Sasha_v33_027.png,work/frames_raw/Sasha_v33/Sasha_v33_027.png,2160,3840,8294400,0.5625,20.677,1733.853,149.271,PASS
28,2,2.0,2.0,90.62,81.25,6,STEP2_TECHNICAL_METRICS,Sasha_v33/Sasha_v33_028.png,2160,3840,26.822,2124.897,148.578,71.833,0.029,0.085,172.0,6255507,95.58,93.43,92,ok,,Sasha_v33,Sasha_v33/Sasha_v33_028.png,Sasha_v33_028.png,work/frames_raw/Sasha_v33/Sasha_v33_028.png,2160,3840,8294400,0.5625,26.822,2124.897,148.578,PASS
29,2,2.0,2.0,40.62,37.5,21,STEP2_TECHNICAL_METRICS,Sasha_v33/Sasha_v33_029.png,2160,3840,21.471,1755.758,143.99,73.873,0.044,0.068,181.0,6087318,93.55,90.1,137,ok,,Sasha_v33,Sasha_v33/Sasha_v33_029.png,Sasha_v33_029.png,work/frames_raw/Sasha_v33/Sasha_v33_029.png,2160,3840,8294400,0.5625,21.471,1755.758,143.99,PASS
30,2,2.0,2.0,31.25,25.0,23,STEP2_TECHNICAL_METRICS,Sasha_v33/Sasha_v33_030.png,2160,3840,20.271,1667.609,141.578,74.89,0.032,0.08,183.0,5456740,93.01,89.19,156,ok,,Sasha_v33,Sasha_v33/Sasha_v33_030.png,Sasha_v33_030.png,work/frames_raw/Sasha_v33/Sasha_v33_030.png,2160,3840,8294400,0.5625,20.271,1667.609,141.578,PASS
31,2,2.0,2.0,3.12,3.12,32,STEP2_TECHNICAL_METRICS,Sasha_v33/Sasha_v33_031.png,2160,3840,15.544,1240.808,138.565,75.015,0.025,0.085,181.0,5474875,88.83,86.07,223,ok,,Sasha_v33,Sasha_v33/Sasha_v33_031.png,Sasha_v33_031.png,work/frames_raw/Sasha_v33/Sasha_v33_031.png,2160,3840,8294400,0.5625,15.544,1240.808,138.565,PASS
32,2,2.0,2.0,6.25,6.25,31,STEP2_TECHNICAL_METRICS,Sasha_v33/Sasha_v33_032.png,2160,3840,16.515,1363.535,139.706,74.973,0.037,0.091,186.0,4999647,90.08,87.39,208,ok,,Sasha_v33,Sasha_v33/Sasha_v33_032.png,Sasha_v33_032.png,work/frames_raw/Sasha_v33/Sasha_v33_032.png,2160,3840,8294400,0.5625,16.515,1363.535,139.706,PASS
33,2,2.0,2.0,0.0,0.0,33,STEP2_TECHNICAL_METRICS,Sasha_v33/Sasha_v33_033.png,2160,3840,14.502,1178.885,145.487,71.242,0.014,0.126,180.0,5394527,87.28,85.43,239,ok,,Sasha_v33,Sasha_v33/Sasha_v33_033.png,Sasha_v33_033.png,work/frames_raw/Sasha_v33/Sasha_v33_033.png,2160,3840,8294400,0.5625,14.502,1178.885,145.487,PASS
1,2,2.0,2.0,100.0,100.0,1,STEP2_TECHNICAL_METRICS,Sasha_v34/Sasha_v34_001.png,2160,2900,18.366,1156.38,46.679,65.523,0.599,0.004,158.0,3310430,91.88,84.96,215,ok,,Sasha_v34,Sasha_v34/Sasha_v34_001.png,Sasha_v34_001.png,work/frames_raw/Sasha_v34/Sasha_v34_001.png,2160,2900,6264000,0.744828,18.366,1156.38,46.679,PASS
2,2,2.0,2.0,92.86,78.57,2,STEP2_TECHNICAL_METRICS,Sasha_v34/Sasha_v34_002.png,2160,2900,15.59,988.918,45.409,64.276,0.604,0.004,149.0,3434988,88.95,83.05,242,ok,,Sasha_v34,Sasha_v34/Sasha_v34_002.png,Sasha_v34_002.png,work/frames_raw/Sasha_v34/Sasha_v34_002.png,2160,2900,6264000,0.744828,15.59,988.918,45.409,PASS
3,2,2.0,2.0,57.14,50.0,7,STEP2_TECHNICAL_METRICS,Sasha_v34/Sasha_v34_003.png,2160,2900,13.872,866.701,47.576,66.512,0.597,0.008,157.0,3387534,86.26,81.3,274,ok,,Sasha_v34,Sasha_v34/Sasha_v34_003.png,Sasha_v34_003.png,work/frames_raw/Sasha_v34/Sasha_v34_003.png,2160,2900,6264000,0.744828,13.872,866.701,47.576,PASS
4,2,2.0,2.0,28.57,35.71,10,STEP2_TECHNICAL_METRICS,Sasha_v34/Sasha_v34_004.png,2160,2900,12.582,803.206,47.61,66.219,0.6,0.008,155.0,3301522,84.83,79.93,301,ok,,Sasha_v34,Sasha_v34/Sasha_v34_004.png,Sasha_v34_004.png,work/frames_raw/Sasha_v34/Sasha_v34_004.png,2160,2900,6264000,0.744828,12.582,803.206,47.61,PASS
5,2,2.0,2.0,14.29,14.29,13,STEP2_TECHNICAL_METRICS,Sasha_v34/Sasha_v34_005.png,2160,2900,12.096,736.459,47.749,65.38,0.597,0.005,154.0,3212434,84.53,78.71,319,ok,,Sasha_v34,Sasha_v34/Sasha_v34_005.png,Sasha_v34_005.png,work/frames_raw/Sasha_v34/Sasha_v34_005.png,2160,2900,6264000,0.744828,12.096,736.459,47.749,PASS
6,2,2.0,2.0,0.0,0.0,15,STEP2_TECHNICAL_METRICS,Sasha_v34/Sasha_v34_006.png,2160,2900,10.246,598.79,51.559,68.611,0.582,0.009,164.0,1642496,83.39,72.3,386,ok,,Sasha_v34,Sasha_v34/Sasha_v34_006.png,Sasha_v34_006.png,work/frames_raw/Sasha_v34/Sasha_v34_006.png,2160,2900,6264000,0.744828,10.246,598.79,51.559,PASS
7,2,2.0,2.0,64.29,64.29,6,STEP2_TECHNICAL_METRICS,Sasha_v34/Sasha_v34_007.png,2160,2900,14.762,909.957,49.894,68.555,0.591,0.007,165.0,3159884,87.69,81.89,256,ok,,Sasha_v34,Sasha_v34/Sasha_v34_007.png,Sasha_v34_007.png,work/frames_raw/Sasha_v34/Sasha_v34_007.png,2160,2900,6264000,0.744828,14.762,909.957,49.894,PASS
8,2,2.0,2.0,42.86,42.86,9,STEP2_TECHNICAL_METRICS,Sasha_v34/Sasha_v34_008.png,2160,2900,13.24,841.938,48.842,67.43,0.596,0.006,163.0,3196136,85.36,80.72,290,ok,,Sasha_v34,Sasha_v34/Sasha_v34_008.png,Sasha_v34_008.png,work/frames_raw/Sasha_v34/Sasha_v34_008.png,2160,2900,6264000,0.744828,13.24,841.938,48.842,PASS
9,2,2.0,2.0,7.14,7.14,14,STEP2_TECHNICAL_METRICS,Sasha_v34/Sasha_v34_009.png,2160,2900,11.198,668.295,47.874,65.849,0.592,0.005,160.0,2833044,83.93,76.59,348,ok,,Sasha_v34,Sasha_v34/Sasha_v34_009.png,Sasha_v34_009.png,work/frames_raw/Sasha_v34/Sasha_v34_009.png,2160,2900,6264000,0.744828,11.198,668.295,47.874,PASS
10,2,2.0,2.0,35.71,28.57,11,STEP2_TECHNICAL_METRICS,Sasha_v34/Sasha_v34_010.png,2160,2900,12.936,767.105,47.426,65.117,0.594,0.004,158.0,3111307,85.19,79.24,305,ok,,Sasha_v34,Sasha_v34/Sasha_v34_010.png,Sasha_v34_010.png,work/frames_raw/Sasha_v34/Sasha_v34_010.png,2160,2900,6264000,0.744828,12.936,767.105,47.426,PASS
11,2,2.0,2.0,21.43,21.43,12,STEP2_TECHNICAL_METRICS,Sasha_v34/Sasha_v34_011.png,2160,2900,12.388,753.733,47.597,64.824,0.59,0.003,158.0,3314191,84.71,78.92,312,ok,,Sasha_v34,Sasha_v34/Sasha_v34_011.png,Sasha_v34_011.png,work/frames_raw/Sasha_v34/Sasha_v34_011.png,2160,2900,6264000,0.744828,12.388,753.733,47.597,PASS
12,2,2.0,2.0,85.71,71.43,5,STEP2_TECHNICAL_METRICS,Sasha_v34/Sasha_v34_012.png,2160,2900,15.531,962.006,48.46,66.726,0.588,0.007,162.0,3483050,88.77,82.73,246,ok,,Sasha_v34,Sasha_v34/Sasha_v34_012.png,Sasha_v34_012.png,work/frames_raw/Sasha_v34/Sasha_v34_012.png,2160,2900,6264000,0.744828,15.531,962.006,48.46,PASS
13,2,2.0,2.0,50.0,57.14,8,STEP2_TECHNICAL_METRICS,Sasha_v34/Sasha_v34_013.png,2160,2900,13.455,891.362,47.209,65.253,0.597,0.003,160.0,3166282,85.48,81.67,278,ok,,Sasha_v34,Sasha_v34/Sasha_v34_013.png,Sasha_v34_013.png,work/frames_raw/Sasha_v34/Sasha_v34_013.png,2160,2900,6264000,0.744828,13.455,891.362,47.209,PASS
14,2,2.0,2.0,78.57,85.71,4,STEP2_TECHNICAL_METRICS,Sasha_v34/Sasha_v34_014.png,2160,2900,15.523,998.14,47.313,65.941,0.602,0.003,163.0,3691939,88.71,83.16,243,ok,,Sasha_v34,Sasha_v34/Sasha_v34_014.png,Sasha_v34_014.png,work/frames_raw/Sasha_v34/Sasha_v34_014.png,2160,2900,6264000,0.744828,15.523,998.14,47.313,PASS
15,2,2.0,2.0,71.43,92.86,3,STEP2_TECHNICAL_METRICS,Sasha_v34/Sasha_v34_015.png,2160,2900,15.166,1030.233,47.635,66.144,0.603,0.003,163.0,3906469,88.35,83.42,245,ok,,Sasha_v34,Sasha_v34/Sasha_v34_015.png,Sasha_v34_015.png,work/frames_raw/Sasha_v34/Sasha_v34_015.png,2160,2900,6264000,0.744828,15.166,1030.233,47.635,PASS
1,2,2.0,2.0,96.55,93.1,2,STEP2_TECHNICAL_METRICS,Sasha_v35/Sasha_v35_001.png,2160,3840,6.227,593.276,128.351,51.969,0.071,0.003,142.0,2835280,73.42,71.98,487,ok,,Sasha_v35,Sasha_v35/Sasha_v35_001.png,Sasha_v35_001.png,work/frames_raw/Sasha_v35/Sasha_v35_001.png,2160,3840,8294400,0.5625,6.227,593.276,128.351,PASS
2,2,2.0,2.0,93.1,96.55,3,STEP2_TECHNICAL_METRICS,Sasha_v35/Sasha_v35_002.png,2160,3840,5.823,639.779,149.819,50.621,0.033,0.009,116.0,3013779,71.21,75.48,475,ok,,Sasha_v35,Sasha_v35/Sasha_v35_002.png,Sasha_v35_002.png,work/frames_raw/Sasha_v35/Sasha_v35_002.png,2160,3840,8294400,0.5625,5.823,639.779,149.819,PASS
3,2,2.0,2.0,100.0,100.0,1,STEP2_TECHNICAL_METRICS,Sasha_v35/Sasha_v35_003.png,2160,3840,6.662,752.734,151.294,54.314,0.036,0.011,126.0,3528266,76.52,78.87,388,ok,,Sasha_v35,Sasha_v35/Sasha_v35_003.png,Sasha_v35_003.png,work/frames_raw/Sasha_v35/Sasha_v35_003.png,2160,3840,8294400,0.5625,6.662,752.734,151.294,PASS
4,2,2.0,2.0,86.21,89.66,4,STEP2_TECHNICAL_METRICS,Sasha_v35/Sasha_v35_004.png,2160,3840,5.094,518.377,136.149,48.793,0.041,0.005,120.0,3175167,65.53,67.58,591,ok,,Sasha_v35,Sasha_v35/Sasha_v35_004.png,Sasha_v35_004.png,work/frames_raw/Sasha_v35/Sasha_v35_004.png,2160,3840,8294400,0.5625,5.094,518.377,136.149,PASS
5,2,2.0,2.0,65.52,72.41,10,STEP2_TECHNICAL_METRICS,Sasha_v35/Sasha_v35_005.png,2160,3840,4.663,427.021,140.118,47.067,0.018,0.005,125.0,2898276,60.69,61.02,698,ok,,Sasha_v35,Sasha_v35/Sasha_v35_005.png,Sasha_v35_005.png,work/frames_raw/Sasha_v35/Sasha_v35_005.png,2160,3840,8294400,0.5625,4.663,427.021,140.118,PASS
6,2,2.0,2.0,17.24,13.79,26,STEP2_TECHNICAL_METRICS,Sasha_v35/Sasha_v35_006.png,2160,3840,3.646,248.689,141.988,57.836,0.043,0.007,155.0,3298701,43.73,41.42,1069,ok,,Sasha_v35,Sasha_v35/Sasha_v35_006.png,Sasha_v35_006.png,work/frames_raw/Sasha_v35/Sasha_v35_006.png,2160,3840,8294400,0.5625,3.646,248.689,141.988,PASS
7,2,2.0,2.0,0.0,0.0,30,STEP2_TECHNICAL_METRICS,Sasha_v35/Sasha_v35_007.png,2160,3840,3.017,174.295,144.636,57.501,0.042,0.008,152.0,3089812,33.57,27.7,1308,ok,,Sasha_v35,Sasha_v35/Sasha_v35_007.png,Sasha_v35_007.png,work/frames_raw/Sasha_v35/Sasha_v35_007.png,2160,3840,8294400,0.5625,3.017,174.295,144.636,PASS
8,2,2.0,2.0,24.14,20.69,22,STEP2_TECHNICAL_METRICS,Sasha_v35/Sasha_v35_008.png,2160,3840,3.675,260.275,141.036,59.813,0.072,0.002,161.0,2885847,44.38,43.11,1044,ok,,Sasha_v35,Sasha_v35/Sasha_v35_008.png,Sasha_v35_008.png,work/frames_raw/Sasha_v35/Sasha_v35_008.png,2160,3840,8294400,0.5625,3.675,260.275,141.036,PASS
9,2,2.0,2.0,27.59,37.93,20,STEP2_TECHNICAL_METRICS,Sasha_v35/Sasha_v35_009.png,2160,3840,3.732,306.579,144.671,53.128,0.038,0.004,141.0,2955204,45.52,49.36,985,ok,,Sasha_v35,Sasha_v35/Sasha_v35_009.png,Sasha_v35_009.png,work/frames_raw/Sasha_v35/Sasha_v35_009.png,2160,3840,8294400,0.5625,3.732,306.579,144.671,PASS
10,2,2.0,2.0,68.97,68.97,9,STEP2_TECHNICAL_METRICS,Sasha_v35/Sasha_v35_010.png,2160,3840,4.844,410.661,137.04,49.062,0.034,0.003,132.0,2996972,62.72,59.48,693,ok,,Sasha_v35,Sasha_v35/Sasha_v35_010.png,Sasha_v35_010.png,work/frames_raw/Sasha_v35/Sasha_v35_010.png,2160,3840,8294400,0.5625,4.844,410.661,137.04,PASS
11,2,2.0,2.0,41.38,41.38,18,STEP2_TECHNICAL_METRICS,Sasha_v35/Sasha_v35_011.png,2160,3840,4.039,318.721,153.111,49.02,0.02,0.004,130.0,3372997,50.9,51.17,918,ok,,Sasha_v35,Sasha_v35/Sasha_v35_011.png,Sasha_v35_011.png,work/frames_raw/Sasha_v35/Sasha_v35_011.png,2160,3840,8294400,0.5625,4.039,318.721,153.111,PASS
12,2,2.0,2.0,51.72,51.72,15,STEP2_TECHNICAL_METRICS,Sasha_v35/Sasha_v35_012.png,2160,3840,4.16,343.537,136.284,54.12,0.064,0.004,151.0,2765458,53.17,53.87,857,ok,,Sasha_v35,Sasha_v35/Sasha_v35_012.png,Sasha_v35_012.png,work/frames_raw/Sasha_v35/Sasha_v35_012.png,2160,3840,8294400,0.5625,4.16,343.537,136.284,PASS
13,2,2.0,2.0,89.66,86.21,5,STEP2_TECHNICAL_METRICS,Sasha_v35/Sasha_v35_013.png,2160,3840,5.312,474.055,137.976,54.215,0.055,0.005,148.0,3128922,67.5,64.14,601,ok,,Sasha_v35,Sasha_v35/Sasha_v35_013.png,Sasha_v35_013.png,work/frames_raw/Sasha_v35/Sasha_v35_013.png,2160,3840,8294400,0.5625,5.312,474.055,137.976,PASS
14,2,2.0,2.0,82.76,79.31,6,STEP2_TECHNICAL_METRICS,Sasha_v35/Sasha_v35_014.png,2160,3840,5.084,440.429,135.75,59.078,0.08,0.004,154.0,3245760,65.35,62.08,647,ok,,Sasha_v35,Sasha_v35/Sasha_v35_014.png,Sasha_v35_014.png,work/frames_raw/Sasha_v35/Sasha_v35_014.png,2160,3840,8294400,0.5625,5.084,440.429,135.75,PASS
15,2,2.0,2.0,79.31,82.76,7,STEP2_TECHNICAL_METRICS,Sasha_v35/Sasha_v35_015.png,2160,3840,5.063,442.56,140.994,61.341,0.07,0.004,161.0,3500859,65.11,62.39,643,ok,,Sasha_v35,Sasha_v35/Sasha_v35_015.png,Sasha_v35_015.png,work/frames_raw/Sasha_v35/Sasha_v35_015.png,2160,3840,8294400,0.5625,5.063,442.56,140.994,PASS
16,2,2.0,2.0,48.28,44.83,16,STEP2_TECHNICAL_METRICS,Sasha_v35/Sasha_v35_016.png,2160,3840,4.149,340.795,150.453,60.66,0.039,0.004,157.0,3075285,52.81,53.34,867,ok,,Sasha_v35,Sasha_v35/Sasha_v35_016.png,Sasha_v35_016.png,work/frames_raw/Sasha_v35/Sasha_v35_016.png,2160,3840,8294400,0.5625,4.149,340.795,150.453,PASS
17,2,2.0,2.0,58.62,55.17,13,STEP2_TECHNICAL_METRICS,Sasha_v35/Sasha_v35_017.png,2160,3840,4.434,365.886,154.052,56.629,0.025,0.004,144.0,3268493,57.95,55.77,784,ok,,Sasha_v35,Sasha_v35/Sasha_v35_017.png,Sasha_v35_017.png,work/frames_raw/Sasha_v35/Sasha_v35_017.png,2160,3840,8294400,0.5625,4.434,365.886,154.052,PASS
18,2,2.0,2.0,55.17,58.62,14,STEP2_TECHNICAL_METRICS,Sasha_v35/Sasha_v35_018.png,2160,3840,4.39,369.916,144.832,63.236,0.078,0.006,163.0,2914836,57.11,56.09,792,ok,,Sasha_v35,Sasha_v35/Sasha_v35_018.png,Sasha_v35_018.png,work/frames_raw/Sasha_v35/Sasha_v35_018.png,2160,3840,8294400,0.5625,4.39,369.916,144.832,PASS
19,2,2.0,2.0,6.9,17.24,27,STEP2_TECHNICAL_METRICS,Sasha_v35/Sasha_v35_019.png,2160,3840,3.406,259.929,149.466,55.607,0.045,0.005,150.0,3186257,39.37,42.96,1093,ok,,Sasha_v35,Sasha_v35/Sasha_v35_019.png,Sasha_v35_019.png,work/frames_raw/Sasha_v35/Sasha_v35_019.png,2160,3840,8294400,0.5625,3.406,259.929,149.466,PASS
20,2,2.0,2.0,34.48,34.48,19,STEP2_TECHNICAL_METRICS,Sasha_v35/Sasha_v35_020.png,2160,3840,3.887,292.179,149.763,53.517,0.031,0.005,137.0,3364744,48.33,47.51,973,ok,,Sasha_v35,Sasha_v35/Sasha_v35_020.png,Sasha_v35_020.png,work/frames_raw/Sasha_v35/Sasha_v35_020.png,2160,3840,8294400,0.5625,3.887,292.179,149.763,PASS
21,2,2.0,2.0,44.83,48.28,17,STEP2_TECHNICAL_METRICS,Sasha_v35/Sasha_v35_021.png,2160,3840,4.058,341.828,143.402,58.465,0.063,0.006,158.0,3530924,51.14,53.6,885,ok,,Sasha_v35,Sasha_v35/Sasha_v35_021.png,Sasha_v35_021.png,work/frames_raw/Sasha_v35/Sasha_v35_021.png,2160,3840,8294400,0.5625,4.058,341.828,143.402,PASS
22,2,2.0,2.0,62.07,62.07,12,STEP2_TECHNICAL_METRICS,Sasha_v35/Sasha_v35_022.png,2160,3840,4.473,388.919,140.097,58.63,0.07,0.005,155.0,3250913,58.6,57.52,764,ok,,Sasha_v35,Sasha_v35/Sasha_v35_022.png,Sasha_v35_022.png,work/frames_raw/Sasha_v35/Sasha_v35_022.png,2160,3840,8294400,0.5625,4.473,388.919,140.097,PASS
23,2,2.0,2.0,20.69,24.14,23,STEP2_TECHNICAL_METRICS,Sasha_v35/Sasha_v35_023.png,2160,3840,3.655,273.687,145.069,55.67,0.042,0.004,144.0,3467804,43.91,45.13,1030,ok,,Sasha_v35,Sasha_v35/Sasha_v35_023.png,Sasha_v35_023.png,work/frames_raw/Sasha_v35/Sasha_v35_023.png,2160,3840,8294400,0.5625,3.655,273.687,145.069,PASS
24,2,2.0,2.0,72.41,65.52,11,STEP2_TECHNICAL_METRICS,Sasha_v35/Sasha_v35_024.png,2160,3840,4.929,409.509,146.805,58.17,0.051,0.005,151.0,3734307,63.62,59.43,684,ok,,Sasha_v35,Sasha_v35/Sasha_v35_024.png,Sasha_v35_024.png,work/frames_raw/Sasha_v35/Sasha_v35_024.png,2160,3840,8294400,0.5625,4.929,409.509,146.805,PASS
25,2,2.0,2.0,75.86,75.86,8,STEP2_TECHNICAL_METRICS,Sasha_v35/Sasha_v35_025.png,2160,3840,4.933,433.739,139.312,60.414,0.082,0.005,160.0,3464015,63.74,61.86,661,ok,,Sasha_v35,Sasha_v35/Sasha_v35_025.png,Sasha_v35_025.png,work/frames_raw/Sasha_v35/Sasha_v35_025.png,2160,3840,8294400,0.5625,4.933,433.739,139.312,PASS
26,2,2.0,2.0,37.93,27.59,21,STEP2_TECHNICAL_METRICS,Sasha_v35/Sasha_v35_026.png,2160,3840,3.914,278.957,146.616,55.097,0.035,0.004,143.0,3362248,48.75,45.92,987,ok,,Sasha_v35,Sasha_v35/Sasha_v35_026.png,Sasha_v35_026.png,work/frames_raw/Sasha_v35/Sasha_v35_026.png,2160,3840,8294400,0.5625,3.914,278.957,146.616,PASS
27,2,2.0,2.0,3.45,10.34,28,STEP2_TECHNICAL_METRICS,Sasha_v35/Sasha_v35_027.png,2160,3840,3.337,245.878,137.771,60.683,0.076,0.004,159.0,3051025,38.53,41.05,1117,ok,,Sasha_v35,Sasha_v35/Sasha_v35_027.png,Sasha_v35_027.png,work/frames_raw/Sasha_v35/Sasha_v35_027.png,2160,3840,8294400,0.5625,3.337,245.878,137.771,PASS
28,2,2.0,2.0,13.79,31.03,24,STEP2_TECHNICAL_METRICS,Sasha_v35/Sasha_v35_028.png,2160,3840,3.62,280.9,146.686,54.613,0.039,0.005,145.0,2979629,43.07,46.08,1028,ok,,Sasha_v35,Sasha_v35/Sasha_v35_028.png,Sasha_v35_028.png,work/frames_raw/Sasha_v35/Sasha_v35_028.png,2160,3840,8294400,0.5625,3.62,280.9,146.686,PASS
29,2,2.0,2.0,10.34,3.45,29,STEP2_TECHNICAL_METRICS,Sasha_v35/Sasha_v35_029.png,2160,3840,3.478,204.756,146.897,51.237,0.023,0.003,130.0,3308861,40.62,35.38,1147,ok,,Sasha_v35,Sasha_v35/Sasha_v35_029.png,Sasha_v35_029.png,work/frames_raw/Sasha_v35/Sasha_v35_029.png,2160,3840,8294400,0.5625,3.478,204.756,146.897,PASS
30,2,2.0,2.0,31.03,6.9,25,STEP2_TECHNICAL_METRICS,Sasha_v35/Sasha_v35_030.png,2160,3840,3.79,229.924,142.499,53.271,0.04,0.002,130.0,3546681,46.59,39.14,1062,ok,,Sasha_v35,Sasha_v35/Sasha_v35_030.png,Sasha_v35_030.png,work/frames_raw/Sasha_v35/Sasha_v35_030.png,2160,3840,8294400,0.5625,3.79,229.924,142.499,PASS
1,2,2.0,2.0,13.16,34.21,30,STEP2_TECHNICAL_METRICS,Sasha_v36/Sasha_v36_001.png,2160,3840,3.064,227.184,139.36,66.482,0.098,0.067,189.0,2942712,34.35,38.77,1174,ok,,Sasha_v36,Sasha_v36/Sasha_v36_001.png,Sasha_v36_001.png,work/frames_raw/Sasha_v36/Sasha_v36_001.png,2160,3840,8294400,0.5625,3.064,227.184,139.36,PASS
2,2,2.0,2.0,36.84,42.11,24,STEP2_TECHNICAL_METRICS,Sasha_v36/Sasha_v36_002.png,2160,3840,3.404,237.326,137.367,68.741,0.119,0.07,189.0,4016292,39.25,40.25,1119,ok,,Sasha_v36,Sasha_v36/Sasha_v36_002.png,Sasha_v36_002.png,work/frames_raw/Sasha_v36/Sasha_v36_002.png,2160,3840,8294400,0.5625,3.404,237.326,137.367,PASS
3,2,2.0,2.0,2.63,0.0,39,STEP2_TECHNICAL_METRICS,Sasha_v36/Sasha_v36_003.png,2160,3840,2.856,147.143,144.698,66.512,0.084,0.076,183.0,3831657,30.59,21.61,1389,ok,,Sasha_v36,Sasha_v36/Sasha_v36_003.png,Sasha_v36_003.png,work/frames_raw/Sasha_v36/Sasha_v36_003.png,2160,3840,8294400,0.5625,2.856,147.143,144.698,PASS
4,2,2.0,2.0,73.68,68.42,12,STEP2_TECHNICAL_METRICS,Sasha_v36/Sasha_v36_004.png,2160,3840,4.104,305.56,142.814,69.674,0.101,0.07,192.0,4745055,52.09,49.15,925,ok,,Sasha_v36,Sasha_v36/Sasha_v36_004.png,Sasha_v36_004.png,work/frames_raw/Sasha_v36/Sasha_v36_004.png,2160,3840,8294400,0.5625,4.104,305.56,142.814,PASS
5,2,2.0,2.0,100.0,84.21,3,STEP2_TECHNICAL_METRICS,Sasha_v36/Sasha_v36_005.png,2160,3840,4.926,346.863,141.544,69.699,0.106,0.07,193.0,5240444,63.56,54.29,736,ok,,Sasha_v36,Sasha_v36/Sasha_v36_005.png,Sasha_v36_005.png,work/frames_raw/Sasha_v36/Sasha_v36_005.png,2160,3840,8294400,0.5625,4.926,346.863,141.544,PASS
6,2,2.0,2.0,94.74,81.58,6,STEP2_TECHNICAL_METRICS,Sasha_v36/Sasha_v36_006.png,2160,3840,4.663,341.731,142.598,69.557,0.101,0.07,192.0,5452737,60.69,53.55,778,ok,,Sasha_v36,Sasha_v36/Sasha_v36_006.png,Sasha_v36_006.png,work/frames_raw/Sasha_v36/Sasha_v36_006.png,2160,3840,8294400,0.5625,4.663,341.731,142.598,PASS
7,2,2.0,2.0,7.89,10.53,36,STEP2_TECHNICAL_METRICS,Sasha_v36/Sasha_v36_007.png,2160,3840,2.993,180.002,131.26,67.001,0.108,0.074,189.0,3379352,33.09,29.08,1300,ok,,Sasha_v36,Sasha_v36/Sasha_v36_007.png,Sasha_v36_007.png,work/frames_raw/Sasha_v36/Sasha_v36_007.png,2160,3840,8294400,0.5625,2.993,180.002,131.26,PASS
8,2,2.0,2.0,81.58,89.47,7,STEP2_TECHNICAL_METRICS,Sasha_v36/Sasha_v36_008.png,2160,3840,4.17,352.902,134.511,75.445,0.158,0.086,205.0,3855740,53.41,54.82,841,ok,,Sasha_v36,Sasha_v36/Sasha_v36_008.png,Sasha_v36_008.png,work/frames_raw/Sasha_v36/Sasha_v36_008.png,2160,3840,8294400,0.5625,4.17,352.902,134.511,PASS
9,2,2.0,2.0,65.79,73.68,13,STEP2_TECHNICAL_METRICS,Sasha_v36/Sasha_v36_009.png,2160,3840,3.806,316.712,133.038,74.018,0.159,0.08,200.0,3629327,46.83,50.9,958,ok,,Sasha_v36,Sasha_v36/Sasha_v36_009.png,Sasha_v36_009.png,work/frames_raw/Sasha_v36/Sasha_v36_009.png,2160,3840,8294400,0.5625,3.806,316.712,133.038,PASS
10,2,2.0,2.0,92.11,97.37,2,STEP2_TECHNICAL_METRICS,Sasha_v36/Sasha_v36_010.png,2160,3840,4.481,477.371,135.825,75.925,0.178,0.078,203.0,3769280,58.72,64.57,681,ok,,Sasha_v36,Sasha_v36/Sasha_v36_010.png,Sasha_v36_010.png,work/frames_raw/Sasha_v36/Sasha_v36_010.png,2160,3840,8294400,0.5625,4.481,477.371,135.825,PASS
11,2,2.0,2.0,97.37,100.0,1,STEP2_TECHNICAL_METRICS,Sasha_v36/Sasha_v36_011.png,2160,3840,4.81,512.019,136.08,75.944,0.181,0.076,201.0,4131981,62.25,67.16,616,ok,,Sasha_v36,Sasha_v36/Sasha_v36_011.png,Sasha_v36_011.png,work/frames_raw/Sasha_v36/Sasha_v36_011.png,2160,3840,8294400,0.5625,4.81,512.019,136.08,PASS
12,2,2.0,2.0,86.84,94.74,4,STEP2_TECHNICAL_METRICS,Sasha_v36/Sasha_v36_012.png,2160,3840,4.413,462.593,137.559,74.616,0.161,0.074,199.0,4033441,57.53,63.61,703,ok,,Sasha_v36,Sasha_v36/Sasha_v36_012.png,Sasha_v36_012.png,work/frames_raw/Sasha_v36/Sasha_v36_012.png,2160,3840,8294400,0.5625,4.413,462.593,137.559,PASS
13,2,2.0,2.0,76.32,86.84,8,STEP2_TECHNICAL_METRICS,Sasha_v36/Sasha_v36_013.png,2160,3840,4.123,349.848,142.613,70.847,0.122,0.071,193.0,3891464,52.33,54.61,860,ok,,Sasha_v36,Sasha_v36/Sasha_v36_013.png,Sasha_v36_013.png,work/frames_raw/Sasha_v36/Sasha_v36_013.png,2160,3840,8294400,0.5625,4.123,349.848,142.613,PASS
14,2,2.0,2.0,60.53,44.74,18,STEP2_TECHNICAL_METRICS,Sasha_v36/Sasha_v36_014.png,2160,3840,3.657,253.401,140.92,66.012,0.097,0.075,190.0,3942762,43.97,42.11,1057,ok,,Sasha_v36,Sasha_v36/Sasha_v36_014.png,Sasha_v36_014.png,work/frames_raw/Sasha_v36/Sasha_v36_014.png,2160,3840,8294400,0.5625,3.657,253.401,140.92,PASS
15,2,2.0,2.0,55.26,55.26,16,STEP2_TECHNICAL_METRICS,Sasha_v36/Sasha_v36_015.png,2160,3840,3.558,271.854,145.163,68.493,0.105,0.059,188.0,4118703,42.11,44.81,1051,ok,,Sasha_v36,Sasha_v36/Sasha_v36_015.png,Sasha_v36_015.png,work/frames_raw/Sasha_v36/Sasha_v36_015.png,2160,3840,8294400,0.5625,3.558,271.854,145.163,PASS
16,2,2.0,2.0,31.58,60.53,22,STEP2_TECHNICAL_METRICS,Sasha_v36/Sasha_v36_016.png,2160,3840,3.258,286.352,146.837,71.377,0.109,0.055,193.0,3541152,37.51,46.72,1079,ok,,Sasha_v36,Sasha_v36/Sasha_v36_016.png,Sasha_v36_016.png,work/frames_raw/Sasha_v36/Sasha_v36_016.png,2160,3840,8294400,0.5625,3.258,286.352,146.837,PASS
17,2,2.0,2.0,15.79,5.26,35,STEP2_TECHNICAL_METRICS,Sasha_v36/Sasha_v36_017.png,2160,3840,3.076,160.596,145.039,66.789,0.082,0.047,179.0,4234686,34.53,24.31,1331,ok,,Sasha_v36,Sasha_v36/Sasha_v36_017.png,Sasha_v36_017.png,work/frames_raw/Sasha_v36/Sasha_v36_017.png,2160,3840,8294400,0.5625,3.076,160.596,145.039,PASS
18,2,2.0,2.0,28.95,26.32,28,STEP2_TECHNICAL_METRICS,Sasha_v36/Sasha_v36_018.png,2160,3840,3.242,207.446,125.171,72.156,0.173,0.023,198.0,4210564,37.28,36.07,1172,ok,,Sasha_v36,Sasha_v36/Sasha_v36_018.png,Sasha_v36_018.png,work/frames_raw/Sasha_v36/Sasha_v36_018.png,2160,3840,8294400,0.5625,3.242,207.446,125.171,PASS
19,2,2.0,2.0,52.63,52.63,20,STEP2_TECHNICAL_METRICS,Sasha_v36/Sasha_v36_019.png,2160,3840,3.551,263.589,124.236,74.14,0.202,0.046,200.0,3998871,41.94,43.8,1061,ok,,Sasha_v36,Sasha_v36/Sasha_v36_019.png,Sasha_v36_019.png,work/frames_raw/Sasha_v36/Sasha_v36_019.png,2160,3840,8294400,0.5625,3.551,263.589,124.236,PASS
20,2,2.0,2.0,84.21,71.05,10,STEP2_TECHNICAL_METRICS,Sasha_v36/Sasha_v36_020.png,2160,3840,4.175,309.918,143.623,71.729,0.118,0.092,199.0,4613216,53.58,49.84,901,ok,,Sasha_v36,Sasha_v36/Sasha_v36_020.png,Sasha_v36_020.png,work/frames_raw/Sasha_v36/Sasha_v36_020.png,2160,3840,8294400,0.5625,4.175,309.918,143.623,PASS
21,2,2.0,2.0,78.95,78.95,9,STEP2_TECHNICAL_METRICS,Sasha_v36/Sasha_v36_021.png,2160,3840,4.138,325.786,150.606,72.232,0.094,0.101,193.0,4364981,52.57,52.12,886,ok,,Sasha_v36,Sasha_v36/Sasha_v36_021.png,Sasha_v36_021.png,work/frames_raw/Sasha_v36/Sasha_v36_021.png,2160,3840,8294400,0.5625,4.138,325.786,150.606,PASS
22,2,2.0,2.0,68.42,76.32,11,STEP2_TECHNICAL_METRICS,Sasha_v36/Sasha_v36_022.png,2160,3840,4.023,324.566,151.204,70.733,0.091,0.101,190.0,4163230,50.6,51.85,916,ok,,Sasha_v36,Sasha_v36/Sasha_v36_022.png,Sasha_v36_022.png,work/frames_raw/Sasha_v36/Sasha_v36_022.png,2160,3840,8294400,0.5625,4.023,324.566,151.204,PASS
23,2,2.0,2.0,63.16,47.37,15,STEP2_TECHNICAL_METRICS,Sasha_v36/Sasha_v36_023.png,2160,3840,3.725,253.547,128.523,69.722,0.145,0.041,194.0,4018553,45.34,42.16,1043,ok,,Sasha_v36,Sasha_v36/Sasha_v36_023.png,Sasha_v36_023.png,work/frames_raw/Sasha_v36/Sasha_v36_023.png,2160,3840,8294400,0.5625,3.725,253.547,128.523,PASS
24,2,2.0,2.0,42.11,63.16,19,STEP2_TECHNICAL_METRICS,Sasha_v36/Sasha_v36_024.png,2160,3840,3.46,287.177,158.953,67.611,0.073,0.121,182.0,3639492,40.38,46.82,1047,ok,,Sasha_v36,Sasha_v36/Sasha_v36_024.png,Sasha_v36_024.png,work/frames_raw/Sasha_v36/Sasha_v36_024.png,2160,3840,8294400,0.5625,3.46,287.177,158.953,PASS
25,2,2.0,2.0,71.05,65.79,14,STEP2_TECHNICAL_METRICS,Sasha_v36/Sasha_v36_025.png,2160,3840,4.061,293.627,149.095,69.967,0.093,0.09,189.0,4459357,51.19,47.62,950,ok,,Sasha_v36,Sasha_v36/Sasha_v36_025.png,Sasha_v36_025.png,work/frames_raw/Sasha_v36/Sasha_v36_025.png,2160,3840,8294400,0.5625,4.061,293.627,149.095,PASS
26,2,2.0,2.0,10.53,13.16,34,STEP2_TECHNICAL_METRICS,Sasha_v36/Sasha_v36_026.png,2160,3840,3.024,195.978,154.099,65.741,0.055,0.104,172.0,3237524,33.75,32.84,1247,ok,,Sasha_v36,Sasha_v36/Sasha_v36_026.png,Sasha_v36_026.png,work/frames_raw/Sasha_v36/Sasha_v36_026.png,2160,3840,8294400,0.5625,3.024,195.978,154.099,PASS
27,2,2.0,2.0,23.68,15.79,33,STEP2_TECHNICAL_METRICS,Sasha_v36/Sasha_v36_027.png,2160,3840,3.212,197.154,122.574,68.076,0.155,0.029,193.0,4086298,36.62,33.16,1216,ok,,Sasha_v36,Sasha_v36/Sasha_v36_027.png,Sasha_v36_027.png,work/frames_raw/Sasha_v36/Sasha_v36_027.png,2160,3840,8294400,0.5625,3.212,197.154,122.574,PASS
28,2,2.0,2.0,89.47,92.11,5,STEP2_TECHNICAL_METRICS,Sasha_v36/Sasha_v36_028.png,2160,3840,4.461,361.999,140.303,73.681,0.132,0.093,202.0,4920773,58.36,55.56,781,ok,,Sasha_v36,Sasha_v36/Sasha_v36_028.png,Sasha_v36_028.png,work/frames_raw/Sasha_v36/Sasha_v36_028.png,2160,3840,8294400,0.5625,4.461,361.999,140.303,PASS
29,2,2.0,2.0,39.47,18.42,27,STEP2_TECHNICAL_METRICS,Sasha_v36/Sasha_v36_029.png,2160,3840,3.444,197.637,141.503,66.055,0.08,0.073,181.0,4329881,40.08,33.42,1170,ok,,Sasha_v36,Sasha_v36/Sasha_v36_029.png,Sasha_v36_029.png,work/frames_raw/Sasha_v36/Sasha_v36_029.png,2160,3840,8294400,0.5625,3.444,197.637,141.503,PASS
30,2,2.0,2.0,5.26,2.63,37,STEP2_TECHNICAL_METRICS,Sasha_v36/Sasha_v36_030.png,2160,3840,2.885,153.922,138.508,65.11,0.068,0.053,171.0,3791814,31.24,22.93,1373,ok,,Sasha_v36,Sasha_v36/Sasha_v36_030.png,Sasha_v36_030.png,work/frames_raw/Sasha_v36/Sasha_v36_030.png,2160,3840,8294400,0.5625,2.885,153.922,138.508,PASS
31,2,2.0,2.0,26.32,21.05,31,STEP2_TECHNICAL_METRICS,Sasha_v36/Sasha_v36_031.png,2160,3840,3.226,204.427,143.351,66.917,0.093,0.055,183.0,4589627,36.86,35.33,1184,ok,,Sasha_v36,Sasha_v36/Sasha_v36_031.png,Sasha_v36_031.png,work/frames_raw/Sasha_v36/Sasha_v36_031.png,2160,3840,8294400,0.5625,3.226,204.427,143.351,PASS
32,2,2.0,2.0,0.0,7.89,38,STEP2_TECHNICAL_METRICS,Sasha_v36/Sasha_v36_032.png,2160,3840,2.855,162.241,149.207,66.008,0.061,0.081,173.0,3866339,30.53,25.05,1364,ok,,Sasha_v36,Sasha_v36/Sasha_v36_032.png,Sasha_v36_032.png,work/frames_raw/Sasha_v36/Sasha_v36_032.png,2160,3840,8294400,0.5625,2.855,162.241,149.207,PASS
33,2,2.0,2.0,50.0,28.95,25,STEP2_TECHNICAL_METRICS,Sasha_v36/Sasha_v36_033.png,2160,3840,3.536,207.625,148.489,65.653,0.064,0.083,173.0,4264636,41.64,36.12,1133,ok,,Sasha_v36,Sasha_v36/Sasha_v36_033.png,Sasha_v36_033.png,work/frames_raw/Sasha_v36/Sasha_v36_033.png,2160,3840,8294400,0.5625,3.536,207.625,148.489,PASS
34,2,2.0,2.0,18.42,23.68,32,STEP2_TECHNICAL_METRICS,Sasha_v36/Sasha_v36_034.png,2160,3840,3.115,204.815,145.346,64.655,0.084,0.048,177.0,3935774,35.01,35.43,1209,ok,,Sasha_v36,Sasha_v36/Sasha_v36_034.png,Sasha_v36_034.png,work/frames_raw/Sasha_v36/Sasha_v36_034.png,2160,3840,8294400,0.5625,3.115,204.815,145.346,PASS
35,2,2.0,2.0,34.21,36.84,26,STEP2_TECHNICAL_METRICS,Sasha_v36/Sasha_v36_035.png,2160,3840,3.394,235.191,155.731,64.97,0.057,0.074,167.0,3839563,39.13,39.72,1121,ok,,Sasha_v36,Sasha_v36/Sasha_v36_035.png,Sasha_v36_035.png,work/frames_raw/Sasha_v36/Sasha_v36_035.png,2160,3840,8294400,0.5625,3.394,235.191,155.731,PASS
36,2,2.0,2.0,47.37,39.47,23,STEP2_TECHNICAL_METRICS,Sasha_v36/Sasha_v36_036.png,2160,3840,3.525,235.211,151.27,64.646,0.07,0.058,169.0,3825352,41.34,39.78,1104,ok,,Sasha_v36,Sasha_v36/Sasha_v36_036.png,Sasha_v36_036.png,work/frames_raw/Sasha_v36/Sasha_v36_036.png,2160,3840,8294400,0.5625,3.525,235.211,151.27,PASS
37,2,2.0,2.0,57.89,50.0,17,STEP2_TECHNICAL_METRICS,Sasha_v36/Sasha_v36_037.png,2160,3840,3.612,254.204,149.292,67.631,0.093,0.06,185.0,3954165,42.95,42.37,1065,ok,,Sasha_v36,Sasha_v36/Sasha_v36_037.png,Sasha_v36_037.png,work/frames_raw/Sasha_v36/Sasha_v36_037.png,2160,3840,8294400,0.5625,3.612,254.204,149.292,PASS
38,2,2.0,2.0,44.74,57.89,21,STEP2_TECHNICAL_METRICS,Sasha_v36/Sasha_v36_038.png,2160,3840,3.486,277.527,133.193,69.049,0.126,0.049,189.0,3848756,40.74,45.66,1054,ok,,Sasha_v36,Sasha_v36/Sasha_v36_038.png,Sasha_v36_038.png,work/frames_raw/Sasha_v36/Sasha_v36_038.png,2160,3840,8294400,0.5625,3.486,277.527,133.193,PASS
39,2,2.0,2.0,21.05,31.58,29,STEP2_TECHNICAL_METRICS,Sasha_v36/Sasha_v36_039.png,2160,3840,3.155,220.817,126.514,69.992,0.166,0.041,199.0,3697971,35.6,38.19,1165,ok,,Sasha_v36,Sasha_v36/Sasha_v36_039.png,Sasha_v36_039.png,work/frames_raw/Sasha_v36/Sasha_v36_039.png,2160,3840,8294400,0.5625,3.155,220.817,126.514,PASS
1,2,2.0,2.0,87.5,100.0,2,STEP2_TECHNICAL_METRICS,Sasha_v37/Sasha_v37_001.png,2160,3840,18.655,2041.922,137.573,61.073,0.02,0.0,149.0,5400205,92.11,92.9,124,ok,,Sasha_v37,Sasha_v37/Sasha_v37_001.png,Sasha_v37_001.png,work/frames_raw/Sasha_v37/Sasha_v37_001.png,2160,3840,8294400,0.5625,18.655,2041.922,137.573,PASS
2,2,2.0,2.0,0.0,0.0,18,STEP2_TECHNICAL_METRICS,Sasha_v37/Sasha_v37_002.png,2160,3840,4.466,317.09,141.831,60.333,0.018,0.0,148.0,4722621,58.42,50.95,828,ok,,Sasha_v37,Sasha_v37/Sasha_v37_002.png,Sasha_v37_002.png,work/frames_raw/Sasha_v37/Sasha_v37_002.png,2160,3840,8294400,0.5625,4.466,317.09,141.831,PASS
3,2,2.0,2.0,18.75,29.41,14,STEP2_TECHNICAL_METRICS,Sasha_v37/Sasha_v37_003.png,2160,3840,7.602,680.857,140.0,61.657,0.022,0.0,151.0,5034811,79.69,77.22,381,ok,,Sasha_v37,Sasha_v37/Sasha_v37_003.png,Sasha_v37_003.png,work/frames_raw/Sasha_v37/Sasha_v37_003.png,2160,3840,8294400,0.5625,7.602,680.857,140.0,PASS
4,2,2.0,2.0,37.5,41.18,11,STEP2_TECHNICAL_METRICS,Sasha_v37/Sasha_v37_004.png,2160,3840,9.871,951.557,142.724,62.536,0.02,0.001,153.0,5464185,83.09,82.42,292,ok,,Sasha_v37,Sasha_v37/Sasha_v37_004.png,Sasha_v37_004.png,work/frames_raw/Sasha_v37/Sasha_v37_004.png,2160,3840,8294400,0.5625,9.871,951.557,142.724,PASS
5,2,2.0,2.0,50.0,52.94,9,STEP2_TECHNICAL_METRICS,Sasha_v37/Sasha_v37_005.png,2160,3840,11.449,1125.213,144.681,65.187,0.023,0.001,157.0,4932079,84.11,84.75,262,ok,,Sasha_v37,Sasha_v37/Sasha_v37_005.png,Sasha_v37_005.png,work/frames_raw/Sasha_v37/Sasha_v37_005.png,2160,3840,8294400,0.5625,11.449,1125.213,144.681,PASS
6,2,2.0,2.0,31.25,35.29,12,STEP2_TECHNICAL_METRICS,Sasha_v37/Sasha_v37_006.png,2160,3840,8.696,872.146,147.477,64.82,0.022,0.004,161.0,4890474,81.9,81.41,318,ok,,Sasha_v37,Sasha_v37/Sasha_v37_006.png,Sasha_v37_006.png,work/frames_raw/Sasha_v37/Sasha_v37_006.png,2160,3840,8294400,0.5625,8.696,872.146,147.477,PASS
7,2,2.0,2.0,12.5,11.76,16,STEP2_TECHNICAL_METRICS,Sasha_v37/Sasha_v37_007.png,2160,3840,6.21,498.918,142.791,63.876,0.024,0.013,158.0,5278111,73.36,66.1,543,ok,,Sasha_v37,Sasha_v37/Sasha_v37_007.png,Sasha_v37_007.png,work/frames_raw/Sasha_v37/Sasha_v37_007.png,2160,3840,8294400,0.5625,6.21,498.918,142.791,PASS
8,2,2.0,2.0,25.0,23.53,13,STEP2_TECHNICAL_METRICS,Sasha_v37/Sasha_v37_008.png,2160,3840,7.77,680.557,151.823,62.542,0.02,0.005,153.0,5249136,80.29,77.17,378,ok,,Sasha_v37,Sasha_v37/Sasha_v37_008.png,Sasha_v37_008.png,work/frames_raw/Sasha_v37/Sasha_v37_008.png,2160,3840,8294400,0.5625,7.77,680.557,151.823,PASS
9,2,2.0,2.0,100.0,76.47,3,STEP2_TECHNICAL_METRICS,Sasha_v37/Sasha_v37_009.png,2160,3840,18.899,1739.711,145.945,63.607,0.022,0.016,153.0,6194916,92.41,90.04,153,ok,,Sasha_v37,Sasha_v37/Sasha_v37_009.png,Sasha_v37_009.png,work/frames_raw/Sasha_v37/Sasha_v37_009.png,2160,3840,8294400,0.5625,18.899,1739.711,145.945,PASS
10,2,2.0,2.0,68.75,70.59,6,STEP2_TECHNICAL_METRICS,Sasha_v37/Sasha_v37_010.png,2160,3840,16.652,1696.851,147.826,62.979,0.021,0.008,155.0,6246171,90.38,89.51,189,ok,,Sasha_v37,Sasha_v37/Sasha_v37_010.png,Sasha_v37_010.png,work/frames_raw/Sasha_v37/Sasha_v37_010.png,2160,3840,8294400,0.5625,16.652,1696.851,147.826,PASS
11,2,2.0,2.0,62.5,64.71,7,STEP2_TECHNICAL_METRICS,Sasha_v37/Sasha_v37_011.png,2160,3840,15.288,1475.943,144.08,63.755,0.023,0.0,155.0,5625345,88.53,88.14,217,ok,,Sasha_v37,Sasha_v37/Sasha_v37_011.png,Sasha_v37_011.png,work/frames_raw/Sasha_v37/Sasha_v37_011.png,2160,3840,8294400,0.5625,15.288,1475.943,144.08,PASS
12,2,2.0,2.0,18.75,17.65,15,STEP2_TECHNICAL_METRICS,Sasha_v37/Sasha_v37_012.png,2160,3840,7.602,606.531,150.823,62.169,0.02,0.002,152.0,4918839,79.69,73.15,407,ok,,Sasha_v37,Sasha_v37/Sasha_v37_012.png,Sasha_v37_012.png,work/frames_raw/Sasha_v37/Sasha_v37_012.png,2160,3840,8294400,0.5625,7.602,606.531,150.823,PASS
13,2,2.0,2.0,6.25,5.88,17,STEP2_TECHNICAL_METRICS,Sasha_v37/Sasha_v37_013.png,2160,3840,4.714,319.669,147.88,62.85,0.023,0.018,155.0,4680097,61.47,51.38,798,ok,,Sasha_v37,Sasha_v37/Sasha_v37_013.png,Sasha_v37_013.png,work/frames_raw/Sasha_v37/Sasha_v37_013.png,2160,3840,8294400,0.5625,4.714,319.669,147.88,PASS
14,2,2.0,2.0,56.25,58.82,8,STEP2_TECHNICAL_METRICS,Sasha_v37/Sasha_v37_014.png,2160,3840,12.749,1379.785,154.856,61.146,0.025,0.012,152.0,5385770,84.95,87.45,240,ok,,Sasha_v37,Sasha_v37/Sasha_v37_014.png,Sasha_v37_014.png,work/frames_raw/Sasha_v37/Sasha_v37_014.png,2160,3840,8294400,0.5625,12.749,1379.785,154.856,PASS
15,2,2.0,2.0,81.25,88.24,4,STEP2_TECHNICAL_METRICS,Sasha_v37/Sasha_v37_015.png,2160,3840,17.294,1801.983,146.425,62.906,0.029,0.017,152.0,6381948,90.98,90.78,165,ok,,Sasha_v37,Sasha_v37/Sasha_v37_015.png,Sasha_v37_015.png,work/frames_raw/Sasha_v37/Sasha_v37_015.png,2160,3840,8294400,0.5625,17.294,1801.983,146.425,PASS
16,2,2.0,2.0,93.75,94.12,1,STEP2_TECHNICAL_METRICS,Sasha_v37/Sasha_v37_016.png,2160,3840,18.672,1946.356,147.306,61.539,0.027,0.003,150.0,6295924,92.23,92.32,130,ok,,Sasha_v37,Sasha_v37/Sasha_v37_016.png,Sasha_v37_016.png,work/frames_raw/Sasha_v37/Sasha_v37_016.png,2160,3840,8294400,0.5625,18.672,1946.356,147.306,PASS
17,2,2.0,2.0,75.0,82.35,5,STEP2_TECHNICAL_METRICS,Sasha_v37/Sasha_v37_017.png,2160,3840,16.71,1773.354,141.365,61.771,0.027,0.008,150.0,6611830,90.62,90.31,175,ok,,Sasha_v37,Sasha_v37/Sasha_v37_017.png,Sasha_v37_017.png,work/frames_raw/Sasha_v37/Sasha_v37_017.png,2160,3840,8294400,0.5625,16.71,1773.354,141.365,PASS
18,2,2.0,2.0,43.75,47.06,10,STEP2_TECHNICAL_METRICS,Sasha_v37/Sasha_v37_018.png,2160,3840,10.434,1098.835,143.401,59.494,0.026,0.009,151.0,6944371,83.63,84.53,266,ok,,Sasha_v37,Sasha_v37/Sasha_v37_018.png,Sasha_v37_018.png,work/frames_raw/Sasha_v37/Sasha_v37_018.png,2160,3840,8294400,0.5625,10.434,1098.835,143.401,PASS
1,2,2.0,2.0,76.92,76.92,7,STEP2_TECHNICAL_METRICS,Sasha_v38/Sasha_v38_001.png,2160,3840,2.763,176.166,104.259,41.181,0.061,0.0,111.0,3459799,28.26,28.12,1354,ok,,Sasha_v38,Sasha_v38/Sasha_v38_001.png,Sasha_v38_001.png,work/frames_raw/Sasha_v38/Sasha_v38_001.png,2160,3840,8294400,0.5625,2.763,176.166,104.259,PASS
2,2,2.0,2.0,50.0,30.77,16,STEP2_TECHNICAL_METRICS,Sasha_v38/Sasha_v38_002.png,2160,3840,2.467,124.944,135.01,45.245,0.017,0.005,123.0,3580322,22.1,17.32,1529,ok,,Sasha_v38,Sasha_v38/Sasha_v38_002.png,Sasha_v38_002.png,work/frames_raw/Sasha_v38/Sasha_v38_002.png,2160,3840,8294400,0.5625,2.467,124.944,135.01,PASS
3,2,2.0,2.0,80.77,92.31,3,STEP2_TECHNICAL_METRICS,Sasha_v38/Sasha_v38_003.png,2160,3840,2.874,196.752,143.288,46.661,0.024,0.009,123.0,4050781,30.94,33.05,1280,ok,,Sasha_v38,Sasha_v38/Sasha_v38_003.png,Sasha_v38_003.png,work/frames_raw/Sasha_v38/Sasha_v38_003.png,2160,3840,8294400,0.5625,2.874,196.752,143.288,PASS
4,2,2.0,2.0,73.08,61.54,9,STEP2_TECHNICAL_METRICS,Sasha_v38/Sasha_v38_004.png,2160,3840,2.761,158.451,151.524,51.962,0.027,0.038,142.0,3956859,28.2,23.89,1392,ok,,Sasha_v38,Sasha_v38/Sasha_v38_004.png,Sasha_v38_004.png,work/frames_raw/Sasha_v38/Sasha_v38_004.png,2160,3840,8294400,0.5625,2.761,158.451,151.524,PASS
5,2,2.0,2.0,69.23,80.77,8,STEP2_TECHNICAL_METRICS,Sasha_v38/Sasha_v38_005.png,2160,3840,2.758,180.068,154.117,50.704,0.014,0.04,136.0,3798527,28.08,29.13,1349,ok,,Sasha_v38,Sasha_v38/Sasha_v38_005.png,Sasha_v38_005.png,work/frames_raw/Sasha_v38/Sasha_v38_005.png,2160,3840,8294400,0.5625,2.758,180.068,154.117,PASS
6,2,2.0,2.0,92.31,73.08,6,STEP2_TECHNICAL_METRICS,Sasha_v38/Sasha_v38_006.png,2160,3840,2.97,176.102,147.316,52.1,0.025,0.025,140.0,4108434,32.74,28.02,1314,ok,,Sasha_v38,Sasha_v38/Sasha_v38_006.png,Sasha_v38_006.png,work/frames_raw/Sasha_v38/Sasha_v38_006.png,2160,3840,8294400,0.5625,2.97,176.102,147.316,PASS
7,2,2.0,2.0,7.69,34.62,21,STEP2_TECHNICAL_METRICS,Sasha_v38/Sasha_v38_007.png,2160,3840,2.171,126.461,145.606,49.672,0.016,0.043,137.0,2877385,14.87,17.69,1583,ok,,Sasha_v38,Sasha_v38/Sasha_v38_007.png,Sasha_v38_007.png,work/frames_raw/Sasha_v38/Sasha_v38_007.png,2160,3840,8294400,0.5625,2.171,126.461,145.606,PASS
8,2,2.0,2.0,23.08,15.38,22,STEP2_TECHNICAL_METRICS,Sasha_v38/Sasha_v38_008.png,2160,3840,2.261,108.821,145.027,52.291,0.025,0.04,144.0,3239546,16.49,14.04,1599,ok,,Sasha_v38,Sasha_v38/Sasha_v38_008.png,Sasha_v38_008.png,work/frames_raw/Sasha_v38/Sasha_v38_008.png,2160,3840,8294400,0.5625,2.261,108.821,145.027,PASS
9,2,2.0,2.0,84.62,88.46,4,STEP2_TECHNICAL_METRICS,Sasha_v38/Sasha_v38_009.png,2160,3840,2.939,194.505,144.473,49.089,0.019,0.024,134.0,4140521,32.26,32.68,1274,ok,,Sasha_v38,Sasha_v38/Sasha_v38_009.png,Sasha_v38_009.png,work/frames_raw/Sasha_v38/Sasha_v38_009.png,2160,3840,8294400,0.5625,2.939,194.505,144.473,PASS
10,2,2.0,2.0,100.0,100.0,1,STEP2_TECHNICAL_METRICS,Sasha_v38/Sasha_v38_010.png,2160,3840,3.373,248.234,144.985,48.467,0.015,0.024,133.0,4479934,38.77,41.31,1111,ok,,Sasha_v38,Sasha_v38/Sasha_v38_010.png,Sasha_v38_010.png,work/frames_raw/Sasha_v38/Sasha_v38_010.png,2160,3840,8294400,0.5625,3.373,248.234,144.985,PASS
11,2,2.0,2.0,65.38,69.23,10,STEP2_TECHNICAL_METRICS,Sasha_v38/Sasha_v38_011.png,2160,3840,2.683,174.053,128.461,42.396,0.023,0.003,110.0,3720918,26.58,27.54,1375,ok,,Sasha_v38,Sasha_v38/Sasha_v38_011.png,Sasha_v38_011.png,work/frames_raw/Sasha_v38/Sasha_v38_011.png,2160,3840,8294400,0.5625,2.683,174.053,128.461,PASS
12,2,2.0,2.0,57.69,65.38,11,STEP2_TECHNICAL_METRICS,Sasha_v38/Sasha_v38_012.png,2160,3840,2.538,161.373,149.178,49.135,0.013,0.025,131.0,3396660,23.36,24.68,1427,ok,,Sasha_v38,Sasha_v38/Sasha_v38_012.png,Sasha_v38_012.png,work/frames_raw/Sasha_v38/Sasha_v38_012.png,2160,3840,8294400,0.5625,2.538,161.373,149.178,PASS
13,2,2.0,2.0,61.54,50.0,12,STEP2_TECHNICAL_METRICS,Sasha_v38/Sasha_v38_013.png,2160,3840,2.539,146.471,132.863,44.708,0.014,0.009,122.0,3455140,23.42,21.45,1461,ok,,Sasha_v38,Sasha_v38/Sasha_v38_013.png,Sasha_v38_013.png,work/frames_raw/Sasha_v38/Sasha_v38_013.png,2160,3840,8294400,0.5625,2.539,146.471,132.863,PASS
14,2,2.0,2.0,42.31,46.15,15,STEP2_TECHNICAL_METRICS,Sasha_v38/Sasha_v38_014.png,2160,3840,2.397,145.887,135.042,46.729,0.02,0.013,132.0,3348603,20.19,21.29,1497,ok,,Sasha_v38,Sasha_v38/Sasha_v38_014.png,Sasha_v38_014.png,work/frames_raw/Sasha_v38/Sasha_v38_014.png,2160,3840,8294400,0.5625,2.397,145.887,135.042,PASS
15,2,2.0,2.0,46.15,26.92,17,STEP2_TECHNICAL_METRICS,Sasha_v38/Sasha_v38_015.png,2160,3840,2.442,123.35,154.722,51.528,0.021,0.04,140.0,3438643,21.57,17.06,1537,ok,,Sasha_v38,Sasha_v38/Sasha_v38_015.png,Sasha_v38_015.png,work/frames_raw/Sasha_v38/Sasha_v38_015.png,2160,3840,8294400,0.5625,2.442,123.35,154.722,PASS
16,2,2.0,2.0,0.0,11.54,26,STEP2_TECHNICAL_METRICS,Sasha_v38/Sasha_v38_016.png,2160,3840,2.054,107.041,139.907,50.111,0.018,0.023,140.0,2475616,12.49,13.77,1641,ok,,Sasha_v38,Sasha_v38/Sasha_v38_016.png,Sasha_v38_016.png,work/frames_raw/Sasha_v38/Sasha_v38_016.png,2160,3840,8294400,0.5625,2.054,107.041,139.907,PASS
17,2,2.0,2.0,38.46,19.23,20,STEP2_TECHNICAL_METRICS,Sasha_v38/Sasha_v38_017.png,2160,3840,2.362,114.095,132.58,44.813,0.029,0.003,121.0,3097365,19.12,14.88,1573,ok,,Sasha_v38,Sasha_v38/Sasha_v38_017.png,Sasha_v38_017.png,work/frames_raw/Sasha_v38/Sasha_v38_017.png,2160,3840,8294400,0.5625,2.362,114.095,132.58,PASS
18,2,2.0,2.0,34.62,53.85,14,STEP2_TECHNICAL_METRICS,Sasha_v38/Sasha_v38_018.png,2160,3840,2.354,150.516,150.877,53.661,0.025,0.031,142.0,3203151,18.88,22.35,1503,ok,,Sasha_v38,Sasha_v38/Sasha_v38_018.png,Sasha_v38_018.png,work/frames_raw/Sasha_v38/Sasha_v38_018.png,2160,3840,8294400,0.5625,2.354,150.516,150.877,PASS
19,2,2.0,2.0,26.92,38.46,18,STEP2_TECHNICAL_METRICS,Sasha_v38/Sasha_v38_019.png,2160,3840,2.289,134.133,139.453,50.029,0.017,0.022,139.0,2700229,17.14,19.17,1557,ok,,Sasha_v38,Sasha_v38/Sasha_v38_019.png,Sasha_v38_019.png,work/frames_raw/Sasha_v38/Sasha_v38_019.png,2160,3840,8294400,0.5625,2.289,134.133,139.453,PASS
20,2,2.0,2.0,88.46,84.62,5,STEP2_TECHNICAL_METRICS,Sasha_v38/Sasha_v38_020.png,2160,3840,2.951,190.623,134.465,42.835,0.021,0.003,116.0,3835320,32.38,31.67,1279,ok,,Sasha_v38,Sasha_v38/Sasha_v38_020.png,Sasha_v38_020.png,work/frames_raw/Sasha_v38/Sasha_v38_020.png,2160,3840,8294400,0.5625,2.951,190.623,134.465,PASS
21,2,2.0,2.0,53.85,57.69,13,STEP2_TECHNICAL_METRICS,Sasha_v38/Sasha_v38_021.png,2160,3840,2.486,151.636,146.334,47.361,0.017,0.03,127.0,3379515,22.58,22.46,1457,ok,,Sasha_v38,Sasha_v38/Sasha_v38_021.png,Sasha_v38_021.png,work/frames_raw/Sasha_v38/Sasha_v38_021.png,2160,3840,8294400,0.5625,2.486,151.636,146.334,PASS
22,2,2.0,2.0,19.23,42.31,19,STEP2_TECHNICAL_METRICS,Sasha_v38/Sasha_v38_022.png,2160,3840,2.251,137.766,144.001,54.879,0.027,0.049,148.0,2762453,16.31,19.76,1560,ok,,Sasha_v38,Sasha_v38/Sasha_v38_022.png,Sasha_v38_022.png,work/frames_raw/Sasha_v38/Sasha_v38_022.png,2160,3840,8294400,0.5625,2.251,137.766,144.001,PASS
23,2,2.0,2.0,96.15,96.15,2,STEP2_TECHNICAL_METRICS,Sasha_v38/Sasha_v38_023.png,2160,3840,2.994,205.406,142.255,48.76,0.019,0.011,132.0,3708300,33.15,35.54,1228,ok,,Sasha_v38,Sasha_v38/Sasha_v38_023.png,Sasha_v38_023.png,work/frames_raw/Sasha_v38/Sasha_v38_023.png,2160,3840,8294400,0.5625,2.994,205.406,142.255,PASS
24,2,2.0,2.0,3.85,3.85,27,STEP2_TECHNICAL_METRICS,Sasha_v38/Sasha_v38_024.png,2160,3840,2.062,94.092,144.781,48.422,0.01,0.036,128.0,2741292,12.66,11.44,1664,ok,,Sasha_v38,Sasha_v38/Sasha_v38_024.png,Sasha_v38_024.png,work/frames_raw/Sasha_v38/Sasha_v38_024.png,2160,3840,8294400,0.5625,2.062,94.092,144.781,PASS
25,2,2.0,2.0,15.38,23.08,23,STEP2_TECHNICAL_METRICS,Sasha_v38/Sasha_v38_025.png,2160,3840,2.225,122.857,136.521,48.069,0.018,0.038,130.0,2816670,15.83,17.0,1581,ok,,Sasha_v38,Sasha_v38/Sasha_v38_025.png,Sasha_v38_025.png,work/frames_raw/Sasha_v38/Sasha_v38_025.png,2160,3840,8294400,0.5625,2.225,122.857,136.521,PASS
26,2,2.0,2.0,11.54,7.69,25,STEP2_TECHNICAL_METRICS,Sasha_v38/Sasha_v38_026.png,2160,3840,2.224,106.445,148.124,47.543,0.019,0.013,128.0,3271661,15.77,13.61,1612,ok,,Sasha_v38,Sasha_v38/Sasha_v38_026.png,Sasha_v38_026.png,work/frames_raw/Sasha_v38/Sasha_v38_026.png,2160,3840,8294400,0.5625,2.224,106.445,148.124,PASS
27,2,2.0,2.0,30.77,0.0,24,STEP2_TECHNICAL_METRICS,Sasha_v38/Sasha_v38_027.png,2160,3840,2.31,76.994,154.643,50.645,0.019,0.035,135.0,3114342,17.8,7.94,1651,ok,,Sasha_v38,Sasha_v38/Sasha_v38_027.png,Sasha_v38_027.png,work/frames_raw/Sasha_v38/Sasha_v38_027.png,2160,3840,8294400,0.5625,2.31,76.994,154.643,PASS
1,2,2.0,2.0,94.74,100.0,2,STEP2_TECHNICAL_METRICS,Sasha_v39/Sasha_v39_001.png,2160,3840,3.663,485.872,153.044,67.549,0.048,0.058,176.0,3168086,44.09,65.1,831,ok,,Sasha_v39,Sasha_v39/Sasha_v39_001.png,Sasha_v39_001.png,work/frames_raw/Sasha_v39/Sasha_v39_001.png,2160,3840,8294400,0.5625,3.663,485.872,153.044,PASS
2,2,2.0,2.0,68.42,78.95,10,STEP2_TECHNICAL_METRICS,Sasha_v39/Sasha_v39_002.png,2160,3840,3.018,334.559,157.343,64.251,0.037,0.06,170.0,3047203,33.63,52.86,1053,ok,,Sasha_v39,Sasha_v39/Sasha_v39_002.png,Sasha_v39_002.png,work/frames_raw/Sasha_v39/Sasha_v39_002.png,2160,3840,8294400,0.5625,3.018,334.559,157.343,PASS
3,2,2.0,2.0,76.32,76.32,9,STEP2_TECHNICAL_METRICS,Sasha_v39/Sasha_v39_003.png,2160,3840,3.21,324.548,154.785,61.573,0.041,0.032,164.0,3188332,36.56,51.8,1036,ok,,Sasha_v39,Sasha_v39/Sasha_v39_003.png,Sasha_v39_003.png,work/frames_raw/Sasha_v39/Sasha_v39_003.png,2160,3840,8294400,0.5625,3.21,324.548,154.785,PASS
4,2,2.0,2.0,86.84,94.74,4,STEP2_TECHNICAL_METRICS,Sasha_v39/Sasha_v39_004.png,2160,3840,3.429,416.103,156.858,60.868,0.041,0.038,165.0,3552039,39.84,60.38,935,ok,,Sasha_v39,Sasha_v39/Sasha_v39_004.png,Sasha_v39_004.png,work/frames_raw/Sasha_v39/Sasha_v39_004.png,2160,3840,8294400,0.5625,3.429,416.103,156.858,PASS
5,2,2.0,2.0,100.0,97.37,1,STEP2_TECHNICAL_METRICS,Sasha_v39/Sasha_v39_005.png,2160,3840,3.885,464.728,157.44,59.989,0.039,0.035,164.0,3666169,48.27,63.72,806,ok,,Sasha_v39,Sasha_v39/Sasha_v39_005.png,Sasha_v39_005.png,work/frames_raw/Sasha_v39/Sasha_v39_005.png,2160,3840,8294400,0.5625,3.885,464.728,157.44,PASS
6,2,2.0,2.0,71.05,65.79,13,STEP2_TECHNICAL_METRICS,Sasha_v39/Sasha_v39_006.png,2160,3840,3.024,273.367,155.417,58.477,0.033,0.036,159.0,3480683,33.75,45.02,1123,ok,,Sasha_v39,Sasha_v39/Sasha_v39_006.png,Sasha_v39_006.png,work/frames_raw/Sasha_v39/Sasha_v39_006.png,2160,3840,8294400,0.5625,3.024,273.367,155.417,PASS
7,2,2.0,2.0,92.11,81.58,6,STEP2_TECHNICAL_METRICS,Sasha_v39/Sasha_v39_007.png,2160,3840,3.592,361.993,149.467,64.331,0.048,0.06,171.0,4114545,42.71,55.51,954,ok,,Sasha_v39,Sasha_v39/Sasha_v39_007.png,Sasha_v39_007.png,work/frames_raw/Sasha_v39/Sasha_v39_007.png,2160,3840,8294400,0.5625,3.592,361.993,149.467,PASS
8,2,2.0,2.0,65.79,50.0,16,STEP2_TECHNICAL_METRICS,Sasha_v39/Sasha_v39_008.png,2160,3840,2.984,218.198,158.04,58.353,0.016,0.044,151.0,3508953,32.97,37.98,1201,ok,,Sasha_v39,Sasha_v39/Sasha_v39_008.png,Sasha_v39_008.png,work/frames_raw/Sasha_v39/Sasha_v39_008.png,2160,3840,8294400,0.5625,2.984,218.198,158.04,PASS
9,2,2.0,2.0,97.37,92.11,3,STEP2_TECHNICAL_METRICS,Sasha_v39/Sasha_v39_009.png,2160,3840,3.668,412.782,161.396,57.697,0.02,0.039,150.0,3922764,44.15,59.9,895,ok,,Sasha_v39,Sasha_v39/Sasha_v39_009.png,Sasha_v39_009.png,work/frames_raw/Sasha_v39/Sasha_v39_009.png,2160,3840,8294400,0.5625,3.668,412.782,161.396,PASS
10,2,2.0,2.0,44.74,42.11,23,STEP2_TECHNICAL_METRICS,Sasha_v39/Sasha_v39_010.png,2160,3840,2.816,206.222,138.462,66.697,0.072,0.029,176.0,3610284,29.51,35.7,1269,ok,,Sasha_v39,Sasha_v39/Sasha_v39_010.png,Sasha_v39_010.png,work/frames_raw/Sasha_v39/Sasha_v39_010.png,2160,3840,8294400,0.5625,2.816,206.222,138.462,PASS
11,2,2.0,2.0,81.58,84.21,8,STEP2_TECHNICAL_METRICS,Sasha_v39/Sasha_v39_011.png,2160,3840,3.292,363.636,155.968,64.659,0.024,0.088,172.0,3966007,38.11,55.61,993,ok,,Sasha_v39,Sasha_v39/Sasha_v39_011.png,Sasha_v39_011.png,work/frames_raw/Sasha_v39/Sasha_v39_011.png,2160,3840,8294400,0.5625,3.292,363.636,155.968,PASS
12,2,2.0,2.0,84.21,89.47,7,STEP2_TECHNICAL_METRICS,Sasha_v39/Sasha_v39_012.png,2160,3840,3.314,393.119,149.095,65.408,0.039,0.077,175.0,3646342,38.23,58.05,971,ok,,Sasha_v39,Sasha_v39/Sasha_v39_012.png,Sasha_v39_012.png,work/frames_raw/Sasha_v39/Sasha_v39_012.png,2160,3840,8294400,0.5625,3.314,393.119,149.095,PASS
13,2,2.0,2.0,50.0,57.89,17,STEP2_TECHNICAL_METRICS,Sasha_v39/Sasha_v39_013.png,2160,3840,2.834,231.496,155.754,63.808,0.035,0.054,167.0,3389105,30.11,39.35,1221,ok,,Sasha_v39,Sasha_v39/Sasha_v39_013.png,Sasha_v39_013.png,work/frames_raw/Sasha_v39/Sasha_v39_013.png,2160,3840,8294400,0.5625,2.834,231.496,155.754,PASS
14,2,2.0,2.0,26.32,47.37,28,STEP2_TECHNICAL_METRICS,Sasha_v39/Sasha_v39_014.png,2160,3840,2.563,214.778,164.097,51.873,0.014,0.03,135.0,2894098,24.01,37.39,1307,ok,,Sasha_v39,Sasha_v39/Sasha_v39_014.png,Sasha_v39_014.png,work/frames_raw/Sasha_v39/Sasha_v39_014.png,2160,3840,8294400,0.5625,2.563,214.778,164.097,PASS
15,2,2.0,2.0,18.42,10.53,31,STEP2_TECHNICAL_METRICS,Sasha_v39/Sasha_v39_015.png,2160,3840,2.44,136.973,152.726,62.692,0.049,0.031,164.0,3219960,21.45,19.65,1505,ok,,Sasha_v39,Sasha_v39/Sasha_v39_015.png,Sasha_v39_015.png,work/frames_raw/Sasha_v39/Sasha_v39_015.png,2160,3840,8294400,0.5625,2.44,136.973,152.726,PASS
16,2,2.0,2.0,34.21,44.74,25,STEP2_TECHNICAL_METRICS,Sasha_v39/Sasha_v39_016.png,2160,3840,2.703,207.353,149.67,57.498,0.027,0.042,155.0,3378147,26.88,35.96,1294,ok,,Sasha_v39,Sasha_v39/Sasha_v39_016.png,Sasha_v39_016.png,work/frames_raw/Sasha_v39/Sasha_v39_016.png,2160,3840,8294400,0.5625,2.703,207.353,149.67,PASS
17,2,2.0,2.0,7.89,21.05,32,STEP2_TECHNICAL_METRICS,Sasha_v39/Sasha_v39_017.png,2160,3840,2.176,148.251,164.248,52.021,0.017,0.047,134.0,2993672,14.93,21.82,1552,ok,,Sasha_v39,Sasha_v39/Sasha_v39_017.png,Sasha_v39_017.png,work/frames_raw/Sasha_v39/Sasha_v39_017.png,2160,3840,8294400,0.5625,2.176,148.251,164.248,PASS
18,2,2.0,2.0,0.0,26.32,34,STEP2_TECHNICAL_METRICS,Sasha_v39/Sasha_v39_018.png,2160,3840,2.0,152.483,156.997,51.422,0.017,0.024,135.0,2821614,11.23,22.56,1576,ok,,Sasha_v39,Sasha_v39/Sasha_v39_018.png,Sasha_v39_018.png,work/frames_raw/Sasha_v39/Sasha_v39_018.png,2160,3840,8294400,0.5625,2.0,152.483,156.997,PASS
19,2,2.0,2.0,57.89,63.16,15,STEP2_TECHNICAL_METRICS,Sasha_v39/Sasha_v39_019.png,2160,3840,2.872,257.892,163.341,54.451,0.022,0.051,142.0,3399850,30.88,42.64,1169,ok,,Sasha_v39,Sasha_v39/Sasha_v39_019.png,Sasha_v39_019.png,work/frames_raw/Sasha_v39/Sasha_v39_019.png,2160,3840,8294400,0.5625,2.872,257.892,163.341,PASS
20,2,2.0,2.0,28.95,60.53,22,STEP2_TECHNICAL_METRICS,Sasha_v39/Sasha_v39_020.png,2160,3840,2.57,236.655,152.55,58.344,0.038,0.034,153.0,3386176,24.31,40.1,1278,ok,,Sasha_v39,Sasha_v39/Sasha_v39_020.png,Sasha_v39_020.png,work/frames_raw/Sasha_v39/Sasha_v39_020.png,2160,3840,8294400,0.5625,2.57,236.655,152.55,PASS
21,2,2.0,2.0,78.95,68.42,11,STEP2_TECHNICAL_METRICS,Sasha_v39/Sasha_v39_021.png,2160,3840,3.266,287.807,148.648,60.657,0.059,0.033,162.0,3699724,37.69,46.93,1077,ok,,Sasha_v39,Sasha_v39/Sasha_v39_021.png,Sasha_v39_021.png,work/frames_raw/Sasha_v39/Sasha_v39_021.png,2160,3840,8294400,0.5625,3.266,287.807,148.648,PASS
22,2,2.0,2.0,42.11,34.21,26,STEP2_TECHNICAL_METRICS,Sasha_v39/Sasha_v39_022.png,2160,3840,2.782,183.278,148.538,62.319,0.043,0.031,165.0,3360454,28.79,29.93,1333,ok,,Sasha_v39,Sasha_v39/Sasha_v39_022.png,Sasha_v39_022.png,work/frames_raw/Sasha_v39/Sasha_v39_022.png,2160,3840,8294400,0.5625,2.782,183.278,148.538,PASS
23,2,2.0,2.0,31.58,18.42,29,STEP2_TECHNICAL_METRICS,Sasha_v39/Sasha_v39_023.png,2160,3840,2.642,146.219,154.604,60.171,0.035,0.035,155.0,3316297,25.69,21.4,1437,ok,,Sasha_v39,Sasha_v39/Sasha_v39_023.png,Sasha_v39_023.png,work/frames_raw/Sasha_v39/Sasha_v39_023.png,2160,3840,8294400,0.5625,2.642,146.219,154.604,PASS
24,2,2.0,2.0,63.16,39.47,18,STEP2_TECHNICAL_METRICS,Sasha_v39/Sasha_v39_024.png,2160,3840,2.896,198.272,160.895,61.724,0.034,0.077,166.0,3464292,31.6,33.74,1267,ok,,Sasha_v39,Sasha_v39/Sasha_v39_024.png,Sasha_v39_024.png,work/frames_raw/Sasha_v39/Sasha_v39_024.png,2160,3840,8294400,0.5625,2.896,198.272,160.895,PASS
25,2,2.0,2.0,47.37,28.95,27,STEP2_TECHNICAL_METRICS,Sasha_v39/Sasha_v39_025.png,2160,3840,2.822,154.514,139.717,65.197,0.07,0.027,174.0,3484590,29.63,23.15,1385,ok,,Sasha_v39,Sasha_v39/Sasha_v39_025.png,Sasha_v39_025.png,work/frames_raw/Sasha_v39/Sasha_v39_025.png,2160,3840,8294400,0.5625,2.822,154.514,139.717,PASS
26,2,2.0,2.0,23.68,23.68,30,STEP2_TECHNICAL_METRICS,Sasha_v39/Sasha_v39_026.png,2160,3840,2.538,148.427,155.26,65.548,0.035,0.092,176.0,3083175,23.36,21.88,1456,ok,,Sasha_v39,Sasha_v39/Sasha_v39_026.png,Sasha_v39_026.png,work/frames_raw/Sasha_v39/Sasha_v39_026.png,2160,3840,8294400,0.5625,2.538,148.427,155.26,PASS
27,2,2.0,2.0,10.53,15.79,35,STEP2_TECHNICAL_METRICS,Sasha_v39/Sasha_v39_027.png,2160,3840,2.371,146.05,151.156,65.4,0.052,0.054,176.0,2993513,19.35,21.35,1511,ok,,Sasha_v39,Sasha_v39/Sasha_v39_027.png,Sasha_v39_027.png,work/frames_raw/Sasha_v39/Sasha_v39_027.png,2160,3840,8294400,0.5625,2.371,146.05,151.156,PASS
28,2,2.0,2.0,39.47,52.63,20,STEP2_TECHNICAL_METRICS,Sasha_v39/Sasha_v39_028.png,2160,3840,2.777,218.263,145.646,62.107,0.05,0.049,173.0,3324691,28.49,38.03,1248,ok,,Sasha_v39,Sasha_v39/Sasha_v39_028.png,Sasha_v39_028.png,work/frames_raw/Sasha_v39/Sasha_v39_028.png,2160,3840,8294400,0.5625,2.777,218.263,145.646,PASS
29,2,2.0,2.0,2.63,2.63,38,STEP2_TECHNICAL_METRICS,Sasha_v39/Sasha_v39_029.png,2160,3840,2.169,120.924,166.427,50.162,0.012,0.05,130.0,3091036,14.81,16.53,1593,ok,,Sasha_v39,Sasha_v39/Sasha_v39_029.png,Sasha_v39_029.png,work/frames_raw/Sasha_v39/Sasha_v39_029.png,2160,3840,8294400,0.5625,2.169,120.924,166.427,PASS
30,2,2.0,2.0,52.63,71.05,14,STEP2_TECHNICAL_METRICS,Sasha_v39/Sasha_v39_030.png,2160,3840,2.851,289.872,158.083,51.29,0.011,0.028,139.0,3334607,30.47,47.14,1137,ok,,Sasha_v39,Sasha_v39/Sasha_v39_030.png,Sasha_v39_030.png,work/frames_raw/Sasha_v39/Sasha_v39_030.png,2160,3840,8294400,0.5625,2.851,289.872,158.083,PASS
31,2,2.0,2.0,13.16,13.16,36,STEP2_TECHNICAL_METRICS,Sasha_v39/Sasha_v39_031.png,2160,3840,2.409,139.596,147.92,63.629,0.072,0.044,170.0,3525575,20.61,20.13,1510,ok,,Sasha_v39,Sasha_v39/Sasha_v39_031.png,Sasha_v39_031.png,work/frames_raw/Sasha_v39/Sasha_v39_031.png,2160,3840,8294400,0.5625,2.409,139.596,147.92,PASS
32,2,2.0,2.0,73.68,73.68,12,STEP2_TECHNICAL_METRICS,Sasha_v39/Sasha_v39_032.png,2160,3840,3.203,308.626,138.959,68.501,0.065,0.057,181.0,3701146,36.32,49.63,1059,ok,,Sasha_v39,Sasha_v39/Sasha_v39_032.png,Sasha_v39_032.png,work/frames_raw/Sasha_v39/Sasha_v39_032.png,2160,3840,8294400,0.5625,3.203,308.626,138.959,PASS
33,2,2.0,2.0,89.47,86.84,5,STEP2_TECHNICAL_METRICS,Sasha_v39/Sasha_v39_033.png,2160,3840,3.502,374.498,151.736,66.689,0.034,0.094,177.0,3750152,40.8,56.36,963,ok,,Sasha_v39,Sasha_v39/Sasha_v39_033.png,Sasha_v39_033.png,work/frames_raw/Sasha_v39/Sasha_v39_033.png,2160,3840,8294400,0.5625,3.502,374.498,151.736,PASS
34,2,2.0,2.0,15.79,5.26,37,STEP2_TECHNICAL_METRICS,Sasha_v39/Sasha_v39_034.png,2160,3840,2.413,126.176,156.97,57.935,0.028,0.045,155.0,3096089,20.85,17.53,1541,ok,,Sasha_v39,Sasha_v39/Sasha_v39_034.png,Sasha_v39_034.png,work/frames_raw/Sasha_v39/Sasha_v39_034.png,2160,3840,8294400,0.5625,2.413,126.176,156.97,PASS
35,2,2.0,2.0,21.05,7.89,33,STEP2_TECHNICAL_METRICS,Sasha_v39/Sasha_v39_035.png,2160,3840,2.496,134.645,157.572,56.695,0.03,0.034,143.0,3180979,22.82,19.28,1490,ok,,Sasha_v39,Sasha_v39/Sasha_v39_035.png,Sasha_v39_035.png,work/frames_raw/Sasha_v39/Sasha_v39_035.png,2160,3840,8294400,0.5625,2.496,134.645,157.572,PASS
36,2,2.0,2.0,55.26,31.58,24,STEP2_TECHNICAL_METRICS,Sasha_v39/Sasha_v39_036.png,2160,3840,2.871,179.363,151.89,59.037,0.032,0.038,160.0,3687174,30.82,28.92,1323,ok,,Sasha_v39,Sasha_v39/Sasha_v39_036.png,Sasha_v39_036.png,work/frames_raw/Sasha_v39/Sasha_v39_036.png,2160,3840,8294400,0.5625,2.871,179.363,151.89,PASS
37,2,2.0,2.0,60.53,36.84,19,STEP2_TECHNICAL_METRICS,Sasha_v39/Sasha_v39_037.png,2160,3840,2.875,190.962,143.137,61.457,0.055,0.022,162.0,3568391,31.0,31.94,1292,ok,,Sasha_v39,Sasha_v39/Sasha_v39_037.png,Sasha_v39_037.png,work/frames_raw/Sasha_v39/Sasha_v39_037.png,2160,3840,8294400,0.5625,2.875,190.962,143.137,PASS
38,2,2.0,2.0,36.84,55.26,21,STEP2_TECHNICAL_METRICS,Sasha_v39/Sasha_v39_038.png,2160,3840,2.755,227.62,151.079,58.332,0.027,0.04,151.0,3301230,28.02,38.93,1243,ok,,Sasha_v39,Sasha_v39/Sasha_v39_038.png,Sasha_v39_038.png,work/frames_raw/Sasha_v39/Sasha_v39_038.png,2160,3840,8294400,0.5625,2.755,227.62,151.079,PASS
39,2,2.0,2.0,5.26,0.0,39,STEP2_TECHNICAL_METRICS,Sasha_v39/Sasha_v39_039.png,2160,3840,2.171,113.459,149.496,60.366,0.036,0.036,154.0,2997328,14.87,14.78,1607,ok,,Sasha_v39,Sasha_v39/Sasha_v39_039.png,Sasha_v39_039.png,work/frames_raw/Sasha_v39/Sasha_v39_039.png,2160,3840,8294400,0.5625,2.171,113.459,149.496,PASS
1,2,2.0,2.0,0.0,0.0,30,STEP2_TECHNICAL_METRICS,Sasha_v40/Sasha_v40_001.png,2160,3840,5.069,485.312,105.675,61.421,0.138,0.009,158.0,4130949,65.23,64.94,612,ok,,Sasha_v40,Sasha_v40/Sasha_v40_001.png,Sasha_v40_001.png,work/frames_raw/Sasha_v40/Sasha_v40_001.png,2160,3840,8294400,0.5625,5.069,485.312,105.675,PASS
2,2,2.0,2.0,48.28,55.17,14,STEP2_TECHNICAL_METRICS,Sasha_v40/Sasha_v40_002.png,2160,3840,6.125,622.358,104.927,59.066,0.125,0.014,146.0,5240953,72.7,74.47,469,ok,,Sasha_v40,Sasha_v40/Sasha_v40_002.png,Sasha_v40_002.png,work/frames_raw/Sasha_v40/Sasha_v40_002.png,2160,3840,8294400,0.5625,6.125,622.358,104.927,PASS
3,2,2.0,2.0,65.52,44.83,13,STEP2_TECHNICAL_METRICS,Sasha_v40/Sasha_v40_003.png,2160,3840,6.305,610.879,107.749,61.649,0.124,0.014,152.0,5306107,74.13,73.57,460,ok,,Sasha_v40,Sasha_v40/Sasha_v40_003.png,Sasha_v40_003.png,work/frames_raw/Sasha_v40/Sasha_v40_003.png,2160,3840,8294400,0.5625,6.305,610.879,107.749,PASS
4,2,2.0,2.0,34.48,24.14,23,STEP2_TECHNICAL_METRICS,Sasha_v40/Sasha_v40_004.png,2160,3840,5.955,603.514,102.031,59.976,0.141,0.013,147.0,5312294,71.98,72.83,495,ok,,Sasha_v40,Sasha_v40/Sasha_v40_004.png,Sasha_v40_004.png,work/frames_raw/Sasha_v40/Sasha_v40_004.png,2160,3840,8294400,0.5625,5.955,603.514,102.031,PASS
5,2,2.0,2.0,93.1,72.41,5,STEP2_TECHNICAL_METRICS,Sasha_v40/Sasha_v40_005.png,2160,3840,6.808,660.472,105.209,60.698,0.133,0.016,148.0,5388493,77.18,76.27,402,ok,,Sasha_v40,Sasha_v40/Sasha_v40_005.png,Sasha_v40_005.png,work/frames_raw/Sasha_v40/Sasha_v40_005.png,2160,3840,8294400,0.5625,6.808,660.472,105.209,PASS
6,2,2.0,2.0,75.86,96.55,3,STEP2_TECHNICAL_METRICS,Sasha_v40/Sasha_v40_006.png,2160,3840,6.517,706.084,101.242,59.529,0.147,0.011,146.0,5538883,75.27,77.97,406,ok,,Sasha_v40,Sasha_v40/Sasha_v40_006.png,Sasha_v40_006.png,work/frames_raw/Sasha_v40/Sasha_v40_006.png,2160,3840,8294400,0.5625,6.517,706.084,101.242,PASS
7,2,2.0,2.0,86.21,75.86,7,STEP2_TECHNICAL_METRICS,Sasha_v40/Sasha_v40_007.png,2160,3840,6.582,661.522,102.124,58.71,0.136,0.007,146.0,5653734,75.87,76.38,417,ok,,Sasha_v40,Sasha_v40/Sasha_v40_007.png,Sasha_v40_007.png,work/frames_raw/Sasha_v40/Sasha_v40_007.png,2160,3840,8294400,0.5625,6.582,661.522,102.124,PASS
8,2,2.0,2.0,72.41,93.1,6,STEP2_TECHNICAL_METRICS,Sasha_v40/Sasha_v40_008.png,2160,3840,6.431,692.722,101.818,59.483,0.146,0.006,148.0,5836716,74.79,77.7,413,ok,,Sasha_v40,Sasha_v40/Sasha_v40_008.png,Sasha_v40_008.png,work/frames_raw/Sasha_v40/Sasha_v40_008.png,2160,3840,8294400,0.5625,6.431,692.722,101.818,PASS
9,2,2.0,2.0,96.55,79.31,2,STEP2_TECHNICAL_METRICS,Sasha_v40/Sasha_v40_009.png,2160,3840,6.888,664.35,102.835,59.623,0.146,0.006,150.0,5730233,77.9,76.43,398,ok,,Sasha_v40,Sasha_v40/Sasha_v40_009.png,Sasha_v40_009.png,work/frames_raw/Sasha_v40/Sasha_v40_009.png,2160,3840,8294400,0.5625,6.888,664.35,102.835,PASS
10,2,2.0,2.0,41.38,37.93,18,STEP2_TECHNICAL_METRICS,Sasha_v40/Sasha_v40_010.png,2160,3840,5.981,607.691,103.908,59.133,0.146,0.007,148.0,5495026,72.16,73.31,485,ok,,Sasha_v40,Sasha_v40/Sasha_v40_010.png,Sasha_v40_010.png,work/frames_raw/Sasha_v40/Sasha_v40_010.png,2160,3840,8294400,0.5625,5.981,607.691,103.908,PASS
11,2,2.0,2.0,51.72,48.28,15,STEP2_TECHNICAL_METRICS,Sasha_v40/Sasha_v40_011.png,2160,3840,6.168,619.575,103.177,59.202,0.145,0.006,148.0,5573757,72.94,74.15,470,ok,,Sasha_v40,Sasha_v40/Sasha_v40_011.png,Sasha_v40_011.png,work/frames_raw/Sasha_v40/Sasha_v40_011.png,2160,3840,8294400,0.5625,6.168,619.575,103.177,PASS
12,2,2.0,2.0,44.83,34.48,19,STEP2_TECHNICAL_METRICS,Sasha_v40/Sasha_v40_012.png,2160,3840,6.089,607.588,104.525,59.112,0.147,0.006,148.0,5406288,72.58,73.25,482,ok,,Sasha_v40,Sasha_v40/Sasha_v40_012.png,Sasha_v40_012.png,work/frames_raw/Sasha_v40/Sasha_v40_012.png,2160,3840,8294400,0.5625,6.089,607.588,104.525,PASS
13,2,2.0,2.0,62.07,20.69,17,STEP2_TECHNICAL_METRICS,Sasha_v40/Sasha_v40_013.png,2160,3840,6.279,602.282,102.891,58.447,0.151,0.005,146.0,5458178,73.95,72.67,476,ok,,Sasha_v40,Sasha_v40/Sasha_v40_013.png,Sasha_v40_013.png,work/frames_raw/Sasha_v40/Sasha_v40_013.png,2160,3840,8294400,0.5625,6.279,602.282,102.891,PASS
14,2,2.0,2.0,31.03,31.03,20,STEP2_TECHNICAL_METRICS,Sasha_v40/Sasha_v40_014.png,2160,3840,5.923,604.833,104.792,60.005,0.145,0.006,148.0,5610104,71.8,73.04,493,ok,,Sasha_v40,Sasha_v40/Sasha_v40_014.png,Sasha_v40_014.png,work/frames_raw/Sasha_v40/Sasha_v40_014.png,2160,3840,8294400,0.5625,5.923,604.833,104.792,PASS
15,2,2.0,2.0,100.0,100.0,1,STEP2_TECHNICAL_METRICS,Sasha_v40/Sasha_v40_015.png,2160,3840,7.317,778.54,103.418,59.314,0.143,0.003,149.0,5318192,79.33,79.45,364,ok,,Sasha_v40,Sasha_v40/Sasha_v40_015.png,Sasha_v40_015.png,work/frames_raw/Sasha_v40/Sasha_v40_015.png,2160,3840,8294400,0.5625,7.317,778.54,103.418,PASS
16,2,2.0,2.0,68.97,89.66,8,STEP2_TECHNICAL_METRICS,Sasha_v40/Sasha_v40_016.png,2160,3840,6.399,691.604,107.398,60.877,0.135,0.007,152.0,5271278,74.61,77.6,419,ok,,Sasha_v40,Sasha_v40/Sasha_v40_016.png,Sasha_v40_016.png,work/frames_raw/Sasha_v40/Sasha_v40_016.png,2160,3840,8294400,0.5625,6.399,691.604,107.398,PASS
17,2,2.0,2.0,20.69,3.45,27,STEP2_TECHNICAL_METRICS,Sasha_v40/Sasha_v40_017.png,2160,3840,5.785,551.548,104.029,59.115,0.145,0.008,147.0,4892553,70.85,69.39,537,ok,,Sasha_v40,Sasha_v40/Sasha_v40_017.png,Sasha_v40_017.png,work/frames_raw/Sasha_v40/Sasha_v40_017.png,2160,3840,8294400,0.5625,5.785,551.548,104.029,PASS
18,2,2.0,2.0,55.17,82.76,11,STEP2_TECHNICAL_METRICS,Sasha_v40/Sasha_v40_018.png,2160,3840,6.191,672.502,105.893,59.41,0.141,0.005,147.0,5076927,73.12,76.85,439,ok,,Sasha_v40,Sasha_v40/Sasha_v40_018.png,Sasha_v40_018.png,work/frames_raw/Sasha_v40/Sasha_v40_018.png,2160,3840,8294400,0.5625,6.191,672.502,105.893,PASS
19,2,2.0,2.0,27.59,13.79,24,STEP2_TECHNICAL_METRICS,Sasha_v40/Sasha_v40_019.png,2160,3840,5.876,585.055,96.762,56.805,0.158,0.006,144.0,4755300,71.51,71.29,513,ok,,Sasha_v40,Sasha_v40/Sasha_v40_019.png,Sasha_v40_019.png,work/frames_raw/Sasha_v40/Sasha_v40_019.png,2160,3840,8294400,0.5625,5.876,585.055,96.762,PASS
20,2,2.0,2.0,3.45,6.9,29,STEP2_TECHNICAL_METRICS,Sasha_v40/Sasha_v40_020.png,2160,3840,5.387,551.814,94.99,54.809,0.163,0.004,141.0,4846834,68.28,69.44,557,ok,,Sasha_v40,Sasha_v40/Sasha_v40_020.png,Sasha_v40_020.png,work/frames_raw/Sasha_v40/Sasha_v40_020.png,2160,3840,8294400,0.5625,5.387,551.814,94.99,PASS
21,2,2.0,2.0,24.14,10.34,26,STEP2_TECHNICAL_METRICS,Sasha_v40/Sasha_v40_021.png,2160,3840,5.818,574.538,106.322,60.051,0.139,0.006,150.0,4740965,71.09,70.71,524,ok,,Sasha_v40,Sasha_v40/Sasha_v40_021.png,Sasha_v40_021.png,work/frames_raw/Sasha_v40/Sasha_v40_021.png,2160,3840,8294400,0.5625,5.818,574.538,106.322,PASS
22,2,2.0,2.0,17.24,41.38,22,STEP2_TECHNICAL_METRICS,Sasha_v40/Sasha_v40_022.png,2160,3840,5.756,608.541,109.412,60.299,0.138,0.005,148.0,5136828,70.61,73.36,503,ok,,Sasha_v40,Sasha_v40/Sasha_v40_022.png,Sasha_v40_022.png,work/frames_raw/Sasha_v40/Sasha_v40_022.png,2160,3840,8294400,0.5625,5.756,608.541,109.412,PASS
23,2,2.0,2.0,82.76,86.21,4,STEP2_TECHNICAL_METRICS,Sasha_v40/Sasha_v40_023.png,2160,3840,6.578,675.047,107.111,60.994,0.141,0.006,153.0,5117155,75.81,76.91,409,ok,,Sasha_v40,Sasha_v40/Sasha_v40_023.png,Sasha_v40_023.png,work/frames_raw/Sasha_v40/Sasha_v40_023.png,2160,3840,8294400,0.5625,6.578,675.047,107.111,PASS
24,2,2.0,2.0,6.9,17.24,28,STEP2_TECHNICAL_METRICS,Sasha_v40/Sasha_v40_024.png,2160,3840,5.69,601.017,104.712,59.115,0.147,0.005,145.0,4957198,70.13,72.51,516,ok,,Sasha_v40,Sasha_v40/Sasha_v40_024.png,Sasha_v40_024.png,work/frames_raw/Sasha_v40/Sasha_v40_024.png,2160,3840,8294400,0.5625,5.69,601.017,104.712,PASS
25,2,2.0,2.0,37.93,58.62,16,STEP2_TECHNICAL_METRICS,Sasha_v40/Sasha_v40_025.png,2160,3840,5.96,628.744,100.196,56.894,0.15,0.006,143.0,5255507,72.04,74.89,474,ok,,Sasha_v40,Sasha_v40/Sasha_v40_025.png,Sasha_v40_025.png,work/frames_raw/Sasha_v40/Sasha_v40_025.png,2160,3840,8294400,0.5625,5.96,628.744,100.196,PASS
26,2,2.0,2.0,10.34,51.72,21,STEP2_TECHNICAL_METRICS,Sasha_v40/Sasha_v40_026.png,2160,3840,5.701,620.937,101.115,56.576,0.143,0.004,142.0,4876242,70.19,74.26,498,ok,,Sasha_v40,Sasha_v40/Sasha_v40_026.png,Sasha_v40_026.png,work/frames_raw/Sasha_v40/Sasha_v40_026.png,2160,3840,8294400,0.5625,5.701,620.937,101.115,PASS
27,2,2.0,2.0,89.66,68.97,9,STEP2_TECHNICAL_METRICS,Sasha_v40/Sasha_v40_027.png,2160,3840,6.612,659.5,103.014,59.12,0.15,0.005,148.0,5103990,76.11,76.17,416,ok,,Sasha_v40,Sasha_v40/Sasha_v40_027.png,Sasha_v40_027.png,work/frames_raw/Sasha_v40/Sasha_v40_027.png,2160,3840,8294400,0.5625,6.612,659.5,103.014,PASS
28,2,2.0,2.0,13.79,27.59,25,STEP2_TECHNICAL_METRICS,Sasha_v40/Sasha_v40_028.png,2160,3840,5.739,603.551,103.404,57.732,0.133,0.004,146.0,4823478,70.49,72.88,507,ok,,Sasha_v40,Sasha_v40/Sasha_v40_028.png,Sasha_v40_028.png,work/frames_raw/Sasha_v40/Sasha_v40_028.png,2160,3840,8294400,0.5625,5.739,603.551,103.404,PASS
29,2,2.0,2.0,79.31,62.07,10,STEP2_TECHNICAL_METRICS,Sasha_v40/Sasha_v40_029.png,2160,3840,6.527,646.411,103.558,57.397,0.139,0.004,146.0,5416849,75.45,75.79,432,ok,,Sasha_v40,Sasha_v40/Sasha_v40_029.png,Sasha_v40_029.png,work/frames_raw/Sasha_v40/Sasha_v40_029.png,2160,3840,8294400,0.5625,6.527,646.411,103.558,PASS
30,2,2.0,2.0,58.62,65.52,12,STEP2_TECHNICAL_METRICS,Sasha_v40/Sasha_v40_030.png,2160,3840,6.202,656.222,108.244,58.585,0.126,0.002,148.0,5085647,73.3,76.11,446,ok,,Sasha_v40,Sasha_v40/Sasha_v40_030.png,Sasha_v40_030.png,work/frames_raw/Sasha_v40/Sasha_v40_030.png,2160,3840,8294400,0.5625,6.202,656.222,108.244,PASS
1,2,2.0,2.0,94.44,88.89,2,STEP2_TECHNICAL_METRICS,Sasha_v41/Sasha_v41_001.png,2160,3840,6.707,1047.612,159.035,60.64,0.026,0.065,172.0,5691805,76.7,83.69,351,ok,,Sasha_v41,Sasha_v41/Sasha_v41_001.png,Sasha_v41_001.png,work/frames_raw/Sasha_v41/Sasha_v41_001.png,2160,3840,8294400,0.5625,6.707,1047.612,159.035,PASS
2,2,2.0,2.0,100.0,94.44,1,STEP2_TECHNICAL_METRICS,Sasha_v41/Sasha_v41_002.png,2160,3840,6.721,1083.154,156.784,58.813,0.025,0.056,165.0,6689352,76.76,84.27,340,ok,,Sasha_v41,Sasha_v41/Sasha_v41_002.png,Sasha_v41_002.png,work/frames_raw/Sasha_v41/Sasha_v41_002.png,2160,3840,8294400,0.5625,6.721,1083.154,156.784,PASS
3,2,2.0,2.0,16.67,44.44,13,STEP2_TECHNICAL_METRICS,Sasha_v41/Sasha_v41_003.png,2160,3840,4.985,767.417,149.832,63.448,0.071,0.058,175.0,4916132,64.4,79.29,506,ok,,Sasha_v41,Sasha_v41/Sasha_v41_003.png,Sasha_v41_003.png,work/frames_raw/Sasha_v41/Sasha_v41_003.png,2160,3840,8294400,0.5625,4.985,767.417,149.832,PASS
4,2,2.0,2.0,72.22,100.0,3,STEP2_TECHNICAL_METRICS,Sasha_v41/Sasha_v41_004.png,2160,3840,6.187,1270.899,158.091,77.712,0.096,0.245,208.0,4739246,73.06,86.49,358,ok,,Sasha_v41,Sasha_v41/Sasha_v41_004.png,Sasha_v41_004.png,work/frames_raw/Sasha_v41/Sasha_v41_004.png,2160,3840,8294400,0.5625,6.187,1270.899,158.091,PASS
5,2,2.0,2.0,77.78,72.22,6,STEP2_TECHNICAL_METRICS,Sasha_v41/Sasha_v41_005.png,2160,3840,6.28,851.662,156.313,72.593,0.075,0.162,196.0,4834909,74.01,80.99,394,ok,,Sasha_v41,Sasha_v41/Sasha_v41_005.png,Sasha_v41_005.png,work/frames_raw/Sasha_v41/Sasha_v41_005.png,2160,3840,8294400,0.5625,6.28,851.662,156.313,PASS
6,2,2.0,2.0,61.11,50.0,9,STEP2_TECHNICAL_METRICS,Sasha_v41/Sasha_v41_006.png,2160,3840,5.78,770.114,152.331,70.474,0.075,0.122,192.0,4672222,70.73,79.34,438,ok,,Sasha_v41,Sasha_v41/Sasha_v41_006.png,Sasha_v41_006.png,work/frames_raw/Sasha_v41/Sasha_v41_006.png,2160,3840,8294400,0.5625,5.78,770.114,152.331,PASS
7,2,2.0,2.0,44.44,61.11,10,STEP2_TECHNICAL_METRICS,Sasha_v41/Sasha_v41_007.png,2160,3840,5.55,821.844,143.799,64.919,0.084,0.048,182.0,4159066,69.12,80.51,443,ok,,Sasha_v41,Sasha_v41/Sasha_v41_007.png,Sasha_v41_007.png,work/frames_raw/Sasha_v41/Sasha_v41_007.png,2160,3840,8294400,0.5625,5.55,821.844,143.799,PASS
8,2,2.0,2.0,5.56,5.56,18,STEP2_TECHNICAL_METRICS,Sasha_v41/Sasha_v41_008.png,2160,3840,3.908,450.55,147.806,70.614,0.081,0.126,196.0,4112000,48.69,62.76,811,ok,,Sasha_v41,Sasha_v41/Sasha_v41_008.png,Sasha_v41_008.png,work/frames_raw/Sasha_v41/Sasha_v41_008.png,2160,3840,8294400,0.5625,3.908,450.55,147.806,PASS
9,2,2.0,2.0,66.67,66.67,7,STEP2_TECHNICAL_METRICS,Sasha_v41/Sasha_v41_009.png,2160,3840,5.949,833.481,138.817,65.156,0.072,0.068,181.0,4969830,71.92,80.67,410,ok,,Sasha_v41,Sasha_v41/Sasha_v41_009.png,Sasha_v41_009.png,work/frames_raw/Sasha_v41/Sasha_v41_009.png,2160,3840,8294400,0.5625,5.949,833.481,138.817,PASS
10,2,2.0,2.0,33.33,38.89,12,STEP2_TECHNICAL_METRICS,Sasha_v41/Sasha_v41_010.png,2160,3840,5.252,763.562,153.77,66.182,0.073,0.07,181.0,4801496,67.03,79.13,481,ok,,Sasha_v41,Sasha_v41/Sasha_v41_010.png,Sasha_v41_010.png,work/frames_raw/Sasha_v41/Sasha_v41_010.png,2160,3840,8294400,0.5625,5.252,763.562,153.77,PASS
11,2,2.0,2.0,83.33,83.33,5,STEP2_TECHNICAL_METRICS,Sasha_v41/Sasha_v41_011.png,2160,3840,6.47,956.952,149.774,69.483,0.093,0.077,191.0,5180044,74.97,82.63,376,ok,,Sasha_v41,Sasha_v41/Sasha_v41_011.png,Sasha_v41_011.png,work/frames_raw/Sasha_v41/Sasha_v41_011.png,2160,3840,8294400,0.5625,6.47,956.952,149.774,PASS
12,2,2.0,2.0,27.78,27.78,15,STEP2_TECHNICAL_METRICS,Sasha_v41/Sasha_v41_012.png,2160,3840,5.23,675.546,147.521,68.948,0.083,0.13,199.0,4507067,66.79,76.96,505,ok,,Sasha_v41,Sasha_v41/Sasha_v41_012.png,Sasha_v41_012.png,work/frames_raw/Sasha_v41/Sasha_v41_012.png,2160,3840,8294400,0.5625,5.23,675.546,147.521,PASS
13,2,2.0,2.0,22.22,16.67,16,STEP2_TECHNICAL_METRICS,Sasha_v41/Sasha_v41_013.png,2160,3840,5.208,614.582,148.661,75.105,0.069,0.17,200.0,4553086,66.61,73.94,532,ok,,Sasha_v41,Sasha_v41/Sasha_v41_013.png,Sasha_v41_013.png,work/frames_raw/Sasha_v41/Sasha_v41_013.png,2160,3840,8294400,0.5625,5.208,614.582,148.661,PASS
14,2,2.0,2.0,11.11,11.11,17,STEP2_TECHNICAL_METRICS,Sasha_v41/Sasha_v41_014.png,2160,3840,4.251,452.906,150.941,65.287,0.081,0.061,182.0,4466428,54.84,62.87,742,ok,,Sasha_v41,Sasha_v41/Sasha_v41_014.png,Sasha_v41_014.png,work/frames_raw/Sasha_v41/Sasha_v41_014.png,2160,3840,8294400,0.5625,4.251,452.906,150.941,PASS
15,2,2.0,2.0,55.56,55.56,8,STEP2_TECHNICAL_METRICS,Sasha_v41/Sasha_v41_015.png,2160,3840,5.702,784.187,160.727,70.885,0.092,0.146,201.0,4971695,70.25,79.61,441,ok,,Sasha_v41,Sasha_v41/Sasha_v41_015.png,Sasha_v41_015.png,work/frames_raw/Sasha_v41/Sasha_v41_015.png,2160,3840,8294400,0.5625,5.702,784.187,160.727,PASS
16,2,2.0,2.0,88.89,77.78,4,STEP2_TECHNICAL_METRICS,Sasha_v41/Sasha_v41_016.png,2160,3840,6.487,936.13,166.854,72.665,0.087,0.206,203.0,4693951,75.03,82.2,379,ok,,Sasha_v41,Sasha_v41/Sasha_v41_016.png,Sasha_v41_016.png,work/frames_raw/Sasha_v41/Sasha_v41_016.png,2160,3840,8294400,0.5625,6.487,936.13,166.854,PASS
17,2,2.0,2.0,50.0,33.33,11,STEP2_TECHNICAL_METRICS,Sasha_v41/Sasha_v41_017.png,2160,3840,5.664,699.834,149.807,65.767,0.081,0.115,198.0,4211507,69.83,77.86,461,ok,,Sasha_v41,Sasha_v41/Sasha_v41_017.png,Sasha_v41_017.png,work/frames_raw/Sasha_v41/Sasha_v41_017.png,2160,3840,8294400,0.5625,5.664,699.834,149.807,PASS
18,2,2.0,2.0,0.0,0.0,19,STEP2_TECHNICAL_METRICS,Sasha_v41/Sasha_v41_018.png,2160,3840,3.618,300.737,148.019,64.415,0.076,0.087,187.0,4225097,43.01,48.52,1014,ok,,Sasha_v41,Sasha_v41/Sasha_v41_018.png,Sasha_v41_018.png,work/frames_raw/Sasha_v41/Sasha_v41_018.png,2160,3840,8294400,0.5625,3.618,300.737,148.019,PASS
19,2,2.0,2.0,38.89,22.22,14,STEP2_TECHNICAL_METRICS,Sasha_v41/Sasha_v41_019.png,2160,3840,5.286,632.201,149.395,67.775,0.091,0.108,195.0,4478345,67.32,75.05,519,ok,,Sasha_v41,Sasha_v41/Sasha_v41_019.png,Sasha_v41_019.png,work/frames_raw/Sasha_v41/Sasha_v41_019.png,2160,3840,8294400,0.5625,5.286,632.201,149.395,PASS
1,2,2.0,2.0,42.11,10.53,15,STEP2_TECHNICAL_METRICS,Sasha_v42/Sasha_v42_001.png,2160,2896,3.948,383.214,112.848,76.292,0.237,0.008,210.0,3095794,49.4,56.83,866,ok,,Sasha_v42,Sasha_v42/Sasha_v42_001.png,Sasha_v42_001.png,work/frames_raw/Sasha_v42/Sasha_v42_001.png,2160,2896,6255360,0.745856,3.948,383.214,112.848,PASS
2,2,2.0,2.0,84.21,21.05,10,STEP2_TECHNICAL_METRICS,Sasha_v42/Sasha_v42_002.png,2160,2896,4.52,414.711,114.552,77.041,0.236,0.014,212.0,3541093,59.32,60.28,719,ok,,Sasha_v42,Sasha_v42/Sasha_v42_002.png,Sasha_v42_002.png,work/frames_raw/Sasha_v42/Sasha_v42_002.png,2160,2896,6255360,0.745856,4.52,414.711,114.552,PASS
3,2,2.0,2.0,89.47,15.79,11,STEP2_TECHNICAL_METRICS,Sasha_v42/Sasha_v42_003.png,2160,2896,4.545,412.084,119.44,79.441,0.236,0.018,217.0,3604471,59.74,59.64,722,ok,,Sasha_v42,Sasha_v42/Sasha_v42_003.png,Sasha_v42_003.png,work/frames_raw/Sasha_v42/Sasha_v42_003.png,2160,2896,6255360,0.745856,4.545,412.084,119.44,PASS
4,2,2.0,2.0,31.58,5.26,19,STEP2_TECHNICAL_METRICS,Sasha_v42/Sasha_v42_004.png,2160,2896,3.738,370.485,116.424,77.608,0.236,0.007,212.0,3079127,45.76,56.14,921,ok,,Sasha_v42,Sasha_v42/Sasha_v42_004.png,Sasha_v42_004.png,work/frames_raw/Sasha_v42/Sasha_v42_004.png,2160,2896,6255360,0.745856,3.738,370.485,116.424,PASS
5,2,2.0,2.0,5.26,0.0,20,STEP2_TECHNICAL_METRICS,Sasha_v42/Sasha_v42_005.png,2160,2896,3.474,341.457,108.986,77.193,0.236,0.037,216.0,3028160,40.56,53.5,992,ok,,Sasha_v42,Sasha_v42/Sasha_v42_005.png,Sasha_v42_005.png,work/frames_raw/Sasha_v42/Sasha_v42_005.png,2160,2896,6255360,0.745856,3.474,341.457,108.986,PASS
6,2,2.0,2.0,57.89,31.58,13,STEP2_TECHNICAL_METRICS,Sasha_v42/Sasha_v42_006.png,2160,2896,4.285,442.018,108.136,73.987,0.234,0.02,206.0,3470895,55.38,62.34,741,ok,,Sasha_v42,Sasha_v42/Sasha_v42_006.png,Sasha_v42_006.png,work/frames_raw/Sasha_v42/Sasha_v42_006.png,2160,2896,6255360,0.745856,4.285,442.018,108.136,PASS
7,2,2.0,2.0,100.0,63.16,3,STEP2_TECHNICAL_METRICS,Sasha_v42/Sasha_v42_007.png,2160,2896,4.965,475.036,108.038,73.537,0.233,0.019,203.0,3880092,64.16,64.3,631,ok,,Sasha_v42,Sasha_v42/Sasha_v42_007.png,Sasha_v42_007.png,work/frames_raw/Sasha_v42/Sasha_v42_007.png,2160,2896,6255360,0.745856,4.965,475.036,108.038,PASS
8,2,2.0,2.0,78.95,47.37,7,STEP2_TECHNICAL_METRICS,Sasha_v42/Sasha_v42_008.png,2160,2896,4.502,458.426,109.502,74.36,0.236,0.024,205.0,3681499,59.08,63.4,691,ok,,Sasha_v42,Sasha_v42/Sasha_v42_008.png,Sasha_v42_008.png,work/frames_raw/Sasha_v42/Sasha_v42_008.png,2160,2896,6255360,0.745856,4.502,458.426,109.502,PASS
9,2,2.0,2.0,94.74,57.89,4,STEP2_TECHNICAL_METRICS,Sasha_v42/Sasha_v42_009.png,2160,2896,4.697,470.16,107.012,73.659,0.236,0.02,203.0,3776752,61.23,63.93,669,ok,,Sasha_v42,Sasha_v42/Sasha_v42_009.png,Sasha_v42_009.png,work/frames_raw/Sasha_v42/Sasha_v42_009.png,2160,2896,6255360,0.745856,4.697,470.16,107.012,PASS
10,2,2.0,2.0,52.63,68.42,8,STEP2_TECHNICAL_METRICS,Sasha_v42/Sasha_v42_010.png,2160,2896,4.124,475.301,110.135,75.752,0.238,0.031,213.0,3180247,52.39,64.35,756,ok,,Sasha_v42,Sasha_v42/Sasha_v42_010.png,Sasha_v42_010.png,work/frames_raw/Sasha_v42/Sasha_v42_010.png,2160,2896,6255360,0.745856,4.124,475.301,110.135,PASS
11,2,2.0,2.0,26.32,26.32,16,STEP2_TECHNICAL_METRICS,Sasha_v42/Sasha_v42_011.png,2160,2896,3.71,427.231,105.063,72.026,0.248,0.011,195.0,2780779,44.98,61.07,868,ok,,Sasha_v42,Sasha_v42/Sasha_v42_011.png,Sasha_v42_011.png,work/frames_raw/Sasha_v42/Sasha_v42_011.png,2160,2896,6255360,0.745856,3.71,427.231,105.063,PASS
12,2,2.0,2.0,36.84,78.95,9,STEP2_TECHNICAL_METRICS,Sasha_v42/Sasha_v42_012.png,2160,2896,3.875,486.338,114.56,76.519,0.243,0.027,209.0,2812894,48.03,65.15,793,ok,,Sasha_v42,Sasha_v42/Sasha_v42_012.png,Sasha_v42_012.png,work/frames_raw/Sasha_v42/Sasha_v42_012.png,2160,2896,6255360,0.745856,3.875,486.338,114.56,PASS
13,2,2.0,2.0,15.79,52.63,14,STEP2_TECHNICAL_METRICS,Sasha_v42/Sasha_v42_013.png,2160,2896,3.644,465.868,114.169,76.581,0.248,0.029,206.0,2710854,43.61,63.82,847,ok,,Sasha_v42,Sasha_v42/Sasha_v42_013.png,Sasha_v42_013.png,work/frames_raw/Sasha_v42/Sasha_v42_013.png,2160,2896,6255360,0.745856,3.644,465.868,114.169,PASS
14,2,2.0,2.0,21.05,73.68,12,STEP2_TECHNICAL_METRICS,Sasha_v42/Sasha_v42_014.png,2160,2896,3.66,483.803,116.069,77.852,0.249,0.031,209.0,2689515,44.03,64.78,835,ok,,Sasha_v42,Sasha_v42/Sasha_v42_014.png,Sasha_v42_014.png,work/frames_raw/Sasha_v42/Sasha_v42_014.png,2160,2896,6255360,0.745856,3.66,483.803,116.069,PASS
15,2,2.0,2.0,10.53,36.84,17,STEP2_TECHNICAL_METRICS,Sasha_v42/Sasha_v42_015.png,2160,2896,3.524,453.868,118.489,79.268,0.249,0.048,215.0,2485597,41.28,63.03,892,ok,,Sasha_v42,Sasha_v42/Sasha_v42_015.png,Sasha_v42_015.png,work/frames_raw/Sasha_v42/Sasha_v42_015.png,2160,2896,6255360,0.745856,3.524,453.868,118.489,PASS
16,2,2.0,2.0,0.0,42.11,18,STEP2_TECHNICAL_METRICS,Sasha_v42/Sasha_v42_016.png,2160,2896,3.291,453.882,119.379,76.396,0.238,0.025,205.0,2015891,38.05,63.08,927,ok,,Sasha_v42,Sasha_v42/Sasha_v42_016.png,Sasha_v42_016.png,work/frames_raw/Sasha_v42/Sasha_v42_016.png,2160,2896,6255360,0.745856,3.291,453.882,119.379,PASS
17,2,2.0,2.0,47.37,84.21,6,STEP2_TECHNICAL_METRICS,Sasha_v42/Sasha_v42_017.png,2160,2896,3.95,548.622,124.515,82.644,0.246,0.073,227.0,2497559,49.46,69.17,730,ok,,Sasha_v42,Sasha_v42/Sasha_v42_017.png,Sasha_v42_017.png,work/frames_raw/Sasha_v42/Sasha_v42_017.png,2160,2896,6255360,0.745856,3.95,548.622,124.515,PASS
18,2,2.0,2.0,68.42,100.0,1,STEP2_TECHNICAL_METRICS,Sasha_v42/Sasha_v42_018.png,2160,2896,4.357,573.512,116.379,77.725,0.252,0.032,208.0,3128683,56.87,70.6,646,ok,,Sasha_v42,Sasha_v42/Sasha_v42_018.png,Sasha_v42_018.png,work/frames_raw/Sasha_v42/Sasha_v42_018.png,2160,2896,6255360,0.745856,4.357,573.512,116.379,PASS
19,2,2.0,2.0,63.16,89.47,5,STEP2_TECHNICAL_METRICS,Sasha_v42/Sasha_v42_019.png,2160,2896,4.333,567.719,119.424,79.379,0.25,0.042,214.0,2841094,56.51,70.23,652,ok,,Sasha_v42,Sasha_v42/Sasha_v42_019.png,Sasha_v42_019.png,work/frames_raw/Sasha_v42/Sasha_v42_019.png,2160,2896,6255360,0.745856,4.333,567.719,119.424,PASS
20,2,2.0,2.0,73.68,94.74,2,STEP2_TECHNICAL_METRICS,Sasha_v42/Sasha_v42_020.png,2160,2896,4.402,570.308,117.796,77.953,0.246,0.028,209.0,3035807,57.29,70.34,642,ok,,Sasha_v42,Sasha_v42/Sasha_v42_020.png,Sasha_v42_020.png,work/frames_raw/Sasha_v42/Sasha_v42_020.png,2160,2896,6255360,0.745856,4.402,570.308,117.796,PASS
1,2,2.0,2.0,9.52,71.43,13,STEP2_TECHNICAL_METRICS,Sasha_v44/Sasha_v44_001.png,2160,3840,3.215,199.359,133.958,56.049,0.029,0.073,154.0,3353620,36.74,34.11,1203,ok,,Sasha_v44,Sasha_v44/Sasha_v44_001.png,Sasha_v44_001.png,work/frames_raw/Sasha_v44/Sasha_v44_001.png,2160,3840,8294400,0.5625,3.215,199.359,133.958,PASS
2,2,2.0,2.0,66.67,85.71,5,STEP2_TECHNICAL_METRICS,Sasha_v44/Sasha_v44_002.png,2160,3840,3.678,207.14,134.212,58.155,0.039,0.078,158.0,3836552,44.5,35.91,1109,ok,,Sasha_v44,Sasha_v44/Sasha_v44_002.png,Sasha_v44_002.png,work/frames_raw/Sasha_v44/Sasha_v44_002.png,2160,3840,8294400,0.5625,3.678,207.14,134.212,PASS
3,2,2.0,2.0,100.0,100.0,1,STEP2_TECHNICAL_METRICS,Sasha_v44/Sasha_v44_003.png,2160,3840,4.177,235.041,132.567,58.04,0.038,0.071,157.0,4076755,53.64,39.67,996,ok,,Sasha_v44,Sasha_v44/Sasha_v44_003.png,Sasha_v44_003.png,work/frames_raw/Sasha_v44/Sasha_v44_003.png,2160,3840,8294400,0.5625,4.177,235.041,132.567,PASS
4,2,2.0,2.0,95.24,95.24,2,STEP2_TECHNICAL_METRICS,Sasha_v44/Sasha_v44_004.png,2160,3840,4.054,215.2,133.446,57.3,0.036,0.064,155.0,4277344,51.08,37.45,1035,ok,,Sasha_v44,Sasha_v44/Sasha_v44_004.png,Sasha_v44_004.png,work/frames_raw/Sasha_v44/Sasha_v44_004.png,2160,3840,8294400,0.5625,4.054,215.2,133.446,PASS
5,2,2.0,2.0,80.95,61.9,7,STEP2_TECHNICAL_METRICS,Sasha_v44/Sasha_v44_005.png,2160,3840,3.8,197.536,133.883,56.416,0.029,0.062,154.0,4100299,46.71,33.26,1113,ok,,Sasha_v44,Sasha_v44/Sasha_v44_005.png,Sasha_v44_005.png,work/frames_raw/Sasha_v44/Sasha_v44_005.png,2160,3840,8294400,0.5625,3.8,197.536,133.883,PASS
6,2,2.0,2.0,57.14,52.38,10,STEP2_TECHNICAL_METRICS,Sasha_v44/Sasha_v44_006.png,2160,3840,3.591,191.547,132.625,57.315,0.036,0.064,156.0,3891740,42.65,32.04,1155,ok,,Sasha_v44,Sasha_v44/Sasha_v44_006.png,Sasha_v44_006.png,work/frames_raw/Sasha_v44/Sasha_v44_006.png,2160,3840,8294400,0.5625,3.591,191.547,132.625,PASS
7,2,2.0,2.0,90.48,80.95,4,STEP2_TECHNICAL_METRICS,Sasha_v44/Sasha_v44_007.png,2160,3840,3.934,205.962,131.86,57.275,0.037,0.054,151.0,3953413,49.16,35.59,1075,ok,,Sasha_v44,Sasha_v44/Sasha_v44_007.png,Sasha_v44_007.png,work/frames_raw/Sasha_v44/Sasha_v44_007.png,2160,3840,8294400,0.5625,3.934,205.962,131.86,PASS
8,2,2.0,2.0,42.86,33.33,14,STEP2_TECHNICAL_METRICS,Sasha_v44/Sasha_v44_008.png,2160,3840,3.511,180.442,135.504,57.269,0.033,0.062,154.0,4241996,41.04,29.24,1212,ok,,Sasha_v44,Sasha_v44/Sasha_v44_008.png,Sasha_v44_008.png,work/frames_raw/Sasha_v44/Sasha_v44_008.png,2160,3840,8294400,0.5625,3.511,180.442,135.504,PASS
9,2,2.0,2.0,76.19,57.14,8,STEP2_TECHNICAL_METRICS,Sasha_v44/Sasha_v44_009.png,2160,3840,3.79,196.316,132.384,56.335,0.034,0.055,152.0,3831360,46.59,32.94,1118,ok,,Sasha_v44,Sasha_v44/Sasha_v44_009.png,Sasha_v44_009.png,work/frames_raw/Sasha_v44/Sasha_v44_009.png,2160,3840,8294400,0.5625,3.79,196.316,132.384,PASS
10,2,2.0,2.0,52.38,42.86,11,STEP2_TECHNICAL_METRICS,Sasha_v44/Sasha_v44_010.png,2160,3840,3.564,185.553,138.616,59.848,0.035,0.08,161.0,3705769,42.23,30.46,1180,ok,,Sasha_v44,Sasha_v44/Sasha_v44_010.png,Sasha_v44_010.png,work/frames_raw/Sasha_v44/Sasha_v44_010.png,2160,3840,8294400,0.5625,3.564,185.553,138.616,PASS
11,2,2.0,2.0,71.43,76.19,6,STEP2_TECHNICAL_METRICS,Sasha_v44/Sasha_v44_011.png,2160,3840,3.761,202.825,136.406,57.257,0.03,0.052,155.0,3887598,46.12,35.12,1103,ok,,Sasha_v44,Sasha_v44/Sasha_v44_011.png,Sasha_v44_011.png,work/frames_raw/Sasha_v44/Sasha_v44_011.png,2160,3840,8294400,0.5625,3.761,202.825,136.406,PASS
12,2,2.0,2.0,85.71,90.48,3,STEP2_TECHNICAL_METRICS,Sasha_v44/Sasha_v44_012.png,2160,3840,3.872,214.688,134.001,59.126,0.042,0.062,157.0,4076012,47.91,37.34,1066,ok,,Sasha_v44,Sasha_v44/Sasha_v44_012.png,Sasha_v44_012.png,work/frames_raw/Sasha_v44/Sasha_v44_012.png,2160,3840,8294400,0.5625,3.872,214.688,134.001,PASS
13,2,2.0,2.0,33.33,28.57,17,STEP2_TECHNICAL_METRICS,Sasha_v44/Sasha_v44_013.png,2160,3840,3.434,174.886,137.405,58.984,0.038,0.068,155.0,3951986,39.9,27.75,1237,ok,,Sasha_v44,Sasha_v44/Sasha_v44_013.png,Sasha_v44_013.png,work/frames_raw/Sasha_v44/Sasha_v44_013.png,2160,3840,8294400,0.5625,3.434,174.886,137.405,PASS
14,2,2.0,2.0,61.9,66.67,9,STEP2_TECHNICAL_METRICS,Sasha_v44/Sasha_v44_014.png,2160,3840,3.643,198.664,137.149,58.412,0.03,0.052,155.0,3828927,43.55,33.85,1138,ok,,Sasha_v44,Sasha_v44/Sasha_v44_014.png,Sasha_v44_014.png,work/frames_raw/Sasha_v44/Sasha_v44_014.png,2160,3840,8294400,0.5625,3.643,198.664,137.149,PASS
15,2,2.0,2.0,23.81,9.52,19,STEP2_TECHNICAL_METRICS,Sasha_v44/Sasha_v44_015.png,2160,3840,3.276,162.38,133.526,59.861,0.04,0.051,159.0,3552900,37.81,25.16,1291,ok,,Sasha_v44,Sasha_v44/Sasha_v44_015.png,Sasha_v44_015.png,work/frames_raw/Sasha_v44/Sasha_v44_015.png,2160,3840,8294400,0.5625,3.276,162.38,133.526,PASS
16,2,2.0,2.0,47.62,47.62,12,STEP2_TECHNICAL_METRICS,Sasha_v44/Sasha_v44_016.png,2160,3840,3.534,188.996,134.815,58.5,0.041,0.073,158.0,4045638,41.58,31.14,1179,ok,,Sasha_v44,Sasha_v44/Sasha_v44_016.png,Sasha_v44_016.png,work/frames_raw/Sasha_v44/Sasha_v44_016.png,2160,3840,8294400,0.5625,3.534,188.996,134.815,PASS
17,2,2.0,2.0,19.05,19.05,18,STEP2_TECHNICAL_METRICS,Sasha_v44/Sasha_v44_017.png,2160,3840,3.227,170.489,140.528,57.849,0.02,0.07,155.0,3399270,36.92,26.75,1286,ok,,Sasha_v44,Sasha_v44/Sasha_v44_017.png,Sasha_v44_017.png,work/frames_raw/Sasha_v44/Sasha_v44_017.png,2160,3840,8294400,0.5625,3.227,170.489,140.528,PASS
18,2,2.0,2.0,28.57,38.1,15,STEP2_TECHNICAL_METRICS,Sasha_v44/Sasha_v44_018.png,2160,3840,3.414,180.904,138.693,58.31,0.026,0.072,157.0,3927409,39.49,29.45,1226,ok,,Sasha_v44,Sasha_v44/Sasha_v44_018.png,Sasha_v44_018.png,work/frames_raw/Sasha_v44/Sasha_v44_018.png,2160,3840,8294400,0.5625,3.414,180.904,138.693,PASS
19,2,2.0,2.0,14.29,14.29,20,STEP2_TECHNICAL_METRICS,Sasha_v44/Sasha_v44_019.png,2160,3840,3.221,162.725,135.092,56.956,0.018,0.065,157.0,3616744,36.8,25.26,1302,ok,,Sasha_v44,Sasha_v44/Sasha_v44_019.png,Sasha_v44_019.png,work/frames_raw/Sasha_v44/Sasha_v44_019.png,2160,3840,8294400,0.5625,3.221,162.725,135.092,PASS
20,2,2.0,2.0,38.1,23.81,16,STEP2_TECHNICAL_METRICS,Sasha_v44/Sasha_v44_020.png,2160,3840,3.479,172.716,141.463,54.397,0.016,0.061,147.0,3966212,40.68,27.22,1234,ok,,Sasha_v44,Sasha_v44/Sasha_v44_020.png,Sasha_v44_020.png,work/frames_raw/Sasha_v44/Sasha_v44_020.png,2160,3840,8294400,0.5625,3.479,172.716,141.463,PASS
21,2,2.0,2.0,4.76,4.76,21,STEP2_TECHNICAL_METRICS,Sasha_v44/Sasha_v44_021.png,2160,3840,2.977,143.386,146.223,52.166,0.003,0.075,142.0,3863131,32.92,20.82,1378,ok,,Sasha_v44,Sasha_v44/Sasha_v44_021.png,Sasha_v44_021.png,work/frames_raw/Sasha_v44/Sasha_v44_021.png,2160,3840,8294400,0.5625,2.977,143.386,146.223,PASS
22,2,2.0,2.0,0.0,0.0,22,STEP2_TECHNICAL_METRICS,Sasha_v44/Sasha_v44_022.png,2160,3840,2.045,73.961,125.688,53.533,0.012,0.064,151.0,2593597,12.19,7.04,1728,ok,,Sasha_v44,Sasha_v44/Sasha_v44_022.png,Sasha_v44_022.png,work/frames_raw/Sasha_v44/Sasha_v44_022.png,2160,3840,8294400,0.5625,2.045,73.961,125.688,PASS
1,2,2.0,2.0,4.55,9.09,21,STEP2_TECHNICAL_METRICS,Sasha_v45/Sasha_v45_001.png,2160,3840,2.115,181.135,123.966,57.074,0.042,0.003,149.0,2509091,13.74,29.56,1476,ok,,Sasha_v45,Sasha_v45/Sasha_v45_001.png,Sasha_v45_001.png,work/frames_raw/Sasha_v45/Sasha_v45_001.png,2160,3840,8294400,0.5625,2.115,181.135,123.966,PASS
2,2,2.0,2.0,9.09,4.55,22,STEP2_TECHNICAL_METRICS,Sasha_v45/Sasha_v45_002.png,2160,3840,2.436,180.953,125.546,51.83,0.017,0.001,137.0,2964754,21.27,29.5,1406,ok,,Sasha_v45,Sasha_v45/Sasha_v45_002.png,Sasha_v45_002.png,work/frames_raw/Sasha_v45/Sasha_v45_002.png,2160,3840,8294400,0.5625,2.436,180.953,125.546,PASS
3,2,2.0,2.0,40.91,40.91,13,STEP2_TECHNICAL_METRICS,Sasha_v45/Sasha_v45_003.png,2160,3840,3.864,390.45,133.795,51.729,0.011,0.004,145.0,3484883,47.67,57.63,877,ok,,Sasha_v45,Sasha_v45/Sasha_v45_003.png,Sasha_v45_003.png,work/frames_raw/Sasha_v45/Sasha_v45_003.png,2160,3840,8294400,0.5625,3.864,390.45,133.795,PASS
4,2,2.0,2.0,22.73,36.36,16,STEP2_TECHNICAL_METRICS,Sasha_v45/Sasha_v45_004.png,2160,3840,3.713,388.512,140.067,59.27,0.026,0.019,159.0,3788155,45.04,57.47,914,ok,,Sasha_v45,Sasha_v45/Sasha_v45_004.png,Sasha_v45_004.png,work/frames_raw/Sasha_v45/Sasha_v45_004.png,2160,3840,8294400,0.5625,3.713,388.512,140.067,PASS
5,2,2.0,2.0,95.45,100.0,1,STEP2_TECHNICAL_METRICS,Sasha_v45/Sasha_v45_005.png,2160,3840,4.274,474.078,144.433,61.22,0.029,0.027,157.0,4118426,55.26,64.19,720,ok,,Sasha_v45,Sasha_v45/Sasha_v45_005.png,Sasha_v45_005.png,work/frames_raw/Sasha_v45/Sasha_v45_005.png,2160,3840,8294400,0.5625,4.274,474.078,144.433,PASS
6,2,2.0,2.0,45.45,31.82,14,STEP2_TECHNICAL_METRICS,Sasha_v45/Sasha_v45_006.png,2160,3840,3.874,356.587,149.081,59.78,0.023,0.033,155.0,3994079,47.97,55.24,906,ok,,Sasha_v45,Sasha_v45/Sasha_v45_006.png,Sasha_v45_006.png,work/frames_raw/Sasha_v45/Sasha_v45_006.png,2160,3840,8294400,0.5625,3.874,356.587,149.081,PASS
7,2,2.0,2.0,27.27,45.45,15,STEP2_TECHNICAL_METRICS,Sasha_v45/Sasha_v45_007.png,2160,3840,3.81,391.766,151.727,59.09,0.02,0.039,156.0,3948736,46.95,57.84,883,ok,,Sasha_v45,Sasha_v45/Sasha_v45_007.png,Sasha_v45_007.png,work/frames_raw/Sasha_v45/Sasha_v45_007.png,2160,3840,8294400,0.5625,3.81,391.766,151.727,PASS
8,2,2.0,2.0,86.36,90.91,3,STEP2_TECHNICAL_METRICS,Sasha_v45/Sasha_v45_008.png,2160,3840,4.155,443.865,145.653,61.893,0.022,0.035,159.0,4038711,52.93,62.45,771,ok,,Sasha_v45,Sasha_v45/Sasha_v45_008.png,Sasha_v45_008.png,work/frames_raw/Sasha_v45/Sasha_v45_008.png,2160,3840,8294400,0.5625,4.155,443.865,145.653,PASS
9,2,2.0,2.0,63.64,54.55,10,STEP2_TECHNICAL_METRICS,Sasha_v45/Sasha_v45_009.png,2160,3840,3.96,413.99,150.251,59.753,0.02,0.031,152.0,4153537,49.76,60.06,825,ok,,Sasha_v45,Sasha_v45/Sasha_v45_009.png,Sasha_v45_009.png,work/frames_raw/Sasha_v45/Sasha_v45_009.png,2160,3840,8294400,0.5625,3.96,413.99,150.251,PASS
10,2,2.0,2.0,90.91,86.36,4,STEP2_TECHNICAL_METRICS,Sasha_v45/Sasha_v45_010.png,2160,3840,4.199,437.617,150.939,59.659,0.021,0.034,153.0,4005127,54.0,61.92,765,ok,,Sasha_v45,Sasha_v45/Sasha_v45_010.png,Sasha_v45_010.png,work/frames_raw/Sasha_v45/Sasha_v45_010.png,2160,3840,8294400,0.5625,4.199,437.617,150.939,PASS
11,2,2.0,2.0,81.82,77.27,5,STEP2_TECHNICAL_METRICS,Sasha_v45/Sasha_v45_011.png,2160,3840,4.089,429.19,151.716,59.701,0.021,0.036,154.0,3961919,51.79,61.33,794,ok,,Sasha_v45,Sasha_v45/Sasha_v45_011.png,Sasha_v45_011.png,work/frames_raw/Sasha_v45/Sasha_v45_011.png,2160,3840,8294400,0.5625,4.089,429.19,151.716,PASS
12,2,2.0,2.0,77.27,81.82,6,STEP2_TECHNICAL_METRICS,Sasha_v45/Sasha_v45_012.png,2160,3840,4.087,429.685,149.599,60.682,0.021,0.038,157.0,4084516,51.67,61.44,795,ok,,Sasha_v45,Sasha_v45/Sasha_v45_012.png,Sasha_v45_012.png,work/frames_raw/Sasha_v45/Sasha_v45_012.png,2160,3840,8294400,0.5625,4.087,429.685,149.599,PASS
13,2,2.0,2.0,31.82,27.27,17,STEP2_TECHNICAL_METRICS,Sasha_v45/Sasha_v45_013.png,2160,3840,3.812,355.162,151.494,58.741,0.013,0.034,152.0,3927535,47.01,55.14,917,ok,,Sasha_v45,Sasha_v45/Sasha_v45_013.png,Sasha_v45_013.png,work/frames_raw/Sasha_v45/Sasha_v45_013.png,2160,3840,8294400,0.5625,3.812,355.162,151.494,PASS
14,2,2.0,2.0,59.09,50.0,11,STEP2_TECHNICAL_METRICS,Sasha_v45/Sasha_v45_014.png,2160,3840,3.906,403.9,147.755,60.281,0.021,0.038,156.0,3927622,48.63,59.0,845,ok,,Sasha_v45,Sasha_v45/Sasha_v45_014.png,Sasha_v45_014.png,work/frames_raw/Sasha_v45/Sasha_v45_014.png,2160,3840,8294400,0.5625,3.906,403.9,147.755,PASS
15,2,2.0,2.0,36.36,22.73,18,STEP2_TECHNICAL_METRICS,Sasha_v45/Sasha_v45_015.png,2160,3840,3.85,346.089,149.64,59.453,0.021,0.035,153.0,3929822,47.49,54.24,922,ok,,Sasha_v45,Sasha_v45/Sasha_v45_015.png,Sasha_v45_015.png,work/frames_raw/Sasha_v45/Sasha_v45_015.png,2160,3840,8294400,0.5625,3.85,346.089,149.64,PASS
16,2,2.0,2.0,68.18,68.18,8,STEP2_TECHNICAL_METRICS,Sasha_v45/Sasha_v45_016.png,2160,3840,4.015,418.284,147.352,61.324,0.025,0.037,159.0,4058078,50.48,60.54,814,ok,,Sasha_v45,Sasha_v45/Sasha_v45_016.png,Sasha_v45_016.png,work/frames_raw/Sasha_v45/Sasha_v45_016.png,2160,3840,8294400,0.5625,4.015,418.284,147.352,PASS
17,2,2.0,2.0,72.73,63.64,7,STEP2_TECHNICAL_METRICS,Sasha_v45/Sasha_v45_017.png,2160,3840,4.075,416.119,150.194,59.574,0.024,0.032,153.0,4111412,51.31,60.43,807,ok,,Sasha_v45,Sasha_v45/Sasha_v45_017.png,Sasha_v45_017.png,work/frames_raw/Sasha_v45/Sasha_v45_017.png,2160,3840,8294400,0.5625,4.075,416.119,150.194,PASS
18,2,2.0,2.0,100.0,95.45,2,STEP2_TECHNICAL_METRICS,Sasha_v45/Sasha_v45_018.png,2160,3840,4.33,461.641,151.763,58.487,0.025,0.033,152.0,3959121,56.39,63.45,716,ok,,Sasha_v45,Sasha_v45/Sasha_v45_018.png,Sasha_v45_018.png,work/frames_raw/Sasha_v45/Sasha_v45_018.png,2160,3840,8294400,0.5625,4.33,461.641,151.763,PASS
19,2,2.0,2.0,50.0,59.09,12,STEP2_TECHNICAL_METRICS,Sasha_v45/Sasha_v45_019.png,2160,3840,3.883,414.609,148.629,59.797,0.026,0.036,157.0,3672580,48.21,60.22,840,ok,,Sasha_v45,Sasha_v45/Sasha_v45_019.png,Sasha_v45_019.png,work/frames_raw/Sasha_v45/Sasha_v45_019.png,2160,3840,8294400,0.5625,3.883,414.609,148.629,PASS
20,2,2.0,2.0,54.55,72.73,9,STEP2_TECHNICAL_METRICS,Sasha_v45/Sasha_v45_020.png,2160,3840,3.903,422.707,138.94,64.004,0.025,0.031,161.0,3617623,48.57,60.81,827,ok,,Sasha_v45,Sasha_v45/Sasha_v45_020.png,Sasha_v45_020.png,work/frames_raw/Sasha_v45/Sasha_v45_020.png,2160,3840,8294400,0.5625,3.903,422.707,138.94,PASS
21,2,2.0,2.0,18.18,13.64,19,STEP2_TECHNICAL_METRICS,Sasha_v45/Sasha_v45_021.png,2160,3840,3.323,323.479,153.807,53.693,0.003,0.025,149.0,3544133,38.29,51.75,1025,ok,,Sasha_v45,Sasha_v45/Sasha_v45_021.png,Sasha_v45_021.png,work/frames_raw/Sasha_v45/Sasha_v45_021.png,2160,3840,8294400,0.5625,3.323,323.479,153.807,PASS
22,2,2.0,2.0,13.64,18.18,20,STEP2_TECHNICAL_METRICS,Sasha_v45/Sasha_v45_022.png,2160,3840,3.097,343.893,127.233,58.908,0.014,0.017,158.0,3115001,34.83,53.97,1033,ok,,Sasha_v45,Sasha_v45/Sasha_v45_022.png,Sasha_v45_022.png,work/frames_raw/Sasha_v45/Sasha_v45_022.png,2160,3840,8294400,0.5625,3.097,343.893,127.233,PASS
23,2,2.0,2.0,0.0,0.0,23,STEP2_TECHNICAL_METRICS,Sasha_v45/Sasha_v45_023.png,2160,3840,2.066,108.511,129.408,50.051,0.003,0.004,130.0,3068807,12.72,13.98,1634,ok,,Sasha_v45,Sasha_v45/Sasha_v45_023.png,Sasha_v45_023.png,work/frames_raw/Sasha_v45/Sasha_v45_023.png,2160,3840,8294400,0.5625,2.066,108.511,129.408,PASS
1,2,2.0,2.0,0.0,0.0,30,STEP2_TECHNICAL_METRICS,Sasha_v46/Sasha_v46_001.png,2160,3840,2.283,116.571,147.66,55.5,0.023,0.034,148.0,2684961,17.03,15.52,1584,ok,,Sasha_v46,Sasha_v46/Sasha_v46_001.png,Sasha_v46_001.png,work/frames_raw/Sasha_v46/Sasha_v46_001.png,2160,3840,8294400,0.5625,2.283,116.571,147.66,PASS
2,2,2.0,2.0,3.45,3.45,29,STEP2_TECHNICAL_METRICS,Sasha_v46/Sasha_v46_002.png,2160,3840,2.954,128.919,144.511,48.257,0.016,0.028,126.0,3339442,32.44,18.22,1407,ok,,Sasha_v46,Sasha_v46/Sasha_v46_002.png,Sasha_v46_002.png,work/frames_raw/Sasha_v46/Sasha_v46_002.png,2160,3840,8294400,0.5625,2.954,128.919,144.511,PASS
3,2,2.0,2.0,6.9,6.9,28,STEP2_TECHNICAL_METRICS,Sasha_v46/Sasha_v46_003.png,2160,3840,3.01,152.037,145.421,49.863,0.011,0.015,134.0,3240620,33.39,22.51,1361,ok,,Sasha_v46,Sasha_v46/Sasha_v46_003.png,Sasha_v46_003.png,work/frames_raw/Sasha_v46/Sasha_v46_003.png,2160,3840,8294400,0.5625,3.01,152.037,145.421,PASS
4,2,2.0,2.0,17.24,37.93,22,STEP2_TECHNICAL_METRICS,Sasha_v46/Sasha_v46_004.png,2160,3840,3.726,280.984,144.416,47.137,0.008,0.008,127.0,3599220,45.4,46.19,1013,ok,,Sasha_v46,Sasha_v46/Sasha_v46_004.png,Sasha_v46_004.png,work/frames_raw/Sasha_v46/Sasha_v46_004.png,2160,3840,8294400,0.5625,3.726,280.984,144.416,PASS
5,2,2.0,2.0,10.34,13.79,26,STEP2_TECHNICAL_METRICS,Sasha_v46/Sasha_v46_005.png,2160,3840,3.065,211.837,148.706,50.501,0.01,0.029,134.0,2864527,34.41,36.92,1195,ok,,Sasha_v46,Sasha_v46/Sasha_v46_005.png,Sasha_v46_005.png,work/frames_raw/Sasha_v46/Sasha_v46_005.png,2160,3840,8294400,0.5625,3.065,211.837,148.706,PASS
6,2,2.0,2.0,24.14,44.83,20,STEP2_TECHNICAL_METRICS,Sasha_v46/Sasha_v46_006.png,2160,3840,3.993,289.1,148.306,52.998,0.007,0.056,143.0,3803621,50.18,47.09,962,ok,,Sasha_v46,Sasha_v46/Sasha_v46_006.png,Sasha_v46_006.png,work/frames_raw/Sasha_v46/Sasha_v46_006.png,2160,3840,8294400,0.5625,3.993,289.1,148.306,PASS
7,2,2.0,2.0,20.69,24.14,25,STEP2_TECHNICAL_METRICS,Sasha_v46/Sasha_v46_007.png,2160,3840,3.867,275.127,141.046,49.087,0.006,0.019,131.0,3377392,47.79,45.23,999,ok,,Sasha_v46,Sasha_v46/Sasha_v46_007.png,Sasha_v46_007.png,work/frames_raw/Sasha_v46/Sasha_v46_007.png,2160,3840,8294400,0.5625,3.867,275.127,141.046,PASS
8,2,2.0,2.0,55.17,72.41,11,STEP2_TECHNICAL_METRICS,Sasha_v46/Sasha_v46_008.png,2160,3840,4.24,304.598,141.869,53.195,0.014,0.031,139.0,3822520,54.66,48.94,898,ok,,Sasha_v46,Sasha_v46/Sasha_v46_008.png,Sasha_v46_008.png,work/frames_raw/Sasha_v46/Sasha_v46_008.png,2160,3840,8294400,0.5625,4.24,304.598,141.869,PASS
9,2,2.0,2.0,75.86,86.21,7,STEP2_TECHNICAL_METRICS,Sasha_v46/Sasha_v46_009.png,2160,3840,4.469,326.567,141.72,51.047,0.027,0.022,133.0,3855258,58.48,52.17,818,ok,,Sasha_v46,Sasha_v46/Sasha_v46_009.png,Sasha_v46_009.png,work/frames_raw/Sasha_v46/Sasha_v46_009.png,2160,3840,8294400,0.5625,4.469,326.567,141.72,PASS
10,2,2.0,2.0,93.1,96.55,2,STEP2_TECHNICAL_METRICS,Sasha_v46/Sasha_v46_010.png,2160,3840,4.938,360.088,141.741,52.569,0.029,0.024,136.0,4209284,63.8,55.4,724,ok,,Sasha_v46,Sasha_v46/Sasha_v46_010.png,Sasha_v46_010.png,work/frames_raw/Sasha_v46/Sasha_v46_010.png,2160,3840,8294400,0.5625,4.938,360.088,141.741,PASS
11,2,2.0,2.0,100.0,100.0,1,STEP2_TECHNICAL_METRICS,Sasha_v46/Sasha_v46_011.png,2160,3840,5.305,376.908,139.933,54.431,0.038,0.024,141.0,4653822,67.44,56.51,677,ok,,Sasha_v46,Sasha_v46/Sasha_v46_011.png,Sasha_v46_011.png,work/frames_raw/Sasha_v46/Sasha_v46_011.png,2160,3840,8294400,0.5625,5.305,376.908,139.933,PASS
12,2,2.0,2.0,96.55,89.66,3,STEP2_TECHNICAL_METRICS,Sasha_v46/Sasha_v46_012.png,2160,3840,4.959,339.94,139.96,55.313,0.051,0.026,142.0,4271335,64.04,53.28,748,ok,,Sasha_v46,Sasha_v46/Sasha_v46_012.png,Sasha_v46_012.png,work/frames_raw/Sasha_v46/Sasha_v46_012.png,2160,3840,8294400,0.5625,4.959,339.94,139.96,PASS
13,2,2.0,2.0,89.66,82.76,5,STEP2_TECHNICAL_METRICS,Sasha_v46/Sasha_v46_013.png,2160,3840,4.749,322.051,137.793,56.06,0.054,0.031,147.0,4136729,61.83,51.64,787,ok,,Sasha_v46,Sasha_v46/Sasha_v46_013.png,Sasha_v46_013.png,work/frames_raw/Sasha_v46/Sasha_v46_013.png,2160,3840,8294400,0.5625,4.749,322.051,137.793,PASS
14,2,2.0,2.0,68.97,55.17,12,STEP2_TECHNICAL_METRICS,Sasha_v46/Sasha_v46_014.png,2160,3840,4.434,296.323,136.045,55.678,0.049,0.03,147.0,3965521,57.95,47.93,871,ok,,Sasha_v46,Sasha_v46/Sasha_v46_014.png,Sasha_v46_014.png,work/frames_raw/Sasha_v46/Sasha_v46_014.png,2160,3840,8294400,0.5625,4.434,296.323,136.045,PASS
15,2,2.0,2.0,72.41,75.86,8,STEP2_TECHNICAL_METRICS,Sasha_v46/Sasha_v46_015.png,2160,3840,4.457,305.721,136.064,53.775,0.048,0.017,138.0,3735568,58.3,49.26,846,ok,,Sasha_v46,Sasha_v46/Sasha_v46_015.png,Sasha_v46_015.png,work/frames_raw/Sasha_v46/Sasha_v46_015.png,2160,3840,8294400,0.5625,4.457,305.721,136.064,PASS
16,2,2.0,2.0,79.31,65.52,9,STEP2_TECHNICAL_METRICS,Sasha_v46/Sasha_v46_016.png,2160,3840,4.479,300.63,136.304,53.023,0.039,0.018,137.0,3843500,58.66,48.46,854,ok,,Sasha_v46,Sasha_v46/Sasha_v46_016.png,Sasha_v46_016.png,work/frames_raw/Sasha_v46/Sasha_v46_016.png,2160,3840,8294400,0.5625,4.479,300.63,136.304,PASS
17,2,2.0,2.0,82.76,93.1,4,STEP2_TECHNICAL_METRICS,Sasha_v46/Sasha_v46_017.png,2160,3840,4.483,353.483,143.206,53.601,0.033,0.027,139.0,3614768,58.78,55.03,782,ok,,Sasha_v46,Sasha_v46/Sasha_v46_017.png,Sasha_v46_017.png,work/frames_raw/Sasha_v46/Sasha_v46_017.png,2160,3840,8294400,0.5625,4.483,353.483,143.206,PASS
18,2,2.0,2.0,86.21,79.31,6,STEP2_TECHNICAL_METRICS,Sasha_v46/Sasha_v46_018.png,2160,3840,4.549,321.963,142.105,54.143,0.042,0.028,143.0,3698102,59.86,51.59,810,ok,,Sasha_v46,Sasha_v46/Sasha_v46_018.png,Sasha_v46_018.png,work/frames_raw/Sasha_v46/Sasha_v46_018.png,2160,3840,8294400,0.5625,4.549,321.963,142.105,PASS
19,2,2.0,2.0,41.38,41.38,18,STEP2_TECHNICAL_METRICS,Sasha_v46/Sasha_v46_019.png,2160,3840,4.168,285.682,136.627,54.073,0.037,0.025,144.0,3577206,53.35,46.66,938,ok,,Sasha_v46,Sasha_v46/Sasha_v46_019.png,Sasha_v46_019.png,work/frames_raw/Sasha_v46/Sasha_v46_019.png,2160,3840,8294400,0.5625,4.168,285.682,136.627,PASS
20,2,2.0,2.0,51.72,51.72,15,STEP2_TECHNICAL_METRICS,Sasha_v46/Sasha_v46_020.png,2160,3840,4.209,295.627,139.531,54.69,0.038,0.036,141.0,3485283,54.24,47.78,919,ok,,Sasha_v46,Sasha_v46/Sasha_v46_020.png,Sasha_v46_020.png,work/frames_raw/Sasha_v46/Sasha_v46_020.png,2160,3840,8294400,0.5625,4.209,295.627,139.531,PASS
21,2,2.0,2.0,58.62,58.62,13,STEP2_TECHNICAL_METRICS,Sasha_v46/Sasha_v46_021.png,2160,3840,4.266,299.045,135.795,53.666,0.033,0.014,139.0,3716089,55.02,48.09,907,ok,,Sasha_v46,Sasha_v46/Sasha_v46_021.png,Sasha_v46_021.png,work/frames_raw/Sasha_v46/Sasha_v46_021.png,2160,3840,8294400,0.5625,4.266,299.045,135.795,PASS
22,2,2.0,2.0,48.28,48.28,16,STEP2_TECHNICAL_METRICS,Sasha_v46/Sasha_v46_022.png,2160,3840,4.191,290.402,140.984,52.484,0.025,0.017,139.0,3496376,53.94,47.19,928,ok,,Sasha_v46,Sasha_v46/Sasha_v46_022.png,Sasha_v46_022.png,work/frames_raw/Sasha_v46/Sasha_v46_022.png,2160,3840,8294400,0.5625,4.191,290.402,140.984,PASS
23,2,2.0,2.0,34.48,17.24,23,STEP2_TECHNICAL_METRICS,Sasha_v46/Sasha_v46_023.png,2160,3840,4.13,260.69,139.446,51.232,0.017,0.016,137.0,3647118,52.45,43.22,975,ok,,Sasha_v46,Sasha_v46/Sasha_v46_023.png,Sasha_v46_023.png,work/frames_raw/Sasha_v46/Sasha_v46_023.png,2160,3840,8294400,0.5625,4.13,260.69,139.446,PASS
24,2,2.0,2.0,31.03,27.59,21,STEP2_TECHNICAL_METRICS,Sasha_v46/Sasha_v46_024.png,2160,3840,4.035,277.808,140.906,50.892,0.014,0.024,136.0,3445813,50.84,45.76,968,ok,,Sasha_v46,Sasha_v46/Sasha_v46_024.png,Sasha_v46_024.png,work/frames_raw/Sasha_v46/Sasha_v46_024.png,2160,3840,8294400,0.5625,4.035,277.808,140.906,PASS
25,2,2.0,2.0,44.83,62.07,14,STEP2_TECHNICAL_METRICS,Sasha_v46/Sasha_v46_025.png,2160,3840,4.187,299.122,144.892,54.066,0.039,0.035,141.0,3880969,53.82,48.15,920,ok,,Sasha_v46,Sasha_v46/Sasha_v46_025.png,Sasha_v46_025.png,work/frames_raw/Sasha_v46/Sasha_v46_025.png,2160,3840,8294400,0.5625,4.187,299.122,144.892,PASS
26,2,2.0,2.0,65.52,68.97,10,STEP2_TECHNICAL_METRICS,Sasha_v46/Sasha_v46_026.png,2160,3840,4.35,304.261,140.107,53.779,0.02,0.03,143.0,3684643,56.81,48.89,875,ok,,Sasha_v46,Sasha_v46/Sasha_v46_026.png,Sasha_v46_026.png,work/frames_raw/Sasha_v46/Sasha_v46_026.png,2160,3840,8294400,0.5625,4.35,304.261,140.107,PASS
27,2,2.0,2.0,62.07,31.03,17,STEP2_TECHNICAL_METRICS,Sasha_v46/Sasha_v46_027.png,2160,3840,4.3,278.639,144.352,52.032,0.015,0.024,137.0,4059676,55.68,45.82,924,ok,,Sasha_v46,Sasha_v46/Sasha_v46_027.png,Sasha_v46_027.png,work/frames_raw/Sasha_v46/Sasha_v46_027.png,2160,3840,8294400,0.5625,4.3,278.639,144.352,PASS
28,2,2.0,2.0,37.93,34.48,19,STEP2_TECHNICAL_METRICS,Sasha_v46/Sasha_v46_028.png,2160,3840,4.156,278.736,144.511,52.745,0.011,0.029,142.0,3698464,52.99,45.87,949,ok,,Sasha_v46,Sasha_v46/Sasha_v46_028.png,Sasha_v46_028.png,work/frames_raw/Sasha_v46/Sasha_v46_028.png,2160,3840,8294400,0.5625,4.156,278.736,144.511,PASS
29,2,2.0,2.0,27.59,20.69,24,STEP2_TECHNICAL_METRICS,Sasha_v46/Sasha_v46_029.png,2160,3840,3.999,264.333,140.722,52.546,0.015,0.025,142.0,3792567,50.24,43.86,990,ok,,Sasha_v46,Sasha_v46/Sasha_v46_029.png,Sasha_v46_029.png,work/frames_raw/Sasha_v46/Sasha_v46_029.png,2160,3840,8294400,0.5625,3.999,264.333,140.722,PASS
30,2,2.0,2.0,13.79,10.34,27,STEP2_TECHNICAL_METRICS,Sasha_v46/Sasha_v46_030.png,2160,3840,3.443,183.53,145.757,52.423,0.013,0.019,142.0,3520674,40.02,29.98,1213,ok,,Sasha_v46,Sasha_v46/Sasha_v46_030.png,Sasha_v46_030.png,work/frames_raw/Sasha_v46/Sasha_v46_030.png,2160,3840,8294400,0.5625,3.443,183.53,145.757,PASS
1,2,2.0,2.0,10.34,10.34,27,STEP2_TECHNICAL_METRICS,Sasha_v47/Sasha_v47_001.png,2160,3840,3.059,197.216,151.066,49.642,0.009,0.03,128.0,3142781,34.23,33.21,1238,ok,,Sasha_v47,Sasha_v47/Sasha_v47_001.png,Sasha_v47_001.png,work/frames_raw/Sasha_v47/Sasha_v47_001.png,2160,3840,8294400,0.5625,3.059,197.216,151.066,PASS
2,2,2.0,2.0,13.79,13.79,26,STEP2_TECHNICAL_METRICS,Sasha_v47/Sasha_v47_002.png,2160,3840,3.183,201.304,140.579,48.803,0.012,0.017,128.0,3324589,36.08,34.69,1205,ok,,Sasha_v47,Sasha_v47/Sasha_v47_002.png,Sasha_v47_002.png,work/frames_raw/Sasha_v47/Sasha_v47_002.png,2160,3840,8294400,0.5625,3.183,201.304,140.579,PASS
3,2,2.0,2.0,58.62,68.97,11,STEP2_TECHNICAL_METRICS,Sasha_v47/Sasha_v47_003.png,2160,3840,3.902,265.098,145.2,48.305,0.008,0.019,128.0,3573689,48.51,44.07,1005,ok,,Sasha_v47,Sasha_v47/Sasha_v47_003.png,Sasha_v47_003.png,work/frames_raw/Sasha_v47/Sasha_v47_003.png,2160,3840,8294400,0.5625,3.902,265.098,145.2,PASS
4,2,2.0,2.0,31.03,34.48,20,STEP2_TECHNICAL_METRICS,Sasha_v47/Sasha_v47_004.png,2160,3840,3.643,225.304,144.402,52.441,0.006,0.041,140.0,3410651,43.55,38.56,1095,ok,,Sasha_v47,Sasha_v47/Sasha_v47_004.png,Sasha_v47_004.png,work/frames_raw/Sasha_v47/Sasha_v47_004.png,2160,3840,8294400,0.5625,3.643,225.304,144.402,PASS
5,2,2.0,2.0,68.97,75.86,9,STEP2_TECHNICAL_METRICS,Sasha_v47/Sasha_v47_005.png,2160,3840,4.053,287.189,134.504,48.079,0.008,0.022,127.0,3496822,51.02,46.88,956,ok,,Sasha_v47,Sasha_v47/Sasha_v47_005.png,Sasha_v47_005.png,work/frames_raw/Sasha_v47/Sasha_v47_005.png,2160,3840,8294400,0.5625,4.053,287.189,134.504,PASS
6,2,2.0,2.0,82.76,89.66,6,STEP2_TECHNICAL_METRICS,Sasha_v47/Sasha_v47_006.png,2160,3840,4.386,297.869,138.811,47.187,0.007,0.017,128.0,3795988,57.05,47.99,879,ok,,Sasha_v47,Sasha_v47/Sasha_v47_006.png,Sasha_v47_006.png,work/frames_raw/Sasha_v47/Sasha_v47_006.png,2160,3840,8294400,0.5625,4.386,297.869,138.811,PASS
7,2,2.0,2.0,79.31,96.55,5,STEP2_TECHNICAL_METRICS,Sasha_v47/Sasha_v47_007.png,2160,3840,4.31,304.836,145.18,50.326,0.008,0.023,131.0,3851854,55.79,49.05,882,ok,,Sasha_v47,Sasha_v47/Sasha_v47_007.png,Sasha_v47_007.png,work/frames_raw/Sasha_v47/Sasha_v47_007.png,2160,3840,8294400,0.5625,4.31,304.836,145.18,PASS
8,2,2.0,2.0,48.28,37.93,16,STEP2_TECHNICAL_METRICS,Sasha_v47/Sasha_v47_008.png,2160,3840,3.82,231.648,148.843,50.239,0.006,0.018,132.0,3697436,47.19,39.46,1052,ok,,Sasha_v47,Sasha_v47/Sasha_v47_008.png,Sasha_v47_008.png,work/frames_raw/Sasha_v47/Sasha_v47_008.png,2160,3840,8294400,0.5625,3.82,231.648,148.843,PASS
9,2,2.0,2.0,55.17,51.72,15,STEP2_TECHNICAL_METRICS,Sasha_v47/Sasha_v47_009.png,2160,3840,3.895,239.328,145.666,52.144,0.011,0.034,137.0,3665042,48.45,40.41,1031,ok,,Sasha_v47,Sasha_v47/Sasha_v47_009.png,Sasha_v47_009.png,work/frames_raw/Sasha_v47/Sasha_v47_009.png,2160,3840,8294400,0.5625,3.895,239.328,145.666,PASS
10,2,2.0,2.0,44.83,17.24,21,STEP2_TECHNICAL_METRICS,Sasha_v47/Sasha_v47_010.png,2160,3840,3.749,211.523,147.484,52.72,0.01,0.024,139.0,3676901,46.06,36.86,1088,ok,,Sasha_v47,Sasha_v47/Sasha_v47_010.png,Sasha_v47_010.png,work/frames_raw/Sasha_v47/Sasha_v47_010.png,2160,3840,8294400,0.5625,3.749,211.523,147.484,PASS
11,2,2.0,2.0,41.38,44.83,17,STEP2_TECHNICAL_METRICS,Sasha_v47/Sasha_v47_011.png,2160,3840,3.733,234.176,145.363,48.386,0.006,0.024,131.0,3537728,45.58,39.57,1070,ok,,Sasha_v47,Sasha_v47/Sasha_v47_011.png,Sasha_v47_011.png,work/frames_raw/Sasha_v47/Sasha_v47_011.png,2160,3840,8294400,0.5625,3.733,234.176,145.363,PASS
12,2,2.0,2.0,17.24,24.14,25,STEP2_TECHNICAL_METRICS,Sasha_v47/Sasha_v47_012.png,2160,3840,3.446,215.49,138.154,55.041,0.012,0.034,145.0,3041940,40.14,37.55,1135,ok,,Sasha_v47,Sasha_v47/Sasha_v47_012.png,Sasha_v47_012.png,work/frames_raw/Sasha_v47/Sasha_v47_012.png,2160,3840,8294400,0.5625,3.446,215.49,138.154,PASS
13,2,2.0,2.0,37.93,20.69,22,STEP2_TECHNICAL_METRICS,Sasha_v47/Sasha_v47_013.png,2160,3840,3.673,213.648,138.583,54.089,0.015,0.032,148.0,3571040,44.27,37.08,1101,ok,,Sasha_v47,Sasha_v47/Sasha_v47_013.png,Sasha_v47_013.png,work/frames_raw/Sasha_v47/Sasha_v47_013.png,2160,3840,8294400,0.5625,3.673,213.648,138.583,PASS
14,2,2.0,2.0,20.69,27.59,24,STEP2_TECHNICAL_METRICS,Sasha_v47/Sasha_v47_014.png,2160,3840,3.458,215.581,146.615,50.053,0.008,0.015,133.0,3202820,40.32,37.61,1131,ok,,Sasha_v47,Sasha_v47/Sasha_v47_014.png,Sasha_v47_014.png,work/frames_raw/Sasha_v47/Sasha_v47_014.png,2160,3840,8294400,0.5625,3.458,215.581,146.615,PASS
15,2,2.0,2.0,24.14,31.03,23,STEP2_TECHNICAL_METRICS,Sasha_v47/Sasha_v47_015.png,2160,3840,3.625,224.492,140.776,53.273,0.007,0.021,140.0,3333021,43.13,38.51,1098,ok,,Sasha_v47,Sasha_v47/Sasha_v47_015.png,Sasha_v47_015.png,work/frames_raw/Sasha_v47/Sasha_v47_015.png,2160,3840,8294400,0.5625,3.625,224.492,140.776,PASS
16,2,2.0,2.0,27.59,41.38,19,STEP2_TECHNICAL_METRICS,Sasha_v47/Sasha_v47_016.png,2160,3840,3.632,231.836,141.549,50.179,0.01,0.011,133.0,3159595,43.25,39.51,1089,ok,,Sasha_v47,Sasha_v47/Sasha_v47_016.png,Sasha_v47_016.png,work/frames_raw/Sasha_v47/Sasha_v47_016.png,2160,3840,8294400,0.5625,3.632,231.836,141.549,PASS
17,2,2.0,2.0,34.48,48.28,18,STEP2_TECHNICAL_METRICS,Sasha_v47/Sasha_v47_017.png,2160,3840,3.646,235.886,131.262,50.644,0.007,0.023,135.0,3458873,43.73,39.88,1084,ok,,Sasha_v47,Sasha_v47/Sasha_v47_017.png,Sasha_v47_017.png,work/frames_raw/Sasha_v47/Sasha_v47_017.png,2160,3840,8294400,0.5625,3.646,235.886,131.262,PASS
18,2,2.0,2.0,51.72,58.62,14,STEP2_TECHNICAL_METRICS,Sasha_v47/Sasha_v47_018.png,2160,3840,3.872,256.377,129.835,49.187,0.007,0.012,133.0,3223790,47.91,42.48,1021,ok,,Sasha_v47,Sasha_v47/Sasha_v47_018.png,Sasha_v47_018.png,work/frames_raw/Sasha_v47/Sasha_v47_018.png,2160,3840,8294400,0.5625,3.872,256.377,129.835,PASS
19,2,2.0,2.0,72.41,65.52,10,STEP2_TECHNICAL_METRICS,Sasha_v47/Sasha_v47_019.png,2160,3840,4.088,260.442,138.874,49.42,0.007,0.026,131.0,3552864,51.73,43.17,984,ok,,Sasha_v47,Sasha_v47/Sasha_v47_019.png,Sasha_v47_019.png,work/frames_raw/Sasha_v47/Sasha_v47_019.png,2160,3840,8294400,0.5625,4.088,260.442,138.874,PASS
20,2,2.0,2.0,93.1,93.1,2,STEP2_TECHNICAL_METRICS,Sasha_v47/Sasha_v47_020.png,2160,3840,4.515,303.782,135.839,52.094,0.015,0.034,139.0,3818335,59.2,48.73,843,ok,,Sasha_v47,Sasha_v47/Sasha_v47_020.png,Sasha_v47_020.png,work/frames_raw/Sasha_v47/Sasha_v47_020.png,2160,3840,8294400,0.5625,4.515,303.782,135.839,PASS
21,2,2.0,2.0,86.21,72.41,7,STEP2_TECHNICAL_METRICS,Sasha_v47/Sasha_v47_021.png,2160,3840,4.42,282.339,132.754,47.233,0.009,0.013,128.0,3741109,57.59,46.4,896,ok,,Sasha_v47,Sasha_v47/Sasha_v47_021.png,Sasha_v47_021.png,work/frames_raw/Sasha_v47/Sasha_v47_021.png,2160,3840,8294400,0.5625,4.42,282.339,132.754,PASS
22,2,2.0,2.0,89.66,86.21,4,STEP2_TECHNICAL_METRICS,Sasha_v47/Sasha_v47_022.png,2160,3840,4.511,295.849,133.851,49.854,0.012,0.022,135.0,3835175,59.14,47.83,859,ok,,Sasha_v47,Sasha_v47/Sasha_v47_022.png,Sasha_v47_022.png,work/frames_raw/Sasha_v47/Sasha_v47_022.png,2160,3840,8294400,0.5625,4.511,295.849,133.851,PASS
23,2,2.0,2.0,96.55,82.76,3,STEP2_TECHNICAL_METRICS,Sasha_v47/Sasha_v47_023.png,2160,3840,4.52,295.193,130.522,47.731,0.01,0.013,128.0,3754985,59.32,47.72,858,ok,,Sasha_v47,Sasha_v47/Sasha_v47_023.png,Sasha_v47_023.png,work/frames_raw/Sasha_v47/Sasha_v47_023.png,2160,3840,8294400,0.5625,4.52,295.193,130.522,PASS
24,2,2.0,2.0,100.0,100.0,1,STEP2_TECHNICAL_METRICS,Sasha_v47/Sasha_v47_024.png,2160,3840,4.881,314.193,133.376,52.419,0.026,0.027,138.0,4122128,63.08,50.53,786,ok,,Sasha_v47,Sasha_v47/Sasha_v47_024.png,Sasha_v47_024.png,work/frames_raw/Sasha_v47/Sasha_v47_024.png,2160,3840,8294400,0.5625,4.881,314.193,133.376,PASS
25,2,2.0,2.0,75.86,79.31,8,STEP2_TECHNICAL_METRICS,Sasha_v47/Sasha_v47_025.png,2160,3840,4.305,294.356,137.788,50.78,0.008,0.035,134.0,3371467,55.73,47.67,902,ok,,Sasha_v47,Sasha_v47/Sasha_v47_025.png,Sasha_v47_025.png,work/frames_raw/Sasha_v47/Sasha_v47_025.png,2160,3840,8294400,0.5625,4.305,294.356,137.788,PASS
26,2,2.0,2.0,62.07,55.17,13,STEP2_TECHNICAL_METRICS,Sasha_v47/Sasha_v47_026.png,2160,3840,3.929,251.619,136.142,49.813,0.006,0.029,131.0,3373035,49.04,41.95,1020,ok,,Sasha_v47,Sasha_v47/Sasha_v47_026.png,Sasha_v47_026.png,work/frames_raw/Sasha_v47/Sasha_v47_026.png,2160,3840,8294400,0.5625,3.929,251.619,136.142,PASS
27,2,2.0,2.0,65.52,62.07,12,STEP2_TECHNICAL_METRICS,Sasha_v47/Sasha_v47_027.png,2160,3840,3.93,257.197,130.144,50.123,0.007,0.016,134.0,3380220,49.1,42.53,1011,ok,,Sasha_v47,Sasha_v47/Sasha_v47_027.png,Sasha_v47_027.png,work/frames_raw/Sasha_v47/Sasha_v47_027.png,2160,3840,8294400,0.5625,3.93,257.197,130.144,PASS
28,2,2.0,2.0,3.45,3.45,28,STEP2_TECHNICAL_METRICS,Sasha_v47/Sasha_v47_028.png,2160,3840,2.715,132.137,154.855,51.707,0.003,0.071,135.0,2806210,27.12,18.86,1448,ok,,Sasha_v47,Sasha_v47/Sasha_v47_028.png,Sasha_v47_028.png,work/frames_raw/Sasha_v47/Sasha_v47_028.png,2160,3840,8294400,0.5625,2.715,132.137,154.855,PASS
29,2,2.0,2.0,6.9,0.0,29,STEP2_TECHNICAL_METRICS,Sasha_v47/Sasha_v47_029.png,2160,3840,2.874,124.947,142.894,49.092,0.006,0.04,126.0,2929295,30.94,17.37,1424,ok,,Sasha_v47,Sasha_v47/Sasha_v47_029.png,Sasha_v47_029.png,work/frames_raw/Sasha_v47/Sasha_v47_029.png,2160,3840,8294400,0.5625,2.874,124.947,142.894,PASS
30,2,2.0,2.0,0.0,6.9,30,STEP2_TECHNICAL_METRICS,Sasha_v47/Sasha_v47_030.png,2160,3840,2.303,133.908,137.759,60.013,0.022,0.027,161.0,2220873,17.56,19.07,1553,ok,,Sasha_v47,Sasha_v47/Sasha_v47_030.png,Sasha_v47_030.png,work/frames_raw/Sasha_v47/Sasha_v47_030.png,2160,3840,8294400,0.5625,2.303,133.908,137.759,PASS
1,2,2.0,2.0,13.64,13.64,20,STEP2_TECHNICAL_METRICS,Sasha_v48/Sasha_v48_001.png,2160,3840,2.623,153.538,156.389,58.343,0.008,0.061,156.0,2949371,25.33,22.83,1425,ok,,Sasha_v48,Sasha_v48/Sasha_v48_001.png,Sasha_v48_001.png,work/frames_raw/Sasha_v48/Sasha_v48_001.png,2160,3840,8294400,0.5625,2.623,153.538,156.389,PASS
2,2,2.0,2.0,22.73,18.18,18,STEP2_TECHNICAL_METRICS,Sasha_v48/Sasha_v48_002.png,2160,3840,3.199,216.644,161.011,56.55,0.01,0.07,151.0,3582585,36.2,37.82,1159,ok,,Sasha_v48,Sasha_v48/Sasha_v48_002.png,Sasha_v48_002.png,work/frames_raw/Sasha_v48/Sasha_v48_002.png,2160,3840,8294400,0.5625,3.199,216.644,161.011,PASS
3,2,2.0,2.0,4.55,4.55,22,STEP2_TECHNICAL_METRICS,Sasha_v48/Sasha_v48_003.png,2160,3840,1.365,24.538,151.985,59.263,0.021,0.104,159.0,1755082,2.27,0.26,1871,ok,,Sasha_v48,Sasha_v48/Sasha_v48_003.png,Sasha_v48_003.png,work/frames_raw/Sasha_v48/Sasha_v48_003.png,2160,3840,8294400,0.5625,1.365,24.538,151.985,PASS
4,2,2.0,2.0,0.0,0.0,23,STEP2_TECHNICAL_METRICS,Sasha_v48/Sasha_v48_004.png,2160,3840,1.096,22.972,180.928,56.29,0.0,0.165,149.0,1396098,0.96,0.16,1883,ok,,Sasha_v48,Sasha_v48/Sasha_v48_004.png,Sasha_v48_004.png,work/frames_raw/Sasha_v48/Sasha_v48_004.png,2160,3840,8294400,0.5625,1.096,22.972,180.928,PASS
5,2,2.0,2.0,9.09,9.09,21,STEP2_TECHNICAL_METRICS,Sasha_v48/Sasha_v48_005.png,2160,3840,2.03,114.197,129.388,59.543,0.085,0.003,165.0,2154929,11.95,14.94,1632,ok,,Sasha_v48,Sasha_v48/Sasha_v48_005.png,Sasha_v48_005.png,work/frames_raw/Sasha_v48/Sasha_v48_005.png,2160,3840,8294400,0.5625,2.03,114.197,129.388,PASS
6,2,2.0,2.0,18.18,22.73,19,STEP2_TECHNICAL_METRICS,Sasha_v48/Sasha_v48_006.png,2160,3840,2.975,227.159,151.703,64.416,0.042,0.12,177.0,3067394,32.86,38.72,1191,ok,,Sasha_v48,Sasha_v48/Sasha_v48_006.png,Sasha_v48_006.png,work/frames_raw/Sasha_v48/Sasha_v48_006.png,2160,3840,8294400,0.5625,2.975,227.159,151.703,PASS
7,2,2.0,2.0,50.0,72.73,10,STEP2_TECHNICAL_METRICS,Sasha_v48/Sasha_v48_007.png,2160,3840,3.679,336.769,148.501,62.098,0.048,0.098,178.0,3036318,44.56,53.18,957,ok,,Sasha_v48,Sasha_v48/Sasha_v48_007.png,Sasha_v48_007.png,work/frames_raw/Sasha_v48/Sasha_v48_007.png,2160,3840,8294400,0.5625,3.679,336.769,148.501,PASS
8,2,2.0,2.0,72.73,68.18,7,STEP2_TECHNICAL_METRICS,Sasha_v48/Sasha_v48_008.png,2160,3840,3.821,336.625,152.875,64.899,0.056,0.122,190.0,3146830,47.25,53.12,933,ok,,Sasha_v48,Sasha_v48/Sasha_v48_008.png,Sasha_v48_008.png,work/frames_raw/Sasha_v48/Sasha_v48_008.png,2160,3840,8294400,0.5625,3.821,336.625,152.875,PASS
9,2,2.0,2.0,100.0,100.0,1,STEP2_TECHNICAL_METRICS,Sasha_v48/Sasha_v48_009.png,2160,3840,4.421,413.79,149.43,66.796,0.084,0.121,198.0,3474438,57.65,60.01,744,ok,,Sasha_v48,Sasha_v48/Sasha_v48_009.png,Sasha_v48_009.png,work/frames_raw/Sasha_v48/Sasha_v48_009.png,2160,3840,8294400,0.5625,4.421,413.79,149.43,PASS
10,2,2.0,2.0,81.82,86.36,4,STEP2_TECHNICAL_METRICS,Sasha_v48/Sasha_v48_010.png,2160,3840,4.077,369.706,150.101,66.176,0.071,0.115,193.0,3455051,51.37,56.04,848,ok,,Sasha_v48,Sasha_v48/Sasha_v48_010.png,Sasha_v48_010.png,work/frames_raw/Sasha_v48/Sasha_v48_010.png,2160,3840,8294400,0.5625,4.077,369.706,150.101,PASS
11,2,2.0,2.0,68.18,59.09,9,STEP2_TECHNICAL_METRICS,Sasha_v48/Sasha_v48_011.png,2160,3840,3.816,331.928,148.631,65.067,0.053,0.118,186.0,3329047,47.13,52.54,943,ok,,Sasha_v48,Sasha_v48/Sasha_v48_011.png,Sasha_v48_011.png,work/frames_raw/Sasha_v48/Sasha_v48_011.png,2160,3840,8294400,0.5625,3.816,331.928,148.631,PASS
12,2,2.0,2.0,77.27,77.27,6,STEP2_TECHNICAL_METRICS,Sasha_v48/Sasha_v48_012.png,2160,3840,3.89,352.987,150.48,66.395,0.08,0.106,190.0,3182853,48.39,54.87,905,ok,,Sasha_v48,Sasha_v48/Sasha_v48_012.png,Sasha_v48_012.png,work/frames_raw/Sasha_v48/Sasha_v48_012.png,2160,3840,8294400,0.5625,3.89,352.987,150.48,PASS
13,2,2.0,2.0,40.91,36.36,15,STEP2_TECHNICAL_METRICS,Sasha_v48/Sasha_v48_013.png,2160,3840,3.59,301.099,154.111,66.138,0.06,0.126,191.0,3024806,42.59,48.62,1019,ok,,Sasha_v48,Sasha_v48/Sasha_v48_013.png,Sasha_v48_013.png,work/frames_raw/Sasha_v48/Sasha_v48_013.png,2160,3840,8294400,0.5625,3.59,301.099,154.111,PASS
14,2,2.0,2.0,59.09,50.0,11,STEP2_TECHNICAL_METRICS,Sasha_v48/Sasha_v48_014.png,2160,3840,3.788,324.748,150.785,64.505,0.063,0.113,190.0,3178211,46.54,51.91,953,ok,,Sasha_v48,Sasha_v48/Sasha_v48_014.png,Sasha_v48_014.png,work/frames_raw/Sasha_v48/Sasha_v48_014.png,2160,3840,8294400,0.5625,3.788,324.748,150.785,PASS
15,2,2.0,2.0,45.45,40.91,14,STEP2_TECHNICAL_METRICS,Sasha_v48/Sasha_v48_015.png,2160,3840,3.671,316.132,151.477,63.824,0.051,0.11,184.0,3094968,44.21,50.79,982,ok,,Sasha_v48,Sasha_v48/Sasha_v48_015.png,Sasha_v48_015.png,work/frames_raw/Sasha_v48/Sasha_v48_015.png,2160,3840,8294400,0.5625,3.671,316.132,151.477,PASS
16,2,2.0,2.0,86.36,81.82,5,STEP2_TECHNICAL_METRICS,Sasha_v48/Sasha_v48_016.png,2160,3840,4.139,369.493,151.465,65.264,0.066,0.114,188.0,3423200,52.63,55.99,838,ok,,Sasha_v48,Sasha_v48/Sasha_v48_016.png,Sasha_v48_016.png,work/frames_raw/Sasha_v48/Sasha_v48_016.png,2160,3840,8294400,0.5625,4.139,369.493,151.465,PASS
17,2,2.0,2.0,90.91,95.45,2,STEP2_TECHNICAL_METRICS,Sasha_v48/Sasha_v48_017.png,2160,3840,4.175,400.169,151.492,67.053,0.088,0.125,199.0,3067933,53.58,58.58,804,ok,,Sasha_v48,Sasha_v48/Sasha_v48_017.png,Sasha_v48_017.png,work/frames_raw/Sasha_v48/Sasha_v48_017.png,2160,3840,8294400,0.5625,4.175,400.169,151.492,PASS
18,2,2.0,2.0,95.45,90.91,3,STEP2_TECHNICAL_METRICS,Sasha_v48/Sasha_v48_018.png,2160,3840,4.201,390.482,150.922,66.627,0.079,0.118,195.0,3177828,54.06,57.68,808,ok,,Sasha_v48,Sasha_v48/Sasha_v48_018.png,Sasha_v48_018.png,work/frames_raw/Sasha_v48/Sasha_v48_018.png,2160,3840,8294400,0.5625,4.201,390.482,150.922,PASS
19,2,2.0,2.0,54.55,45.45,12,STEP2_TECHNICAL_METRICS,Sasha_v48/Sasha_v48_019.png,2160,3840,3.723,319.227,154.496,63.794,0.045,0.125,185.0,3096279,45.28,51.27,969,ok,,Sasha_v48,Sasha_v48/Sasha_v48_019.png,Sasha_v48_019.png,work/frames_raw/Sasha_v48/Sasha_v48_019.png,2160,3840,8294400,0.5625,3.723,319.227,154.496,PASS
20,2,2.0,2.0,36.36,54.55,13,STEP2_TECHNICAL_METRICS,Sasha_v48/Sasha_v48_020.png,2160,3840,3.557,327.279,148.889,67.566,0.097,0.12,202.0,2754572,42.05,52.22,989,ok,,Sasha_v48,Sasha_v48/Sasha_v48_020.png,Sasha_v48_020.png,work/frames_raw/Sasha_v48/Sasha_v48_020.png,2160,3840,8294400,0.5625,3.557,327.279,148.889,PASS
21,2,2.0,2.0,63.64,63.64,8,STEP2_TECHNICAL_METRICS,Sasha_v48/Sasha_v48_021.png,2160,3840,3.808,333.195,151.518,67.013,0.068,0.126,193.0,3018488,46.89,52.7,944,ok,,Sasha_v48,Sasha_v48/Sasha_v48_021.png,Sasha_v48_021.png,work/frames_raw/Sasha_v48/Sasha_v48_021.png,2160,3840,8294400,0.5625,3.808,333.195,151.518,PASS
22,2,2.0,2.0,27.27,27.27,17,STEP2_TECHNICAL_METRICS,Sasha_v48/Sasha_v48_022.png,2160,3840,3.425,273.091,152.715,62.758,0.044,0.108,182.0,2901561,39.73,44.97,1076,ok,,Sasha_v48,Sasha_v48/Sasha_v48_022.png,Sasha_v48_022.png,work/frames_raw/Sasha_v48/Sasha_v48_022.png,2160,3840,8294400,0.5625,3.425,273.091,152.715,PASS
23,2,2.0,2.0,31.82,31.82,16,STEP2_TECHNICAL_METRICS,Sasha_v48/Sasha_v48_023.png,2160,3840,3.427,280.944,133.617,63.663,0.071,0.047,175.0,2902290,39.78,46.13,1060,ok,,Sasha_v48,Sasha_v48/Sasha_v48_023.png,Sasha_v48_023.png,work/frames_raw/Sasha_v48/Sasha_v48_023.png,2160,3840,8294400,0.5625,3.427,280.944,133.617,PASS
1,2,2.0,2.0,100.0,100.0,1,STEP2_TECHNICAL_METRICS,Sasha_v49/Sasha_v49_001.png,2160,3840,8.438,518.383,148.836,62.757,0.029,0.026,174.0,5597738,81.6,67.64,448,ok,,Sasha_v49,Sasha_v49/Sasha_v49_001.png,Sasha_v49_001.png,work/frames_raw/Sasha_v49/Sasha_v49_001.png,2160,3840,8294400,0.5625,8.438,518.383,148.836,PASS
2,2,2.0,2.0,82.76,55.17,10,STEP2_TECHNICAL_METRICS,Sasha_v49/Sasha_v49_002.png,2160,3840,3.421,190.53,149.899,65.715,0.028,0.152,177.0,3619731,39.67,31.57,1196,ok,,Sasha_v49,Sasha_v49/Sasha_v49_002.png,Sasha_v49_002.png,work/frames_raw/Sasha_v49/Sasha_v49_002.png,2160,3840,8294400,0.5625,3.421,190.53,149.899,PASS
3,2,2.0,2.0,6.9,13.79,28,STEP2_TECHNICAL_METRICS,Sasha_v49/Sasha_v49_003.png,2160,3840,2.241,127.47,173.628,69.885,0.029,0.336,179.0,2443643,16.13,17.85,1574,ok,,Sasha_v49,Sasha_v49/Sasha_v49_003.png,Sasha_v49_003.png,work/frames_raw/Sasha_v49/Sasha_v49_003.png,2160,3840,8294400,0.5625,2.241,127.47,173.628,PASS
4,2,2.0,2.0,31.03,44.83,19,STEP2_TECHNICAL_METRICS,Sasha_v49/Sasha_v49_004.png,2160,3840,2.774,184.174,161.73,70.181,0.032,0.172,177.0,2824973,28.43,30.19,1334,ok,,Sasha_v49,Sasha_v49/Sasha_v49_004.png,Sasha_v49_004.png,work/frames_raw/Sasha_v49/Sasha_v49_004.png,2160,3840,8294400,0.5625,2.774,184.174,161.73,PASS
5,2,2.0,2.0,44.83,62.07,16,STEP2_TECHNICAL_METRICS,Sasha_v49/Sasha_v49_005.png,2160,3840,3.038,193.04,152.76,70.376,0.036,0.131,174.0,2967016,33.99,32.42,1251,ok,,Sasha_v49,Sasha_v49/Sasha_v49_005.png,Sasha_v49_005.png,work/frames_raw/Sasha_v49/Sasha_v49_005.png,2160,3840,8294400,0.5625,3.038,193.04,152.76,PASS
6,2,2.0,2.0,48.28,37.93,18,STEP2_TECHNICAL_METRICS,Sasha_v49/Sasha_v49_006.png,2160,3840,3.054,176.851,152.44,68.231,0.033,0.18,174.0,2958656,34.17,28.39,1296,ok,,Sasha_v49,Sasha_v49/Sasha_v49_006.png,Sasha_v49_006.png,work/frames_raw/Sasha_v49/Sasha_v49_006.png,2160,3840,8294400,0.5625,3.054,176.851,152.44,PASS
7,2,2.0,2.0,0.0,0.0,30,STEP2_TECHNICAL_METRICS,Sasha_v49/Sasha_v49_007.png,2160,3840,1.881,88.22,166.525,67.092,0.032,0.186,173.0,2216029,8.9,10.01,1733,ok,,Sasha_v49,Sasha_v49/Sasha_v49_007.png,Sasha_v49_007.png,work/frames_raw/Sasha_v49/Sasha_v49_007.png,2160,3840,8294400,0.5625,1.881,88.22,166.525,PASS
8,2,2.0,2.0,17.24,24.14,23,STEP2_TECHNICAL_METRICS,Sasha_v49/Sasha_v49_008.png,2160,3840,2.558,156.969,156.323,68.062,0.03,0.189,175.0,2761583,23.84,23.68,1434,ok,,Sasha_v49,Sasha_v49/Sasha_v49_008.png,Sasha_v49_008.png,work/frames_raw/Sasha_v49/Sasha_v49_008.png,2160,3840,8294400,0.5625,2.558,156.969,156.323,PASS
9,2,2.0,2.0,75.86,65.52,8,STEP2_TECHNICAL_METRICS,Sasha_v49/Sasha_v49_009.png,2160,3840,3.299,193.569,150.984,66.703,0.03,0.161,177.0,3385595,38.17,32.52,1207,ok,,Sasha_v49,Sasha_v49/Sasha_v49_009.png,Sasha_v49_009.png,work/frames_raw/Sasha_v49/Sasha_v49_009.png,2160,3840,8294400,0.5625,3.299,193.569,150.984,PASS
10,2,2.0,2.0,51.72,79.31,11,STEP2_TECHNICAL_METRICS,Sasha_v49/Sasha_v49_010.png,2160,3840,3.092,201.286,159.134,72.351,0.041,0.245,181.0,2874887,34.71,34.64,1223,ok,,Sasha_v49,Sasha_v49/Sasha_v49_010.png,Sasha_v49_010.png,work/frames_raw/Sasha_v49/Sasha_v49_010.png,2160,3840,8294400,0.5625,3.092,201.286,159.134,PASS
11,2,2.0,2.0,27.59,34.48,21,STEP2_TECHNICAL_METRICS,Sasha_v49/Sasha_v49_011.png,2160,3840,2.701,166.834,148.434,72.246,0.056,0.219,184.0,2790435,26.82,26.06,1384,ok,,Sasha_v49,Sasha_v49/Sasha_v49_011.png,Sasha_v49_011.png,work/frames_raw/Sasha_v49/Sasha_v49_011.png,2160,3840,8294400,0.5625,2.701,166.834,148.434,PASS
12,2,2.0,2.0,34.48,27.59,22,STEP2_TECHNICAL_METRICS,Sasha_v49/Sasha_v49_012.png,2160,3840,2.809,163.606,149.649,66.747,0.031,0.168,174.0,2883562,29.33,25.48,1370,ok,,Sasha_v49,Sasha_v49/Sasha_v49_012.png,Sasha_v49_012.png,work/frames_raw/Sasha_v49/Sasha_v49_012.png,2160,3840,8294400,0.5625,2.809,163.606,149.649,PASS
13,2,2.0,2.0,72.41,75.86,7,STEP2_TECHNICAL_METRICS,Sasha_v49/Sasha_v49_013.png,2160,3840,3.234,199.785,153.741,70.197,0.032,0.214,177.0,2973931,37.16,34.27,1193,ok,,Sasha_v49,Sasha_v49/Sasha_v49_013.png,Sasha_v49_013.png,work/frames_raw/Sasha_v49/Sasha_v49_013.png,2160,3840,8294400,0.5625,3.234,199.785,153.741,PASS
14,2,2.0,2.0,37.93,31.03,20,STEP2_TECHNICAL_METRICS,Sasha_v49/Sasha_v49_014.png,2160,3840,2.85,164.859,157.684,69.245,0.033,0.222,174.0,2761146,30.41,25.74,1359,ok,,Sasha_v49,Sasha_v49/Sasha_v49_014.png,Sasha_v49_014.png,work/frames_raw/Sasha_v49/Sasha_v49_014.png,2160,3840,8294400,0.5625,2.85,164.859,157.684,PASS
15,2,2.0,2.0,24.14,10.34,24,STEP2_TECHNICAL_METRICS,Sasha_v49/Sasha_v49_015.png,2160,3840,2.593,121.294,168.852,66.812,0.037,0.116,168.0,3077832,24.67,16.68,1499,ok,,Sasha_v49,Sasha_v49/Sasha_v49_015.png,Sasha_v49_015.png,work/frames_raw/Sasha_v49/Sasha_v49_015.png,2160,3840,8294400,0.5625,2.593,121.294,168.852,PASS
16,2,2.0,2.0,58.62,82.76,9,STEP2_TECHNICAL_METRICS,Sasha_v49/Sasha_v49_016.png,2160,3840,3.104,202.769,143.966,69.327,0.033,0.134,172.0,2920089,34.89,35.06,1214,ok,,Sasha_v49,Sasha_v49/Sasha_v49_016.png,Sasha_v49_016.png,work/frames_raw/Sasha_v49/Sasha_v49_016.png,2160,3840,8294400,0.5625,3.104,202.769,143.966,PASS
17,2,2.0,2.0,68.97,51.72,13,STEP2_TECHNICAL_METRICS,Sasha_v49/Sasha_v49_017.png,2160,3840,3.205,190.431,153.873,70.191,0.031,0.199,180.0,2930095,36.44,31.51,1232,ok,,Sasha_v49,Sasha_v49/Sasha_v49_017.png,Sasha_v49_017.png,work/frames_raw/Sasha_v49/Sasha_v49_017.png,2160,3840,8294400,0.5625,3.205,190.431,153.873,PASS
18,2,2.0,2.0,41.38,68.97,14,STEP2_TECHNICAL_METRICS,Sasha_v49/Sasha_v49_018.png,2160,3840,3.017,197.595,161.877,68.045,0.034,0.192,176.0,2785826,33.57,33.32,1244,ok,,Sasha_v49,Sasha_v49/Sasha_v49_018.png,Sasha_v49_018.png,work/frames_raw/Sasha_v49/Sasha_v49_018.png,2160,3840,8294400,0.5625,3.017,197.595,161.877,PASS
19,2,2.0,2.0,86.21,93.1,5,STEP2_TECHNICAL_METRICS,Sasha_v49/Sasha_v49_019.png,2160,3840,3.592,230.386,158.643,68.35,0.033,0.194,178.0,3207475,42.71,39.19,1097,ok,,Sasha_v49,Sasha_v49/Sasha_v49_019.png,Sasha_v49_019.png,work/frames_raw/Sasha_v49/Sasha_v49_019.png,2160,3840,8294400,0.5625,3.592,230.386,158.643,PASS
20,2,2.0,2.0,93.1,96.55,2,STEP2_TECHNICAL_METRICS,Sasha_v49/Sasha_v49_020.png,2160,3840,3.726,234.498,155.295,70.042,0.032,0.202,180.0,3294734,45.4,39.62,1074,ok,,Sasha_v49,Sasha_v49/Sasha_v49_020.png,Sasha_v49_020.png,work/frames_raw/Sasha_v49/Sasha_v49_020.png,2160,3840,8294400,0.5625,3.726,234.498,155.295,PASS
21,2,2.0,2.0,62.07,48.28,15,STEP2_TECHNICAL_METRICS,Sasha_v49/Sasha_v49_021.png,2160,3840,3.13,190.164,157.317,69.267,0.034,0.201,179.0,3315775,35.19,31.41,1246,ok,,Sasha_v49,Sasha_v49/Sasha_v49_021.png,Sasha_v49_021.png,work/frames_raw/Sasha_v49/Sasha_v49_021.png,2160,3840,8294400,0.5625,3.13,190.164,157.317,PASS
22,2,2.0,2.0,3.45,3.45,29,STEP2_TECHNICAL_METRICS,Sasha_v49/Sasha_v49_022.png,2160,3840,2.104,102.422,159.91,69.59,0.045,0.123,176.0,2380749,13.32,12.71,1644,ok,,Sasha_v49,Sasha_v49/Sasha_v49_022.png,Sasha_v49_022.png,work/frames_raw/Sasha_v49/Sasha_v49_022.png,2160,3840,8294400,0.5625,2.104,102.422,159.91,PASS
23,2,2.0,2.0,79.31,72.41,6,STEP2_TECHNICAL_METRICS,Sasha_v49/Sasha_v49_023.png,2160,3840,3.397,197.638,150.565,68.014,0.045,0.156,176.0,3432489,39.19,33.47,1181,ok,,Sasha_v49,Sasha_v49/Sasha_v49_023.png,Sasha_v49_023.png,work/frames_raw/Sasha_v49/Sasha_v49_023.png,2160,3840,8294400,0.5625,3.397,197.638,150.565,PASS
24,2,2.0,2.0,55.17,41.38,17,STEP2_TECHNICAL_METRICS,Sasha_v49/Sasha_v49_024.png,2160,3840,3.096,182.087,156.312,68.68,0.034,0.2,176.0,3231684,34.77,29.66,1277,ok,,Sasha_v49,Sasha_v49/Sasha_v49_024.png,Sasha_v49_024.png,work/frames_raw/Sasha_v49/Sasha_v49_024.png,2160,3840,8294400,0.5625,3.096,182.087,156.312,PASS
25,2,2.0,2.0,96.55,86.21,3,STEP2_TECHNICAL_METRICS,Sasha_v49/Sasha_v49_025.png,2160,3840,4.254,210.743,153.447,64.864,0.032,0.165,176.0,4046496,54.9,36.81,1009,ok,,Sasha_v49,Sasha_v49/Sasha_v49_025.png,Sasha_v49_025.png,work/frames_raw/Sasha_v49/Sasha_v49_025.png,2160,3840,8294400,0.5625,4.254,210.743,153.447,PASS
26,2,2.0,2.0,65.52,58.62,12,STEP2_TECHNICAL_METRICS,Sasha_v49/Sasha_v49_026.png,2160,3840,3.173,191.3,157.178,69.579,0.031,0.208,174.0,3269393,35.9,31.99,1235,ok,,Sasha_v49,Sasha_v49/Sasha_v49_026.png,Sasha_v49_026.png,work/frames_raw/Sasha_v49/Sasha_v49_026.png,2160,3840,8294400,0.5625,3.173,191.3,157.178,PASS
27,2,2.0,2.0,10.34,20.69,25,STEP2_TECHNICAL_METRICS,Sasha_v49/Sasha_v49_027.png,2160,3840,2.425,131.132,149.11,65.406,0.043,0.103,172.0,2582813,21.09,18.59,1525,ok,,Sasha_v49,Sasha_v49/Sasha_v49_027.png,Sasha_v49_027.png,work/frames_raw/Sasha_v49/Sasha_v49_027.png,2160,3840,8294400,0.5625,2.425,131.132,149.11,PASS
28,2,2.0,2.0,89.66,89.66,4,STEP2_TECHNICAL_METRICS,Sasha_v49/Sasha_v49_028.png,2160,3840,3.595,214.306,161.97,69.243,0.033,0.181,175.0,3474021,42.83,37.24,1112,ok,,Sasha_v49,Sasha_v49/Sasha_v49_028.png,Sasha_v49_028.png,work/frames_raw/Sasha_v49/Sasha_v49_028.png,2160,3840,8294400,0.5625,3.595,214.306,161.97,PASS
29,2,2.0,2.0,13.79,17.24,26,STEP2_TECHNICAL_METRICS,Sasha_v49/Sasha_v49_029.png,2160,3840,2.52,128.118,164.02,68.252,0.034,0.182,170.0,2860828,23.3,18.01,1501,ok,,Sasha_v49,Sasha_v49/Sasha_v49_029.png,Sasha_v49_029.png,work/frames_raw/Sasha_v49/Sasha_v49_029.png,2160,3840,8294400,0.5625,2.52,128.118,164.02,PASS
30,2,2.0,2.0,20.69,6.9,27,STEP2_TECHNICAL_METRICS,Sasha_v49/Sasha_v49_030.png,2160,3840,2.56,117.509,161.571,66.187,0.039,0.059,167.0,2958744,23.95,15.68,1526,ok,,Sasha_v49,Sasha_v49/Sasha_v49_030.png,Sasha_v49_030.png,work/frames_raw/Sasha_v49/Sasha_v49_030.png,2160,3840,8294400,0.5625,2.56,117.509,161.571,PASS
1,2,2.0,2.0,7.14,17.24,27,STEP2_TECHNICAL_METRICS,Sasha_v50/Sasha_v50_001.png,2160,3840,1.933,169.267,168.83,45.944,0.008,0.004,137.0,1491561,9.98,26.32,1558,ok,,Sasha_v50,Sasha_v50/Sasha_v50_001.png,Sasha_v50_001.png,work/frames_raw/Sasha_v50/Sasha_v50_001.png,2160,3840,8294400,0.5625,1.933,169.267,168.83,PASS
2,2,2.0,2.0,14.29,20.69,25,STEP2_TECHNICAL_METRICS,Sasha_v50/Sasha_v50_002.png,2160,3840,1.982,169.426,167.992,47.33,0.007,0.004,137.0,1624143,10.81,26.43,1548,ok,,Sasha_v50,Sasha_v50/Sasha_v50_002.png,Sasha_v50_002.png,work/frames_raw/Sasha_v50/Sasha_v50_002.png,2160,3840,8294400,0.5625,1.982,169.426,167.992,PASS
3,2,2.0,2.0,28.57,34.48,20,STEP2_TECHNICAL_METRICS,Sasha_v50/Sasha_v50_003.png,2160,3840,2.054,178.237,170.612,45.755,0.007,0.004,136.0,1645452,12.49,28.76,1502,ok,,Sasha_v50,Sasha_v50/Sasha_v50_003.png,Sasha_v50_003.png,work/frames_raw/Sasha_v50/Sasha_v50_003.png,2160,3840,8294400,0.5625,2.054,178.237,170.612,PASS
4,2,2.0,2.0,3.57,3.45,29,STEP2_TECHNICAL_METRICS,Sasha_v50/Sasha_v50_004.png,2160,3840,1.894,159.156,166.893,47.801,0.008,0.004,138.0,1591993,9.14,23.99,1578,ok,,Sasha_v50,Sasha_v50/Sasha_v50_004.png,Sasha_v50_004.png,work/frames_raw/Sasha_v50/Sasha_v50_004.png,2160,3840,8294400,0.5625,1.894,159.156,166.893,PASS
5,2,2.0,2.0,0.0,0.0,30,STEP2_TECHNICAL_METRICS,Sasha_v50/Sasha_v50_005.png,2160,3840,1.871,156.187,168.298,46.197,0.009,0.003,137.0,1597649,8.78,23.36,1586,ok,,Sasha_v50,Sasha_v50/Sasha_v50_005.png,Sasha_v50_005.png,work/frames_raw/Sasha_v50/Sasha_v50_005.png,2160,3840,8294400,0.5625,1.871,156.187,168.298,PASS
6,2,2.0,2.0,78.57,62.07,8,STEP2_TECHNICAL_METRICS,Sasha_v50/Sasha_v50_006.png,2160,3840,2.392,197.735,167.994,47.288,0.009,0.004,142.0,1922185,20.01,33.53,1380,ok,,Sasha_v50,Sasha_v50/Sasha_v50_006.png,Sasha_v50_006.png,work/frames_raw/Sasha_v50/Sasha_v50_006.png,2160,3840,8294400,0.5625,2.392,197.735,167.994,PASS
7,2,2.0,2.0,39.29,31.03,19,STEP2_TECHNICAL_METRICS,Sasha_v50/Sasha_v50_007.png,2160,3840,2.203,171.269,167.145,46.73,0.007,0.004,141.0,1817936,15.41,26.91,1487,ok,,Sasha_v50,Sasha_v50/Sasha_v50_007.png,Sasha_v50_007.png,work/frames_raw/Sasha_v50/Sasha_v50_007.png,2160,3840,8294400,0.5625,2.203,171.269,167.145,PASS
8,2,2.0,2.0,85.71,44.83,13,STEP2_TECHNICAL_METRICS,Sasha_v50/Sasha_v50_008.png,2160,3840,2.412,182.363,167.769,46.54,0.008,0.004,142.0,2107534,20.79,29.71,1408,ok,,Sasha_v50,Sasha_v50/Sasha_v50_008.png,Sasha_v50_008.png,work/frames_raw/Sasha_v50/Sasha_v50_008.png,2160,3840,8294400,0.5625,2.412,182.363,167.769,PASS
9,2,2.0,2.0,10.71,10.34,28,STEP2_TECHNICAL_METRICS,Sasha_v50/Sasha_v50_009.png,2160,3840,1.958,162.8,169.936,47.675,0.009,0.005,142.0,1616716,10.51,25.37,1561,ok,,Sasha_v50,Sasha_v50/Sasha_v50_009.png,Sasha_v50_009.png,work/frames_raw/Sasha_v50/Sasha_v50_009.png,2160,3840,8294400,0.5625,1.958,162.8,169.936,PASS
10,2,2.0,2.0,21.43,6.9,26,STEP2_TECHNICAL_METRICS,Sasha_v50/Sasha_v50_010.png,2160,3840,2.023,162.05,169.011,47.62,0.009,0.005,142.0,1757951,11.77,25.0,1551,ok,,Sasha_v50,Sasha_v50/Sasha_v50_010.png,Sasha_v50_010.png,work/frames_raw/Sasha_v50/Sasha_v50_010.png,2160,3840,8294400,0.5625,2.023,162.05,169.011,PASS
11,2,2.0,2.0,32.14,27.59,22,STEP2_TECHNICAL_METRICS,Sasha_v50/Sasha_v50_011.png,2160,3840,2.11,170.475,166.527,47.456,0.008,0.004,142.0,1761006,13.5,26.69,1513,ok,,Sasha_v50,Sasha_v50/Sasha_v50_011.png,Sasha_v50_011.png,work/frames_raw/Sasha_v50/Sasha_v50_011.png,2160,3840,8294400,0.5625,2.11,170.475,166.527,PASS
12,2,2.0,2.0,60.71,37.93,17,STEP2_TECHNICAL_METRICS,Sasha_v50/Sasha_v50_012.png,2160,3840,2.334,179.203,169.227,45.169,0.008,0.002,123.0,1897583,18.58,28.81,1435,ok,,Sasha_v50,Sasha_v50/Sasha_v50_012.png,Sasha_v50_012.png,work/frames_raw/Sasha_v50/Sasha_v50_012.png,2160,3840,8294400,0.5625,2.334,179.203,169.227,PASS
13,2,2.0,2.0,25.0,13.79,24,STEP2_TECHNICAL_METRICS,Sasha_v50/Sasha_v50_013.png,2160,3840,2.032,165.505,167.222,47.362,0.008,0.005,139.0,1649285,12.01,25.79,1542,ok,,Sasha_v50,Sasha_v50/Sasha_v50_013.png,Sasha_v50_013.png,work/frames_raw/Sasha_v50/Sasha_v50_013.png,2160,3840,8294400,0.5625,2.032,165.505,167.222,PASS
14,2,2.0,2.0,35.71,24.14,21,STEP2_TECHNICAL_METRICS,Sasha_v50/Sasha_v50_014.png,2160,3840,2.157,169.613,167.107,47.004,0.008,0.004,138.0,1762189,14.58,26.54,1504,ok,,Sasha_v50,Sasha_v50/Sasha_v50_014.png,Sasha_v50_014.png,work/frames_raw/Sasha_v50/Sasha_v50_014.png,2160,3840,8294400,0.5625,2.157,169.613,167.107,PASS
15,2,2.0,2.0,17.86,41.38,23,STEP2_TECHNICAL_METRICS,Sasha_v50/Sasha_v50_015.png,2160,3840,1.997,179.206,167.786,46.65,0.008,0.004,137.0,1368166,11.11,28.87,1517,ok,,Sasha_v50,Sasha_v50/Sasha_v50_015.png,Sasha_v50_015.png,work/frames_raw/Sasha_v50/Sasha_v50_015.png,2160,3840,8294400,0.5625,1.997,179.206,167.786,PASS
16,2,2.0,2.0,50.0,55.17,14,STEP2_TECHNICAL_METRICS,Sasha_v50/Sasha_v50_016.png,2160,3840,2.251,190.13,169.435,46.587,0.009,0.005,130.0,1750620,16.31,31.36,1431,ok,,Sasha_v50,Sasha_v50/Sasha_v50_016.png,Sasha_v50_016.png,work/frames_raw/Sasha_v50/Sasha_v50_016.png,2160,3840,8294400,0.5625,2.251,190.13,169.435,PASS
17,2,2.0,2.0,71.43,68.97,10,STEP2_TECHNICAL_METRICS,Sasha_v50/Sasha_v50_017.png,2160,3840,2.382,200.257,170.287,45.569,0.008,0.004,116.0,1736559,19.71,34.43,1374,ok,,Sasha_v50,Sasha_v50/Sasha_v50_017.png,Sasha_v50_017.png,work/frames_raw/Sasha_v50/Sasha_v50_017.png,2160,3840,8294400,0.5625,2.382,200.257,170.287,PASS
18,2,2.0,2.0,42.86,58.62,16,STEP2_TECHNICAL_METRICS,Sasha_v50/Sasha_v50_018.png,2160,3840,2.225,193.951,170.032,46.095,0.009,0.004,118.0,1869976,15.83,32.63,1422,ok,,Sasha_v50,Sasha_v50/Sasha_v50_018.png,Sasha_v50_018.png,work/frames_raw/Sasha_v50/Sasha_v50_018.png,2160,3840,8294400,0.5625,2.225,193.951,170.032,PASS
19,2,2.0,2.0,75.0,65.52,9,STEP2_TECHNICAL_METRICS,Sasha_v50/Sasha_v50_019.png,2160,3840,2.389,198.228,168.336,46.516,0.01,0.004,126.0,1781257,19.95,33.69,1379,ok,,Sasha_v50,Sasha_v50/Sasha_v50_019.png,Sasha_v50_019.png,work/frames_raw/Sasha_v50/Sasha_v50_019.png,2160,3840,8294400,0.5625,2.389,198.228,168.336,PASS
20,2,2.0,2.0,53.57,48.28,15,STEP2_TECHNICAL_METRICS,Sasha_v50/Sasha_v50_020.png,2160,3840,2.29,185.32,168.919,46.037,0.011,0.004,119.0,1851174,17.2,30.4,1433,ok,,Sasha_v50,Sasha_v50/Sasha_v50_020.png,Sasha_v50_020.png,work/frames_raw/Sasha_v50/Sasha_v50_020.png,2160,3840,8294400,0.5625,2.29,185.32,168.919,PASS
21,2,2.0,2.0,46.43,51.72,18,STEP2_TECHNICAL_METRICS,Sasha_v50/Sasha_v50_021.png,2160,3840,2.237,187.988,169.167,46.476,0.012,0.004,127.0,1782814,16.07,31.04,1436,ok,,Sasha_v50,Sasha_v50/Sasha_v50_021.png,Sasha_v50_021.png,work/frames_raw/Sasha_v50/Sasha_v50_021.png,2160,3840,8294400,0.5625,2.237,187.988,169.167,PASS
22,2,2.0,2.0,96.43,89.66,3,STEP2_TECHNICAL_METRICS,Sasha_v50/Sasha_v50_022.png,2160,3840,2.454,224.436,170.094,45.851,0.01,0.004,118.0,1791819,21.74,38.45,1321,ok,,Sasha_v50,Sasha_v50/Sasha_v50_022.png,Sasha_v50_022.png,work/frames_raw/Sasha_v50/Sasha_v50_022.png,2160,3840,8294400,0.5625,2.454,224.436,170.094,PASS
23,2,2.0,2.0,82.14,86.21,5,STEP2_TECHNICAL_METRICS,Sasha_v50/Sasha_v50_023.png,2160,3840,2.41,223.853,169.655,45.266,0.009,0.004,111.0,1765408,20.67,38.4,1329,ok,,Sasha_v50,Sasha_v50/Sasha_v50_023.png,Sasha_v50_023.png,work/frames_raw/Sasha_v50/Sasha_v50_023.png,2160,3840,8294400,0.5625,2.41,223.853,169.655,PASS
24,2,2.0,2.0,89.29,75.86,6,STEP2_TECHNICAL_METRICS,Sasha_v50/Sasha_v50_024.png,2160,3840,2.434,213.848,168.46,45.637,0.009,0.004,117.0,1882454,21.21,37.18,1335,ok,,Sasha_v50,Sasha_v50/Sasha_v50_024.png,Sasha_v50_024.png,work/frames_raw/Sasha_v50/Sasha_v50_024.png,2160,3840,8294400,0.5625,2.434,213.848,168.46,PASS
25,2,2.0,2.0,67.86,72.41,11,STEP2_TECHNICAL_METRICS,Sasha_v50/Sasha_v50_025.png,2160,3840,2.381,206.005,170.975,43.723,0.009,0.004,101.0,1894520,19.65,35.65,1365,ok,,Sasha_v50,Sasha_v50/Sasha_v50_025.png,Sasha_v50_025.png,work/frames_raw/Sasha_v50/Sasha_v50_025.png,2160,3840,8294400,0.5625,2.381,206.005,170.975,PASS
26,2,2.0,2.0,92.86,79.31,4,STEP2_TECHNICAL_METRICS,Sasha_v50/Sasha_v50_026.png,2160,3840,2.44,215.634,171.028,42.978,0.008,0.004,97.0,1765361,21.45,37.71,1328,ok,,Sasha_v50,Sasha_v50/Sasha_v50_026.png,Sasha_v50_026.png,work/frames_raw/Sasha_v50/Sasha_v50_026.png,2160,3840,8294400,0.5625,2.44,215.634,171.028,PASS
27,2,2.0,2.0,64.29,93.1,7,STEP2_TECHNICAL_METRICS,Sasha_v50/Sasha_v50_027.png,2160,3840,2.38,225.812,169.372,42.355,0.009,0.002,94.0,1665688,19.59,38.61,1340,ok,,Sasha_v50,Sasha_v50/Sasha_v50_027.png,Sasha_v50_027.png,work/frames_raw/Sasha_v50/Sasha_v50_027.png,2160,3840,8294400,0.5625,2.38,225.812,169.372,PASS
28,2,2.0,2.0,100.0,96.55,1,STEP2_TECHNICAL_METRICS,Sasha_v50/Sasha_v50_028.png,2160,3840,2.541,238.44,167.169,44.571,0.01,0.004,106.0,1845133,23.54,40.31,1281,ok,,Sasha_v50,Sasha_v50/Sasha_v50_028.png,Sasha_v50_028.png,work/frames_raw/Sasha_v50/Sasha_v50_028.png,2160,3840,8294400,0.5625,2.541,238.44,167.169,PASS
29,2,2.0,2.0,92.86,100.0,2,STEP2_TECHNICAL_METRICS,Sasha_v50/Sasha_v50_029.png,2160,3840,2.44,247.786,166.483,45.694,0.011,0.004,114.0,1461952,21.45,41.21,1295,ok,,Sasha_v50,Sasha_v50/Sasha_v50_029.png,Sasha_v50_029.png,work/frames_raw/Sasha_v50/Sasha_v50_029.png,2160,3840,8294400,0.5625,2.44,247.786,166.483,PASS
30,2,2.0,2.0,57.14,82.76,12,STEP2_TECHNICAL_METRICS,Sasha_v50/Sasha_v50_030.png,2160,3840,2.326,220.905,168.786,43.263,0.011,0.003,98.0,1756634,18.22,38.24,1353,ok,,Sasha_v50,Sasha_v50/Sasha_v50_030.png,Sasha_v50_030.png,work/frames_raw/Sasha_v50/Sasha_v50_030.png,2160,3840,8294400,0.5625,2.326,220.905,168.786,PASS
1,2,2.0,2.0,95.0,95.0,2,STEP2_TECHNICAL_METRICS,Sasha_v51/Sasha_v51_001.png,2160,3840,5.637,624.415,156.057,58.84,0.064,0.032,147.0,3525977,69.65,74.63,500,ok,,Sasha_v51,Sasha_v51/Sasha_v51_001.png,Sasha_v51_001.png,work/frames_raw/Sasha_v51/Sasha_v51_001.png,2160,3840,8294400,0.5625,5.637,624.415,156.057,PASS
2,2,2.0,2.0,10.0,30.0,17,STEP2_TECHNICAL_METRICS,Sasha_v51/Sasha_v51_002.png,2160,3840,4.908,524.539,161.094,52.653,0.038,0.029,126.0,3943281,63.26,68.01,605,ok,,Sasha_v51,Sasha_v51/Sasha_v51_002.png,Sasha_v51_002.png,work/frames_raw/Sasha_v51/Sasha_v51_002.png,2160,3840,8294400,0.5625,4.908,524.539,161.094,PASS
3,2,2.0,2.0,25.0,5.0,18,STEP2_TECHNICAL_METRICS,Sasha_v51/Sasha_v51_003.png,2160,3840,4.964,485.587,151.704,51.89,0.034,0.028,127.0,4203197,64.1,65.04,624,ok,,Sasha_v51,Sasha_v51/Sasha_v51_003.png,Sasha_v51_003.png,work/frames_raw/Sasha_v51/Sasha_v51_003.png,2160,3840,8294400,0.5625,4.964,485.587,151.704,PASS
4,2,2.0,2.0,60.0,25.0,13,STEP2_TECHNICAL_METRICS,Sasha_v51/Sasha_v51_004.png,2160,3840,5.244,521.531,153.188,54.74,0.041,0.033,134.0,4310642,66.97,67.8,580,ok,,Sasha_v51,Sasha_v51/Sasha_v51_004.png,Sasha_v51_004.png,work/frames_raw/Sasha_v51/Sasha_v51_004.png,2160,3840,8294400,0.5625,5.244,521.531,153.188,PASS
5,2,2.0,2.0,75.0,90.0,4,STEP2_TECHNICAL_METRICS,Sasha_v51/Sasha_v51_005.png,2160,3840,5.436,612.382,147.796,56.925,0.061,0.024,144.0,3901730,68.52,73.68,520,ok,,Sasha_v51,Sasha_v51/Sasha_v51_005.png,Sasha_v51_005.png,work/frames_raw/Sasha_v51/Sasha_v51_005.png,2160,3840,8294400,0.5625,5.436,612.382,147.796,PASS
6,2,2.0,2.0,55.0,70.0,8,STEP2_TECHNICAL_METRICS,Sasha_v51/Sasha_v51_006.png,2160,3840,5.181,554.231,154.852,54.803,0.043,0.031,130.0,4115129,66.43,69.54,567,ok,,Sasha_v51,Sasha_v51/Sasha_v51_006.png,Sasha_v51_006.png,work/frames_raw/Sasha_v51/Sasha_v51_006.png,2160,3840,8294400,0.5625,5.181,554.231,154.852,PASS
7,2,2.0,2.0,70.0,80.0,5,STEP2_TECHNICAL_METRICS,Sasha_v51/Sasha_v51_007.png,2160,3840,5.384,575.595,151.569,55.562,0.045,0.027,136.0,4158198,68.22,70.76,549,ok,,Sasha_v51,Sasha_v51/Sasha_v51_007.png,Sasha_v51_007.png,work/frames_raw/Sasha_v51/Sasha_v51_007.png,2160,3840,8294400,0.5625,5.384,575.595,151.569,PASS
8,2,2.0,2.0,30.0,35.0,15,STEP2_TECHNICAL_METRICS,Sasha_v51/Sasha_v51_008.png,2160,3840,4.995,525.023,154.335,53.065,0.036,0.028,131.0,4270045,64.46,68.06,596,ok,,Sasha_v51,Sasha_v51/Sasha_v51_008.png,Sasha_v51_008.png,work/frames_raw/Sasha_v51/Sasha_v51_008.png,2160,3840,8294400,0.5625,4.995,525.023,154.335,PASS
9,2,2.0,2.0,40.0,55.0,10,STEP2_TECHNICAL_METRICS,Sasha_v51/Sasha_v51_009.png,2160,3840,5.103,540.042,144.525,56.313,0.058,0.018,137.0,4136701,65.65,68.91,581,ok,,Sasha_v51,Sasha_v51/Sasha_v51_009.png,Sasha_v51_009.png,work/frames_raw/Sasha_v51/Sasha_v51_009.png,2160,3840,8294400,0.5625,5.103,540.042,144.525,PASS
10,2,2.0,2.0,45.0,15.0,16,STEP2_TECHNICAL_METRICS,Sasha_v51/Sasha_v51_010.png,2160,3840,5.141,490.212,148.674,51.898,0.049,0.015,122.0,4542704,66.01,65.47,604,ok,,Sasha_v51,Sasha_v51/Sasha_v51_010.png,Sasha_v51_010.png,work/frames_raw/Sasha_v51/Sasha_v51_010.png,2160,3840,8294400,0.5625,5.141,490.212,148.674,PASS
11,2,2.0,2.0,100.0,100.0,1,STEP2_TECHNICAL_METRICS,Sasha_v51/Sasha_v51_011.png,2160,3840,6.076,641.218,149.043,54.101,0.052,0.018,130.0,5020060,72.52,75.58,457,ok,,Sasha_v51,Sasha_v51/Sasha_v51_011.png,Sasha_v51_011.png,work/frames_raw/Sasha_v51/Sasha_v51_011.png,2160,3840,8294400,0.5625,6.076,641.218,149.043,PASS
12,2,2.0,2.0,90.0,85.0,3,STEP2_TECHNICAL_METRICS,Sasha_v51/Sasha_v51_012.png,2160,3840,5.574,580.049,151.475,53.517,0.05,0.02,130.0,4737539,69.35,71.03,535,ok,,Sasha_v51,Sasha_v51/Sasha_v51_012.png,Sasha_v51_012.png,work/frames_raw/Sasha_v51/Sasha_v51_012.png,2160,3840,8294400,0.5625,5.574,580.049,151.475,PASS
13,2,2.0,2.0,80.0,60.0,7,STEP2_TECHNICAL_METRICS,Sasha_v51/Sasha_v51_013.png,2160,3840,5.441,544.991,151.32,53.678,0.049,0.018,131.0,4770034,68.64,69.07,558,ok,,Sasha_v51,Sasha_v51/Sasha_v51_013.png,Sasha_v51_013.png,work/frames_raw/Sasha_v51/Sasha_v51_013.png,2160,3840,8294400,0.5625,5.441,544.991,151.32,PASS
14,2,2.0,2.0,85.0,65.0,6,STEP2_TECHNICAL_METRICS,Sasha_v51/Sasha_v51_014.png,2160,3840,5.554,549.837,152.024,53.986,0.048,0.017,132.0,4775294,69.18,69.33,551,ok,,Sasha_v51,Sasha_v51/Sasha_v51_014.png,Sasha_v51_014.png,work/frames_raw/Sasha_v51/Sasha_v51_014.png,2160,3840,8294400,0.5625,5.554,549.837,152.024,PASS
15,2,2.0,2.0,20.0,10.0,19,STEP2_TECHNICAL_METRICS,Sasha_v51/Sasha_v51_015.png,2160,3840,4.946,488.255,149.442,53.712,0.041,0.013,135.0,3669729,63.98,65.2,621,ok,,Sasha_v51,Sasha_v51/Sasha_v51_015.png,Sasha_v51_015.png,work/frames_raw/Sasha_v51/Sasha_v51_015.png,2160,3840,8294400,0.5625,4.946,488.255,149.442,PASS
16,2,2.0,2.0,35.0,50.0,14,STEP2_TECHNICAL_METRICS,Sasha_v51/Sasha_v51_016.png,2160,3840,5.019,532.742,150.071,56.188,0.05,0.023,141.0,4088031,64.81,68.49,589,ok,,Sasha_v51,Sasha_v51/Sasha_v51_016.png,Sasha_v51_016.png,work/frames_raw/Sasha_v51/Sasha_v51_016.png,2160,3840,8294400,0.5625,5.019,532.742,150.071,PASS
17,2,2.0,2.0,15.0,75.0,12,STEP2_TECHNICAL_METRICS,Sasha_v51/Sasha_v51_017.png,2160,3840,4.926,557.834,148.588,56.119,0.065,0.022,143.0,4067598,63.56,69.97,588,ok,,Sasha_v51,Sasha_v51/Sasha_v51_017.png,Sasha_v51_017.png,work/frames_raw/Sasha_v51/Sasha_v51_017.png,2160,3840,8294400,0.5625,4.926,557.834,148.588,PASS
18,2,2.0,2.0,50.0,45.0,11,STEP2_TECHNICAL_METRICS,Sasha_v51/Sasha_v51_018.png,2160,3840,5.17,528.772,152.17,52.816,0.038,0.023,128.0,4334918,66.25,68.27,582,ok,,Sasha_v51,Sasha_v51/Sasha_v51_018.png,Sasha_v51_018.png,work/frames_raw/Sasha_v51/Sasha_v51_018.png,2160,3840,8294400,0.5625,5.17,528.772,152.17,PASS
19,2,2.0,2.0,65.0,40.0,9,STEP2_TECHNICAL_METRICS,Sasha_v51/Sasha_v51_019.png,2160,3840,5.335,527.374,148.585,51.993,0.037,0.021,124.0,4586579,67.68,68.17,570,ok,,Sasha_v51,Sasha_v51/Sasha_v51_019.png,Sasha_v51_019.png,work/frames_raw/Sasha_v51/Sasha_v51_019.png,2160,3840,8294400,0.5625,5.335,527.374,148.585,PASS
20,2,2.0,2.0,5.0,20.0,20,STEP2_TECHNICAL_METRICS,Sasha_v51/Sasha_v51_020.png,2160,3840,4.699,499.247,151.075,53.178,0.042,0.02,128.0,4026273,61.29,66.21,644,ok,,Sasha_v51,Sasha_v51/Sasha_v51_020.png,Sasha_v51_020.png,work/frames_raw/Sasha_v51/Sasha_v51_020.png,2160,3840,8294400,0.5625,4.699,499.247,151.075,PASS
21,2,2.0,2.0,0.0,0.0,21,STEP2_TECHNICAL_METRICS,Sasha_v51/Sasha_v51_021.png,2160,3840,4.562,453.135,148.749,53.875,0.042,0.024,129.0,4277121,59.92,62.98,686,ok,,Sasha_v51,Sasha_v51/Sasha_v51_021.png,Sasha_v51_021.png,work/frames_raw/Sasha_v51/Sasha_v51_021.png,2160,3840,8294400,0.5625,4.562,453.135,148.749,PASS
1,2,2.0,2.0,81.13,76.79,13,STEP2_TECHNICAL_METRICS,Sasha_v52/Sasha_v52_001.png,2160,3840,1.771,75.213,96.042,38.033,0.073,0.0,100.0,2085735,7.77,7.52,1774,ok,,Sasha_v52,Sasha_v52/Sasha_v52_001.png,Sasha_v52_001.png,work/frames_raw/Sasha_v52/Sasha_v52_001.png,2160,3840,8294400,0.5625,1.771,75.213,96.042,PASS
2,2,2.0,2.0,67.92,26.79,32,STEP2_TECHNICAL_METRICS,Sasha_v52/Sasha_v52_002.png,2160,3840,1.707,57.0,98.725,35.024,0.033,0.0,99.0,2193954,6.63,3.65,1810,ok,,Sasha_v52,Sasha_v52/Sasha_v52_002.png,Sasha_v52_002.png,work/frames_raw/Sasha_v52/Sasha_v52_002.png,2160,3840,8294400,0.5625,1.707,57.0,98.725,PASS
3,2,2.0,2.0,84.91,71.43,14,STEP2_TECHNICAL_METRICS,Sasha_v52/Sasha_v52_003.png,2160,3840,1.78,74.227,110.248,36.477,0.029,0.0,102.0,2082150,7.95,7.2,1775,ok,,Sasha_v52,Sasha_v52/Sasha_v52_003.png,Sasha_v52_003.png,work/frames_raw/Sasha_v52/Sasha_v52_003.png,2160,3840,8294400,0.5625,1.78,74.227,110.248,PASS
4,2,2.0,2.0,90.57,73.21,9,STEP2_TECHNICAL_METRICS,Sasha_v52/Sasha_v52_004.png,2160,3840,1.835,75.018,111.659,35.599,0.025,0.0,104.0,2239103,8.36,7.36,1766,ok,,Sasha_v52,Sasha_v52/Sasha_v52_004.png,Sasha_v52_004.png,work/frames_raw/Sasha_v52/Sasha_v52_004.png,2160,3840,8294400,0.5625,1.835,75.018,111.659,PASS
5,2,2.0,2.0,98.11,100.0,2,STEP2_TECHNICAL_METRICS,Sasha_v52/Sasha_v52_005.png,2160,3840,2.089,96.581,109.534,36.56,0.032,0.0,105.0,2324776,13.08,12.02,1656,ok,,Sasha_v52,Sasha_v52/Sasha_v52_005.png,Sasha_v52_005.png,work/frames_raw/Sasha_v52/Sasha_v52_005.png,2160,3840,8294400,0.5625,2.089,96.581,109.534,PASS
6,2,2.0,2.0,94.34,91.07,3,STEP2_TECHNICAL_METRICS,Sasha_v52/Sasha_v52_006.png,2160,3840,1.955,80.708,108.021,36.601,0.032,0.0,104.0,2344960,10.45,8.53,1731,ok,,Sasha_v52,Sasha_v52/Sasha_v52_006.png,Sasha_v52_006.png,work/frames_raw/Sasha_v52/Sasha_v52_006.png,2160,3840,8294400,0.5625,1.955,80.708,108.021,PASS
7,2,2.0,2.0,96.23,87.5,4,STEP2_TECHNICAL_METRICS,Sasha_v52/Sasha_v52_007.png,2160,3840,2.017,80.162,105.411,35.802,0.035,0.0,99.0,2305484,11.71,8.37,1715,ok,,Sasha_v52,Sasha_v52/Sasha_v52_007.png,Sasha_v52_007.png,work/frames_raw/Sasha_v52/Sasha_v52_007.png,2160,3840,8294400,0.5625,2.017,80.162,105.411,PASS
8,2,2.0,2.0,92.45,89.29,5,STEP2_TECHNICAL_METRICS,Sasha_v52/Sasha_v52_008.png,2160,3840,1.921,80.529,107.974,36.047,0.033,0.0,103.0,2378491,9.68,8.47,1744,ok,,Sasha_v52,Sasha_v52/Sasha_v52_008.png,Sasha_v52_008.png,work/frames_raw/Sasha_v52/Sasha_v52_008.png,2160,3840,8294400,0.5625,1.921,80.529,107.974,PASS
9,2,2.0,2.0,7.55,37.5,44,STEP2_TECHNICAL_METRICS,Sasha_v52/Sasha_v52_009.png,2160,3840,1.443,61.354,106.633,35.812,0.035,0.0,100.0,1706185,2.99,4.4,1837,ok,,Sasha_v52,Sasha_v52/Sasha_v52_009.png,Sasha_v52_009.png,work/frames_raw/Sasha_v52/Sasha_v52_009.png,2160,3840,8294400,0.5625,1.443,61.354,106.633,PASS
10,2,2.0,2.0,22.64,39.29,40,STEP2_TECHNICAL_METRICS,Sasha_v52/Sasha_v52_010.png,2160,3840,1.484,61.579,110.336,35.49,0.027,0.0,99.0,1763474,3.64,4.45,1830,ok,,Sasha_v52,Sasha_v52/Sasha_v52_010.png,Sasha_v52_010.png,work/frames_raw/Sasha_v52/Sasha_v52_010.png,2160,3840,8294400,0.5625,1.484,61.579,110.336,PASS
11,2,2.0,2.0,58.49,66.07,24,STEP2_TECHNICAL_METRICS,Sasha_v52/Sasha_v52_011.png,2160,3840,1.66,71.811,113.141,36.69,0.026,0.0,104.0,1935713,5.73,6.73,1798,ok,,Sasha_v52,Sasha_v52/Sasha_v52_011.png,Sasha_v52_011.png,work/frames_raw/Sasha_v52/Sasha_v52_011.png,2160,3840,8294400,0.5625,1.66,71.811,113.141,PASS
12,2,2.0,2.0,41.51,67.86,26,STEP2_TECHNICAL_METRICS,Sasha_v52/Sasha_v52_012.png,2160,3840,1.596,72.537,114.324,36.805,0.027,0.0,101.0,1897072,4.78,6.89,1803,ok,,Sasha_v52,Sasha_v52/Sasha_v52_012.png,Sasha_v52_012.png,work/frames_raw/Sasha_v52/Sasha_v52_012.png,2160,3840,8294400,0.5625,1.596,72.537,114.324,PASS
13,2,2.0,2.0,75.47,92.86,8,STEP2_TECHNICAL_METRICS,Sasha_v52/Sasha_v52_013.png,2160,3840,1.76,81.796,115.418,37.016,0.027,0.0,99.0,2001944,7.47,8.74,1764,ok,,Sasha_v52,Sasha_v52/Sasha_v52_013.png,Sasha_v52_013.png,work/frames_raw/Sasha_v52/Sasha_v52_013.png,2160,3840,8294400,0.5625,1.76,81.796,115.418,PASS
14,2,2.0,2.0,41.51,60.71,27,STEP2_TECHNICAL_METRICS,Sasha_v52/Sasha_v52_014.png,2160,3840,1.596,68.322,115.054,36.578,0.025,0.0,100.0,1816037,4.78,5.99,1807,ok,,Sasha_v52,Sasha_v52/Sasha_v52_014.png,Sasha_v52_014.png,work/frames_raw/Sasha_v52/Sasha_v52_014.png,2160,3840,8294400,0.5625,1.596,68.322,115.054,PASS
15,2,2.0,2.0,60.38,94.64,15,STEP2_TECHNICAL_METRICS,Sasha_v52/Sasha_v52_015.png,2160,3840,1.665,86.099,114.885,36.827,0.03,0.0,96.0,1727885,5.85,9.48,1773,ok,,Sasha_v52,Sasha_v52/Sasha_v52_015.png,Sasha_v52_015.png,work/frames_raw/Sasha_v52/Sasha_v52_015.png,2160,3840,8294400,0.5625,1.665,86.099,114.885,PASS
16,2,2.0,2.0,64.15,62.5,22,STEP2_TECHNICAL_METRICS,Sasha_v52/Sasha_v52_016.png,2160,3840,1.671,70.533,120.37,39.144,0.03,0.0,117.0,1988444,5.97,6.41,1799,ok,,Sasha_v52,Sasha_v52/Sasha_v52_016.png,Sasha_v52_016.png,work/frames_raw/Sasha_v52/Sasha_v52_016.png,2160,3840,8294400,0.5625,1.671,70.533,120.37,PASS
17,2,2.0,2.0,30.19,41.07,36,STEP2_TECHNICAL_METRICS,Sasha_v52/Sasha_v52_017.png,2160,3840,1.569,62.116,114.93,37.456,0.029,0.0,109.0,1993110,4.24,4.5,1823,ok,,Sasha_v52,Sasha_v52/Sasha_v52_017.png,Sasha_v52_017.png,work/frames_raw/Sasha_v52/Sasha_v52_017.png,2160,3840,8294400,0.5625,1.569,62.116,114.93,PASS
18,2,2.0,2.0,37.74,17.86,41,STEP2_TECHNICAL_METRICS,Sasha_v52/Sasha_v52_018.png,2160,3840,1.588,52.034,115.935,34.414,0.023,0.0,91.0,2022312,4.54,3.18,1833,ok,,Sasha_v52,Sasha_v52/Sasha_v52_018.png,Sasha_v52_018.png,work/frames_raw/Sasha_v52/Sasha_v52_018.png,2160,3840,8294400,0.5625,1.588,52.034,115.935,PASS
19,2,2.0,2.0,77.36,83.93,11,STEP2_TECHNICAL_METRICS,Sasha_v52/Sasha_v52_019.png,2160,3840,1.764,77.26,114.112,36.359,0.031,0.0,92.0,2189962,7.65,8.05,1767,ok,,Sasha_v52,Sasha_v52/Sasha_v52_019.png,Sasha_v52_019.png,work/frames_raw/Sasha_v52/Sasha_v52_019.png,2160,3840,8294400,0.5625,1.764,77.26,114.112,PASS
20,2,2.0,2.0,13.21,23.21,48,STEP2_TECHNICAL_METRICS,Sasha_v52/Sasha_v52_020.png,2160,3840,1.457,54.254,116.326,37.011,0.03,0.0,97.0,1866582,3.23,3.34,1844,ok,,Sasha_v52,Sasha_v52/Sasha_v52_020.png,Sasha_v52_020.png,work/frames_raw/Sasha_v52/Sasha_v52_020.png,2160,3840,8294400,0.5625,1.457,54.254,116.326,PASS
21,2,2.0,2.0,69.81,58.93,20,STEP2_TECHNICAL_METRICS,Sasha_v52/Sasha_v52_021.png,2160,3840,1.731,68.261,115.301,35.67,0.024,0.0,95.0,2173652,7.05,5.88,1790,ok,,Sasha_v52,Sasha_v52/Sasha_v52_021.png,Sasha_v52_021.png,work/frames_raw/Sasha_v52/Sasha_v52_021.png,2160,3840,8294400,0.5625,1.731,68.261,115.301,PASS
22,2,2.0,2.0,79.25,80.36,12,STEP2_TECHNICAL_METRICS,Sasha_v52/Sasha_v52_022.png,2160,3840,1.767,76.764,115.17,38.709,0.036,0.0,107.0,2170752,7.71,7.89,1769,ok,,Sasha_v52,Sasha_v52/Sasha_v52_022.png,Sasha_v52_022.png,work/frames_raw/Sasha_v52/Sasha_v52_022.png,2160,3840,8294400,0.5625,1.767,76.764,115.17,PASS
23,2,2.0,2.0,20.75,12.5,49,STEP2_TECHNICAL_METRICS,Sasha_v52/Sasha_v52_023.png,2160,3840,1.482,50.042,113.634,35.956,0.031,0.0,96.0,1931571,3.58,2.75,1846,ok,,Sasha_v52,Sasha_v52/Sasha_v52_023.png,Sasha_v52_023.png,work/frames_raw/Sasha_v52/Sasha_v52_023.png,2160,3840,8294400,0.5625,1.482,50.042,113.634,PASS
24,2,2.0,2.0,62.26,69.64,18,STEP2_TECHNICAL_METRICS,Sasha_v52/Sasha_v52_024.png,2160,3840,1.669,72.576,116.027,32.391,0.015,0.0,72.0,2074620,5.91,6.94,1791,ok,,Sasha_v52,Sasha_v52/Sasha_v52_024.png,Sasha_v52_024.png,work/frames_raw/Sasha_v52/Sasha_v52_024.png,2160,3840,8294400,0.5625,1.669,72.576,116.027,PASS
25,2,2.0,2.0,69.81,64.29,17,STEP2_TECHNICAL_METRICS,Sasha_v52/Sasha_v52_025.png,2160,3840,1.731,71.761,111.748,35.151,0.024,0.0,90.0,2117784,7.05,6.57,1784,ok,,Sasha_v52,Sasha_v52/Sasha_v52_025.png,Sasha_v52_025.png,work/frames_raw/Sasha_v52/Sasha_v52_025.png,2160,3840,8294400,0.5625,1.731,71.761,111.748,PASS
26,2,2.0,2.0,86.79,75.0,10,STEP2_TECHNICAL_METRICS,Sasha_v52/Sasha_v52_026.png,2160,3840,1.794,75.15,113.954,35.735,0.023,0.0,93.0,2152252,8.0,7.42,1771,ok,,Sasha_v52,Sasha_v52/Sasha_v52_026.png,Sasha_v52_026.png,work/frames_raw/Sasha_v52/Sasha_v52_026.png,2160,3840,8294400,0.5625,1.794,75.15,113.954,PASS
27,2,2.0,2.0,54.72,44.64,28,STEP2_TECHNICAL_METRICS,Sasha_v52/Sasha_v52_027.png,2160,3840,1.64,62.455,114.385,34.916,0.023,0.0,85.0,2086926,5.38,4.71,1812,ok,,Sasha_v52,Sasha_v52/Sasha_v52_027.png,Sasha_v52_027.png,work/frames_raw/Sasha_v52/Sasha_v52_027.png,2160,3840,8294400,0.5625,1.64,62.455,114.385,PASS
28,2,2.0,2.0,88.68,85.71,7,STEP2_TECHNICAL_METRICS,Sasha_v52/Sasha_v52_028.png,2160,3840,1.81,77.37,114.741,35.881,0.027,0.0,88.0,2172694,8.12,8.1,1763,ok,,Sasha_v52,Sasha_v52/Sasha_v52_028.png,Sasha_v52_028.png,work/frames_raw/Sasha_v52/Sasha_v52_028.png,2160,3840,8294400,0.5625,1.81,77.37,114.741,PASS
29,2,2.0,2.0,83.02,96.43,6,STEP2_TECHNICAL_METRICS,Sasha_v52/Sasha_v52_029.png,2160,3840,1.773,90.337,114.41,35.848,0.028,0.0,84.0,1970810,7.83,10.75,1738,ok,,Sasha_v52,Sasha_v52/Sasha_v52_029.png,Sasha_v52_029.png,work/frames_raw/Sasha_v52/Sasha_v52_029.png,2160,3840,8294400,0.5625,1.773,90.337,114.41,PASS
30,2,2.0,2.0,56.6,78.57,16,STEP2_TECHNICAL_METRICS,Sasha_v52/Sasha_v52_030.png,2160,3840,1.654,76.613,115.136,37.326,0.032,0.0,103.0,1957397,5.62,7.84,1787,ok,,Sasha_v52,Sasha_v52/Sasha_v52_030.png,Sasha_v52_030.png,work/frames_raw/Sasha_v52/Sasha_v52_030.png,2160,3840,8294400,0.5625,1.654,76.613,115.136,PASS
31,2,2.0,2.0,0.0,1.79,57,STEP2_TECHNICAL_METRICS,Sasha_v52/Sasha_v52_031.png,2160,3840,1.335,43.437,111.082,31.623,0.021,0.0,81.0,1816161,1.97,1.91,1859,ok,,Sasha_v52,Sasha_v52/Sasha_v52_031.png,Sasha_v52_031.png,work/frames_raw/Sasha_v52/Sasha_v52_031.png,2160,3840,8294400,0.5625,1.335,43.437,111.082,PASS
32,2,2.0,2.0,1.89,3.57,56,STEP2_TECHNICAL_METRICS,Sasha_v52/Sasha_v52_032.png,2160,3840,1.387,43.521,112.396,33.779,0.029,0.0,79.0,1811332,2.33,1.96,1857,ok,,Sasha_v52,Sasha_v52/Sasha_v52_032.png,Sasha_v52_032.png,work/frames_raw/Sasha_v52/Sasha_v52_032.png,2160,3840,8294400,0.5625,1.387,43.521,112.396,PASS
33,2,2.0,2.0,16.98,28.57,43,STEP2_TECHNICAL_METRICS,Sasha_v52/Sasha_v52_033.png,2160,3840,1.463,58.61,114.362,34.248,0.024,0.0,85.0,1833087,3.35,3.81,1838,ok,,Sasha_v52,Sasha_v52/Sasha_v52_033.png,Sasha_v52_033.png,work/frames_raw/Sasha_v52/Sasha_v52_033.png,2160,3840,8294400,0.5625,1.463,58.61,114.362,PASS
34,2,2.0,2.0,3.77,10.71,55,STEP2_TECHNICAL_METRICS,Sasha_v52/Sasha_v52_034.png,2160,3840,1.392,49.255,110.895,32.319,0.021,0.0,86.0,1741259,2.39,2.6,1853,ok,,Sasha_v52,Sasha_v52/Sasha_v52_034.png,Sasha_v52_034.png,work/frames_raw/Sasha_v52/Sasha_v52_034.png,2160,3840,8294400,0.5625,1.392,49.255,110.895,PASS
35,2,2.0,2.0,24.53,14.29,47,STEP2_TECHNICAL_METRICS,Sasha_v52/Sasha_v52_035.png,2160,3840,1.504,51.3,112.909,33.423,0.027,0.0,80.0,1970533,3.88,2.91,1841,ok,,Sasha_v52,Sasha_v52/Sasha_v52_035.png,Sasha_v52_035.png,work/frames_raw/Sasha_v52/Sasha_v52_035.png,2160,3840,8294400,0.5625,1.504,51.3,112.909,PASS
36,2,2.0,2.0,15.09,16.07,50,STEP2_TECHNICAL_METRICS,Sasha_v52/Sasha_v52_036.png,2160,3840,1.46,51.676,119.439,34.436,0.023,0.0,86.0,1890985,3.29,3.07,1845,ok,,Sasha_v52,Sasha_v52/Sasha_v52_036.png,Sasha_v52_036.png,work/frames_raw/Sasha_v52/Sasha_v52_036.png,2160,3840,8294400,0.5625,1.46,51.676,119.439,PASS
37,2,2.0,2.0,18.87,21.43,46,STEP2_TECHNICAL_METRICS,Sasha_v52/Sasha_v52_037.png,2160,3840,1.468,52.485,114.073,37.657,0.031,0.0,110.0,1863820,3.41,3.28,1842,ok,,Sasha_v52,Sasha_v52/Sasha_v52_037.png,Sasha_v52_037.png,work/frames_raw/Sasha_v52/Sasha_v52_037.png,2160,3840,8294400,0.5625,1.468,52.485,114.073,PASS
38,2,2.0,2.0,39.62,50.0,33,STEP2_TECHNICAL_METRICS,Sasha_v52/Sasha_v52_038.png,2160,3840,1.591,64.248,115.257,37.635,0.025,0.0,98.0,2042397,4.66,4.93,1816,ok,,Sasha_v52,Sasha_v52/Sasha_v52_038.png,Sasha_v52_038.png,work/frames_raw/Sasha_v52/Sasha_v52_038.png,2160,3840,8294400,0.5625,1.591,64.248,115.257,PASS
39,2,2.0,2.0,50.94,46.43,29,STEP2_TECHNICAL_METRICS,Sasha_v52/Sasha_v52_039.png,2160,3840,1.637,62.816,117.176,38.294,0.03,0.0,105.0,2121117,5.26,4.77,1813,ok,,Sasha_v52,Sasha_v52/Sasha_v52_039.png,Sasha_v52_039.png,work/frames_raw/Sasha_v52/Sasha_v52_039.png,2160,3840,8294400,0.5625,1.637,62.816,117.176,PASS
40,2,2.0,2.0,73.58,53.57,21,STEP2_TECHNICAL_METRICS,Sasha_v52/Sasha_v52_040.png,2160,3840,1.758,65.756,116.512,37.609,0.029,0.0,109.0,2266066,7.41,5.35,1792,ok,,Sasha_v52,Sasha_v52/Sasha_v52_040.png,Sasha_v52_040.png,work/frames_raw/Sasha_v52/Sasha_v52_040.png,2160,3840,8294400,0.5625,1.758,65.756,116.512,PASS
41,2,2.0,2.0,43.4,82.14,23,STEP2_TECHNICAL_METRICS,Sasha_v52/Sasha_v52_041.png,2160,3840,1.616,77.176,113.801,37.303,0.034,0.0,103.0,2093146,4.96,8.0,1789,ok,,Sasha_v52,Sasha_v52/Sasha_v52_041.png,Sasha_v52_041.png,work/frames_raw/Sasha_v52/Sasha_v52_041.png,2160,3840,8294400,0.5625,1.616,77.176,113.801,PASS
42,2,2.0,2.0,11.32,5.36,52,STEP2_TECHNICAL_METRICS,Sasha_v52/Sasha_v52_042.png,2160,3840,1.455,43.632,117.787,30.638,0.014,0.0,64.0,1961898,3.17,2.01,1851,ok,,Sasha_v52,Sasha_v52/Sasha_v52_042.png,Sasha_v52_042.png,work/frames_raw/Sasha_v52/Sasha_v52_042.png,2160,3840,8294400,0.5625,1.455,43.632,117.787,PASS
43,2,2.0,2.0,49.06,35.71,34,STEP2_TECHNICAL_METRICS,Sasha_v52/Sasha_v52_043.png,2160,3840,1.629,60.131,111.336,33.59,0.022,0.0,79.0,2002461,5.2,4.24,1817,ok,,Sasha_v52,Sasha_v52/Sasha_v52_043.png,Sasha_v52_043.png,work/frames_raw/Sasha_v52/Sasha_v52_043.png,2160,3840,8294400,0.5625,1.629,60.131,111.336,PASS
44,2,2.0,2.0,11.32,30.36,45,STEP2_TECHNICAL_METRICS,Sasha_v52/Sasha_v52_044.png,2160,3840,1.455,58.849,114.748,33.154,0.029,0.0,75.0,1888809,3.17,3.92,1839,ok,,Sasha_v52,Sasha_v52/Sasha_v52_044.png,Sasha_v52_044.png,work/frames_raw/Sasha_v52/Sasha_v52_044.png,2160,3840,8294400,0.5625,1.455,58.849,114.748,PASS
45,2,2.0,2.0,9.43,7.14,53,STEP2_TECHNICAL_METRICS,Sasha_v52/Sasha_v52_045.png,2160,3840,1.453,44.841,112.555,32.195,0.027,0.0,75.0,1925161,3.11,2.12,1850,ok,,Sasha_v52,Sasha_v52/Sasha_v52_045.png,Sasha_v52_045.png,work/frames_raw/Sasha_v52/Sasha_v52_045.png,2160,3840,8294400,0.5625,1.453,44.841,112.555,PASS
46,2,2.0,2.0,33.96,33.93,38,STEP2_TECHNICAL_METRICS,Sasha_v52/Sasha_v52_046.png,2160,3840,1.577,58.976,111.994,33.286,0.019,0.0,77.0,2015681,4.42,4.08,1825,ok,,Sasha_v52,Sasha_v52/Sasha_v52_046.png,Sasha_v52_046.png,work/frames_raw/Sasha_v52/Sasha_v52_046.png,2160,3840,8294400,0.5625,1.577,58.976,111.994,PASS
47,2,2.0,2.0,47.17,48.21,31,STEP2_TECHNICAL_METRICS,Sasha_v52/Sasha_v52_047.png,2160,3840,1.622,63.847,113.933,33.363,0.026,0.0,74.0,2119645,5.14,4.82,1815,ok,,Sasha_v52,Sasha_v52/Sasha_v52_047.png,Sasha_v52_047.png,work/frames_raw/Sasha_v52/Sasha_v52_047.png,2160,3840,8294400,0.5625,1.622,63.847,113.933,PASS
48,2,2.0,2.0,32.08,32.14,39,STEP2_TECHNICAL_METRICS,Sasha_v52/Sasha_v52_048.png,2160,3840,1.575,58.915,115.194,39.667,0.034,0.0,118.0,2072073,4.3,4.03,1827,ok,,Sasha_v52,Sasha_v52/Sasha_v52_048.png,Sasha_v52_048.png,work/frames_raw/Sasha_v52/Sasha_v52_048.png,2160,3840,8294400,0.5625,1.575,58.915,115.194,PASS
49,2,2.0,2.0,26.42,42.86,37,STEP2_TECHNICAL_METRICS,Sasha_v52/Sasha_v52_049.png,2160,3840,1.512,62.383,111.97,39.915,0.03,0.0,112.0,1886924,3.94,4.61,1824,ok,,Sasha_v52,Sasha_v52/Sasha_v52_049.png,Sasha_v52_049.png,work/frames_raw/Sasha_v52/Sasha_v52_049.png,2160,3840,8294400,0.5625,1.512,62.383,111.97,PASS
50,2,2.0,2.0,71.7,57.14,19,STEP2_TECHNICAL_METRICS,Sasha_v52/Sasha_v52_050.png,2160,3840,1.741,66.536,113.497,39.143,0.033,0.0,113.0,2162532,7.17,5.56,1793,ok,,Sasha_v52,Sasha_v52/Sasha_v52_050.png,Sasha_v52_050.png,work/frames_raw/Sasha_v52/Sasha_v52_050.png,2160,3840,8294400,0.5625,1.741,66.536,113.497,PASS
51,2,2.0,2.0,35.85,19.64,42,STEP2_TECHNICAL_METRICS,Sasha_v52/Sasha_v52_051.png,2160,3840,1.584,52.14,110.926,38.919,0.028,0.0,105.0,2156206,4.48,3.23,1834,ok,,Sasha_v52,Sasha_v52/Sasha_v52_051.png,Sasha_v52_051.png,work/frames_raw/Sasha_v52/Sasha_v52_051.png,2160,3840,8294400,0.5625,1.584,52.14,110.926,PASS
52,2,2.0,2.0,5.66,8.93,54,STEP2_TECHNICAL_METRICS,Sasha_v52/Sasha_v52_052.png,2160,3840,1.398,46.446,108.538,33.235,0.015,0.0,80.0,1773779,2.57,2.33,1855,ok,,Sasha_v52,Sasha_v52/Sasha_v52_052.png,Sasha_v52_052.png,work/frames_raw/Sasha_v52/Sasha_v52_052.png,2160,3840,8294400,0.5625,1.398,46.446,108.538,PASS
53,2,2.0,2.0,66.04,55.36,25,STEP2_TECHNICAL_METRICS,Sasha_v52/Sasha_v52_053.png,2160,3840,1.697,66.51,112.361,34.092,0.025,0.0,85.0,2122756,6.45,5.51,1802,ok,,Sasha_v52,Sasha_v52/Sasha_v52_053.png,Sasha_v52_053.png,work/frames_raw/Sasha_v52/Sasha_v52_053.png,2160,3840,8294400,0.5625,1.697,66.51,112.361,PASS
54,2,2.0,2.0,100.0,98.21,1,STEP2_TECHNICAL_METRICS,Sasha_v52/Sasha_v52_054.png,2160,3840,2.128,94.696,111.39,35.579,0.031,0.0,94.0,2386239,14.1,11.6,1652,ok,,Sasha_v52,Sasha_v52/Sasha_v52_054.png,Sasha_v52_054.png,work/frames_raw/Sasha_v52/Sasha_v52_054.png,2160,3840,8294400,0.5625,2.128,94.696,111.39,PASS
55,2,2.0,2.0,52.83,25.0,35,STEP2_TECHNICAL_METRICS,Sasha_v52/Sasha_v52_055.png,2160,3840,1.638,56.299,113.307,33.871,0.023,0.0,81.0,2104743,5.32,3.55,1821,ok,,Sasha_v52,Sasha_v52/Sasha_v52_055.png,Sasha_v52_055.png,work/frames_raw/Sasha_v52/Sasha_v52_055.png,2160,3840,8294400,0.5625,1.638,56.299,113.307,PASS
56,2,2.0,2.0,45.28,51.79,30,STEP2_TECHNICAL_METRICS,Sasha_v52/Sasha_v52_056.png,2160,3840,1.62,64.539,114.423,36.359,0.028,0.0,98.0,2134418,5.08,5.19,1811,ok,,Sasha_v52,Sasha_v52/Sasha_v52_056.png,Sasha_v52_056.png,work/frames_raw/Sasha_v52/Sasha_v52_056.png,2160,3840,8294400,0.5625,1.62,64.539,114.423,PASS
57,2,2.0,2.0,28.3,0.0,51,STEP2_TECHNICAL_METRICS,Sasha_v52/Sasha_v52_057.png,2160,3840,1.568,38.603,116.892,36.795,0.016,0.0,99.0,2144851,4.18,1.17,1848,ok,,Sasha_v52,Sasha_v52/Sasha_v52_057.png,Sasha_v52_057.png,work/frames_raw/Sasha_v52/Sasha_v52_057.png,2160,3840,8294400,0.5625,1.568,38.603,116.892,PASS
1,2,2.0,2.0,3.45,3.45,29,STEP2_TECHNICAL_METRICS,Sasha_v53/Sasha_v53_001.png,2160,3840,93.088,6917.335,162.837,60.336,0.043,0.077,160.0,9632552,98.15,97.78,39,ok,,Sasha_v53,Sasha_v53/Sasha_v53_001.png,Sasha_v53_001.png,work/frames_raw/Sasha_v53/Sasha_v53_001.png,2160,3840,8294400,0.5625,93.088,6917.335,162.837,PASS
2,2,2.0,2.0,24.14,41.38,21,STEP2_TECHNICAL_METRICS,Sasha_v53/Sasha_v53_002.png,2160,3840,108.945,8357.624,163.621,63.797,0.056,0.109,179.0,10614190,98.69,98.62,26,ok,,Sasha_v53,Sasha_v53/Sasha_v53_002.png,Sasha_v53_002.png,work/frames_raw/Sasha_v53/Sasha_v53_002.png,2160,3840,8294400,0.5625,108.945,8357.624,163.621,PASS
3,2,2.0,2.0,72.41,82.76,7,STEP2_TECHNICAL_METRICS,Sasha_v53/Sasha_v53_003.png,2160,3840,142.44,10506.471,164.262,66.165,0.053,0.103,179.0,12679049,99.52,99.74,7,ok,,Sasha_v53,Sasha_v53/Sasha_v53_003.png,Sasha_v53_003.png,work/frames_raw/Sasha_v53/Sasha_v53_003.png,2160,3840,8294400,0.5625,142.44,10506.471,164.262,PASS
4,2,2.0,2.0,89.66,89.66,4,STEP2_TECHNICAL_METRICS,Sasha_v53/Sasha_v53_004.png,2160,3840,158.925,11237.373,164.384,63.612,0.045,0.103,176.0,12471308,99.82,99.84,4,ok,,Sasha_v53,Sasha_v53/Sasha_v53_004.png,Sasha_v53_004.png,work/frames_raw/Sasha_v53/Sasha_v53_004.png,2160,3840,8294400,0.5625,158.925,11237.373,164.384,PASS
5,2,2.0,2.0,100.0,96.55,1,STEP2_TECHNICAL_METRICS,Sasha_v53/Sasha_v53_005.png,2160,3840,172.647,12128.165,164.259,63.538,0.049,0.104,176.0,13127989,100.0,99.95,1,ok,,Sasha_v53,Sasha_v53/Sasha_v53_005.png,Sasha_v53_005.png,work/frames_raw/Sasha_v53/Sasha_v53_005.png,2160,3840,8294400,0.5625,172.647,12128.165,164.259,PASS
6,2,2.0,2.0,86.21,86.21,5,STEP2_TECHNICAL_METRICS,Sasha_v53/Sasha_v53_006.png,2160,3840,148.961,10788.466,161.262,64.396,0.052,0.097,177.0,12621046,99.76,99.79,5,ok,,Sasha_v53,Sasha_v53/Sasha_v53_006.png,Sasha_v53_006.png,work/frames_raw/Sasha_v53/Sasha_v53_006.png,2160,3840,8294400,0.5625,148.961,10788.466,161.262,PASS
7,2,2.0,2.0,93.1,93.1,3,STEP2_TECHNICAL_METRICS,Sasha_v53/Sasha_v53_007.png,2160,3840,160.937,11331.404,162.363,63.513,0.046,0.094,175.0,13339311,99.88,99.89,3,ok,,Sasha_v53,Sasha_v53/Sasha_v53_007.png,Sasha_v53_007.png,work/frames_raw/Sasha_v53/Sasha_v53_007.png,2160,3840,8294400,0.5625,160.937,11331.404,162.363,PASS
8,2,2.0,2.0,75.86,68.97,9,STEP2_TECHNICAL_METRICS,Sasha_v53/Sasha_v53_008.png,2160,3840,144.806,10032.329,164.476,61.31,0.035,0.108,170.0,12091264,99.58,99.52,9,ok,,Sasha_v53,Sasha_v53/Sasha_v53_008.png,Sasha_v53_008.png,work/frames_raw/Sasha_v53/Sasha_v53_008.png,2160,3840,8294400,0.5625,144.806,10032.329,164.476,PASS
9,2,2.0,2.0,82.76,79.31,6,STEP2_TECHNICAL_METRICS,Sasha_v53/Sasha_v53_009.png,2160,3840,148.782,10503.956,166.599,61.501,0.04,0.101,167.0,12489133,99.7,99.68,6,ok,,Sasha_v53,Sasha_v53/Sasha_v53_009.png,Sasha_v53_009.png,work/frames_raw/Sasha_v53/Sasha_v53_009.png,2160,3840,8294400,0.5625,148.782,10503.956,166.599,PASS
10,2,2.0,2.0,58.62,51.72,14,STEP2_TECHNICAL_METRICS,Sasha_v53/Sasha_v53_010.png,2160,3840,120.607,8738.521,161.588,65.768,0.05,0.103,178.0,11540786,99.28,98.99,14,ok,,Sasha_v53,Sasha_v53/Sasha_v53_010.png,Sasha_v53_010.png,work/frames_raw/Sasha_v53/Sasha_v53_010.png,2160,3840,8294400,0.5625,120.607,8738.521,161.588,PASS
11,2,2.0,2.0,41.38,31.03,19,STEP2_TECHNICAL_METRICS,Sasha_v53/Sasha_v53_011.png,2160,3840,115.915,8254.149,162.407,62.719,0.04,0.115,176.0,11249358,98.98,98.46,22,ok,,Sasha_v53,Sasha_v53/Sasha_v53_011.png,Sasha_v53_011.png,work/frames_raw/Sasha_v53/Sasha_v53_011.png,2160,3840,8294400,0.5625,115.915,8254.149,162.407,PASS
12,2,2.0,2.0,48.28,48.28,16,STEP2_TECHNICAL_METRICS,Sasha_v53/Sasha_v53_012.png,2160,3840,118.969,8534.082,165.397,62.687,0.043,0.109,172.0,11381392,99.1,98.78,16,ok,,Sasha_v53,Sasha_v53/Sasha_v53_012.png,Sasha_v53_012.png,work/frames_raw/Sasha_v53/Sasha_v53_012.png,2160,3840,8294400,0.5625,118.969,8534.082,165.397,PASS
13,2,2.0,2.0,44.83,24.14,20,STEP2_TECHNICAL_METRICS,Sasha_v53/Sasha_v53_013.png,2160,3840,118.218,8211.231,164.44,63.353,0.033,0.129,169.0,10846541,99.04,98.36,24,ok,,Sasha_v53,Sasha_v53/Sasha_v53_013.png,Sasha_v53_013.png,work/frames_raw/Sasha_v53/Sasha_v53_013.png,2160,3840,8294400,0.5625,118.218,8211.231,164.44,PASS
14,2,2.0,2.0,55.17,62.07,12,STEP2_TECHNICAL_METRICS,Sasha_v53/Sasha_v53_014.png,2160,3840,120.554,9019.975,163.837,61.872,0.044,0.109,173.0,12052717,99.22,99.15,13,ok,,Sasha_v53,Sasha_v53/Sasha_v53_014.png,Sasha_v53_014.png,work/frames_raw/Sasha_v53/Sasha_v53_014.png,2160,3840,8294400,0.5625,120.554,9019.975,163.837,PASS
15,2,2.0,2.0,79.31,72.41,8,STEP2_TECHNICAL_METRICS,Sasha_v53/Sasha_v53_015.png,2160,3840,146.083,10442.922,164.725,62.403,0.042,0.114,172.0,11349317,99.64,99.58,8,ok,,Sasha_v53,Sasha_v53/Sasha_v53_015.png,Sasha_v53_015.png,work/frames_raw/Sasha_v53/Sasha_v53_015.png,2160,3840,8294400,0.5625,146.083,10442.922,164.725,PASS
16,2,2.0,2.0,6.9,6.9,28,STEP2_TECHNICAL_METRICS,Sasha_v53/Sasha_v53_016.png,2160,3840,97.007,7248.571,168.798,63.614,0.051,0.128,176.0,9691403,98.33,97.93,37,ok,,Sasha_v53,Sasha_v53/Sasha_v53_016.png,Sasha_v53_016.png,work/frames_raw/Sasha_v53/Sasha_v53_016.png,2160,3840,8294400,0.5625,97.007,7248.571,168.798,PASS
17,2,2.0,2.0,65.52,65.52,11,STEP2_TECHNICAL_METRICS,Sasha_v53/Sasha_v53_017.png,2160,3840,123.906,9359.463,163.846,67.857,0.052,0.129,184.0,11775115,99.4,99.47,11,ok,,Sasha_v53,Sasha_v53/Sasha_v53_017.png,Sasha_v53_017.png,work/frames_raw/Sasha_v53/Sasha_v53_017.png,2160,3840,8294400,0.5625,123.906,9359.463,163.846,PASS
18,2,2.0,2.0,37.93,37.93,18,STEP2_TECHNICAL_METRICS,Sasha_v53/Sasha_v53_018.png,2160,3840,111.738,8353.842,164.925,61.418,0.034,0.117,170.0,10857531,98.92,98.57,20,ok,,Sasha_v53,Sasha_v53/Sasha_v53_018.png,Sasha_v53_018.png,work/frames_raw/Sasha_v53/Sasha_v53_018.png,2160,3840,8294400,0.5625,111.738,8353.842,164.925,PASS
19,2,2.0,2.0,68.97,75.86,10,STEP2_TECHNICAL_METRICS,Sasha_v53/Sasha_v53_019.png,2160,3840,141.041,10449.43,164.403,63.111,0.043,0.109,171.0,11741285,99.46,99.63,10,ok,,Sasha_v53,Sasha_v53/Sasha_v53_019.png,Sasha_v53_019.png,work/frames_raw/Sasha_v53/Sasha_v53_019.png,2160,3840,8294400,0.5625,141.041,10449.43,164.403,PASS
20,2,2.0,2.0,34.48,44.83,17,STEP2_TECHNICAL_METRICS,Sasha_v53/Sasha_v53_020.png,2160,3840,111.24,8525.009,159.307,68.021,0.067,0.12,188.0,10766264,98.86,98.73,19,ok,,Sasha_v53,Sasha_v53/Sasha_v53_020.png,Sasha_v53_020.png,work/frames_raw/Sasha_v53/Sasha_v53_020.png,2160,3840,8294400,0.5625,111.24,8525.009,159.307,PASS
21,2,2.0,2.0,51.72,58.62,15,STEP2_TECHNICAL_METRICS,Sasha_v53/Sasha_v53_021.png,2160,3840,119.098,8901.246,162.779,65.203,0.047,0.108,177.0,11672974,99.16,99.1,15,ok,,Sasha_v53,Sasha_v53/Sasha_v53_021.png,Sasha_v53_021.png,work/frames_raw/Sasha_v53/Sasha_v53_021.png,2160,3840,8294400,0.5625,119.098,8901.246,162.779,PASS
22,2,2.0,2.0,96.55,100.0,2,STEP2_TECHNICAL_METRICS,Sasha_v53/Sasha_v53_022.png,2160,3840,164.098,12145.224,164.568,62.439,0.039,0.111,171.0,12723430,99.94,100.0,2,ok,,Sasha_v53,Sasha_v53/Sasha_v53_022.png,Sasha_v53_022.png,work/frames_raw/Sasha_v53/Sasha_v53_022.png,2160,3840,8294400,0.5625,164.098,12145.224,164.568,PASS
23,2,2.0,2.0,27.59,27.59,23,STEP2_TECHNICAL_METRICS,Sasha_v53/Sasha_v53_023.png,2160,3840,110.646,8224.84,164.021,65.064,0.051,0.105,179.0,10824459,98.75,98.41,28,ok,,Sasha_v53,Sasha_v53/Sasha_v53_023.png,Sasha_v53_023.png,work/frames_raw/Sasha_v53/Sasha_v53_023.png,2160,3840,8294400,0.5625,110.646,8224.84,164.021,PASS
24,2,2.0,2.0,20.69,20.69,24,STEP2_TECHNICAL_METRICS,Sasha_v53/Sasha_v53_024.png,2160,3840,106.965,7793.14,164.341,63.025,0.04,0.115,173.0,10473896,98.63,98.2,30,ok,,Sasha_v53,Sasha_v53/Sasha_v53_024.png,Sasha_v53_024.png,work/frames_raw/Sasha_v53/Sasha_v53_024.png,2160,3840,8294400,0.5625,106.965,7793.14,164.341,PASS
25,2,2.0,2.0,10.34,17.24,26,STEP2_TECHNICAL_METRICS,Sasha_v53/Sasha_v53_025.png,2160,3840,102.815,7745.134,160.233,64.219,0.048,0.108,177.0,10280341,98.39,98.15,34,ok,,Sasha_v53,Sasha_v53/Sasha_v53_025.png,Sasha_v53_025.png,work/frames_raw/Sasha_v53/Sasha_v53_025.png,2160,3840,8294400,0.5625,102.815,7745.134,160.233,PASS
26,2,2.0,2.0,31.03,34.48,22,STEP2_TECHNICAL_METRICS,Sasha_v53/Sasha_v53_026.png,2160,3840,111.092,8312.962,163.443,64.597,0.046,0.103,174.0,10420314,98.81,98.52,25,ok,,Sasha_v53,Sasha_v53/Sasha_v53_026.png,Sasha_v53_026.png,work/frames_raw/Sasha_v53/Sasha_v53_026.png,2160,3840,8294400,0.5625,111.092,8312.962,163.443,PASS
27,2,2.0,2.0,17.24,13.79,25,STEP2_TECHNICAL_METRICS,Sasha_v53/Sasha_v53_027.png,2160,3840,105.908,7557.077,162.563,59.088,0.029,0.08,153.0,11170135,98.57,98.04,33,ok,,Sasha_v53,Sasha_v53/Sasha_v53_027.png,Sasha_v53_027.png,work/frames_raw/Sasha_v53/Sasha_v53_027.png,2160,3840,8294400,0.5625,105.908,7557.077,162.563,PASS
28,2,2.0,2.0,0.0,0.0,30,STEP2_TECHNICAL_METRICS,Sasha_v53/Sasha_v53_028.png,2160,3840,85.612,6433.443,157.968,64.047,0.057,0.096,178.0,9670916,97.85,97.67,42,ok,,Sasha_v53,Sasha_v53/Sasha_v53_028.png,Sasha_v53_028.png,work/frames_raw/Sasha_v53/Sasha_v53_028.png,2160,3840,8294400,0.5625,85.612,6433.443,157.968,PASS
29,2,2.0,2.0,62.07,55.17,13,STEP2_TECHNICAL_METRICS,Sasha_v53/Sasha_v53_029.png,2160,3840,121.279,8763.051,160.019,65.353,0.051,0.094,176.0,11180742,99.34,99.05,12,ok,,Sasha_v53,Sasha_v53/Sasha_v53_029.png,Sasha_v53_029.png,work/frames_raw/Sasha_v53/Sasha_v53_029.png,2160,3840,8294400,0.5625,121.279,8763.051,160.019,PASS
30,2,2.0,2.0,13.79,10.34,27,STEP2_TECHNICAL_METRICS,Sasha_v53/Sasha_v53_030.png,2160,3840,104.615,7547.124,164.734,61.254,0.031,0.102,163.0,10457031,98.51,97.99,35,ok,,Sasha_v53,Sasha_v53/Sasha_v53_030.png,Sasha_v53_030.png,work/frames_raw/Sasha_v53/Sasha_v53_030.png,2160,3840,8294400,0.5625,104.615,7547.124,164.734,PASS
1,2,2.0,2.0,10.71,7.14,26,STEP2_TECHNICAL_METRICS,Sasha_v54/Sasha_v54_001.png,2160,3840,4.943,355.6,125.709,63.128,0.12,0.011,175.0,4489783,63.92,55.19,726,ok,,Sasha_v54,Sasha_v54/Sasha_v54_001.png,Sasha_v54_001.png,work/frames_raw/Sasha_v54/Sasha_v54_001.png,2160,3840,8294400,0.5625,4.943,355.6,125.709,PASS
2,2,2.0,2.0,0.0,0.0,29,STEP2_TECHNICAL_METRICS,Sasha_v54/Sasha_v54_002.png,2160,3840,3.278,184.891,113.662,58.173,0.115,0.004,160.0,4071918,37.87,30.3,1231,ok,,Sasha_v54,Sasha_v54/Sasha_v54_002.png,Sasha_v54_002.png,work/frames_raw/Sasha_v54/Sasha_v54_002.png,2160,3840,8294400,0.5625,3.278,184.891,113.662,PASS
3,2,2.0,2.0,3.57,3.57,28,STEP2_TECHNICAL_METRICS,Sasha_v54/Sasha_v54_003.png,2160,3840,3.815,277.304,103.686,50.641,0.139,0.001,140.0,4009854,47.07,45.6,1003,ok,,Sasha_v54,Sasha_v54/Sasha_v54_003.png,Sasha_v54_003.png,work/frames_raw/Sasha_v54/Sasha_v54_003.png,2160,3840,8294400,0.5625,3.815,277.304,103.686,PASS
4,2,2.0,2.0,7.14,10.71,27,STEP2_TECHNICAL_METRICS,Sasha_v54/Sasha_v54_004.png,2160,3840,4.29,368.175,107.962,52.618,0.159,0.0,144.0,3853145,55.5,55.93,812,ok,,Sasha_v54,Sasha_v54/Sasha_v54_004.png,Sasha_v54_004.png,work/frames_raw/Sasha_v54/Sasha_v54_004.png,2160,3840,8294400,0.5625,4.29,368.175,107.962,PASS
5,2,2.0,2.0,14.29,17.86,25,STEP2_TECHNICAL_METRICS,Sasha_v54/Sasha_v54_005.png,2160,3840,5.672,511.58,116.64,53.038,0.09,0.002,145.0,4707086,69.95,67.0,562,ok,,Sasha_v54,Sasha_v54/Sasha_v54_005.png,Sasha_v54_005.png,work/frames_raw/Sasha_v54/Sasha_v54_005.png,2160,3840,8294400,0.5625,5.672,511.58,116.64,PASS
6,2,2.0,2.0,35.71,50.0,17,STEP2_TECHNICAL_METRICS,Sasha_v54/Sasha_v54_006.png,2160,3840,6.361,594.447,119.033,52.149,0.052,0.008,140.0,5184894,74.37,72.09,478,ok,,Sasha_v54,Sasha_v54/Sasha_v54_006.png,Sasha_v54_006.png,work/frames_raw/Sasha_v54/Sasha_v54_006.png,2160,3840,8294400,0.5625,6.361,594.447,119.033,PASS
7,2,2.0,2.0,21.43,32.14,23,STEP2_TECHNICAL_METRICS,Sasha_v54/Sasha_v54_007.png,2160,3840,6.12,547.557,123.167,52.133,0.039,0.011,140.0,5305081,72.64,69.12,525,ok,,Sasha_v54,Sasha_v54/Sasha_v54_007.png,Sasha_v54_007.png,work/frames_raw/Sasha_v54/Sasha_v54_007.png,2160,3840,8294400,0.5625,6.12,547.557,123.167,PASS
8,2,2.0,2.0,60.71,57.14,12,STEP2_TECHNICAL_METRICS,Sasha_v54/Sasha_v54_008.png,2160,3840,6.703,599.301,124.681,53.65,0.041,0.015,146.0,5660235,76.64,72.35,452,ok,,Sasha_v54,Sasha_v54/Sasha_v54_008.png,Sasha_v54_008.png,work/frames_raw/Sasha_v54/Sasha_v54_008.png,2160,3840,8294400,0.5625,6.703,599.301,124.681,PASS
9,2,2.0,2.0,64.29,78.57,9,STEP2_TECHNICAL_METRICS,Sasha_v54/Sasha_v54_009.png,2160,3840,6.754,613.93,123.972,52.796,0.041,0.013,141.0,5811121,77.0,73.78,436,ok,,Sasha_v54,Sasha_v54/Sasha_v54_009.png,Sasha_v54_009.png,work/frames_raw/Sasha_v54/Sasha_v54_009.png,2160,3840,8294400,0.5625,6.754,613.93,123.972,PASS
10,2,2.0,2.0,71.43,85.71,6,STEP2_TECHNICAL_METRICS,Sasha_v54/Sasha_v54_010.png,2160,3840,6.825,619.798,126.681,54.422,0.042,0.016,147.0,5705090,77.42,74.21,423,ok,,Sasha_v54,Sasha_v54/Sasha_v54_010.png,Sasha_v54_010.png,work/frames_raw/Sasha_v54/Sasha_v54_010.png,2160,3840,8294400,0.5625,6.825,619.798,126.681,PASS
11,2,2.0,2.0,78.57,92.86,3,STEP2_TECHNICAL_METRICS,Sasha_v54/Sasha_v54_011.png,2160,3840,6.865,623.977,124.924,54.779,0.046,0.02,146.0,5898170,77.72,74.58,415,ok,,Sasha_v54,Sasha_v54/Sasha_v54_011.png,Sasha_v54_011.png,work/frames_raw/Sasha_v54/Sasha_v54_011.png,2160,3840,8294400,0.5625,6.865,623.977,124.924,PASS
12,2,2.0,2.0,92.86,96.43,2,STEP2_TECHNICAL_METRICS,Sasha_v54/Sasha_v54_012.png,2160,3840,6.975,631.206,126.013,55.237,0.047,0.023,149.0,5928131,78.38,75.0,404,ok,,Sasha_v54,Sasha_v54/Sasha_v54_012.png,Sasha_v54_012.png,work/frames_raw/Sasha_v54/Sasha_v54_012.png,2160,3840,8294400,0.5625,6.975,631.206,126.013,PASS
13,2,2.0,2.0,100.0,100.0,1,STEP2_TECHNICAL_METRICS,Sasha_v54/Sasha_v54_013.png,2160,3840,7.181,650.924,125.127,54.608,0.047,0.021,147.0,6156101,78.91,75.9,395,ok,,Sasha_v54,Sasha_v54/Sasha_v54_013.png,Sasha_v54_013.png,work/frames_raw/Sasha_v54/Sasha_v54_013.png,2160,3840,8294400,0.5625,7.181,650.924,125.127,PASS
14,2,2.0,2.0,96.43,71.43,4,STEP2_TECHNICAL_METRICS,Sasha_v54/Sasha_v54_014.png,2160,3840,6.977,612.296,122.826,53.725,0.048,0.018,146.0,5923030,78.43,73.62,421,ok,,Sasha_v54,Sasha_v54/Sasha_v54_014.png,Sasha_v54_014.png,work/frames_raw/Sasha_v54/Sasha_v54_014.png,2160,3840,8294400,0.5625,6.977,612.296,122.826,PASS
15,2,2.0,2.0,25.0,75.0,14,STEP2_TECHNICAL_METRICS,Sasha_v54/Sasha_v54_015.png,2160,3840,6.238,613.263,124.588,54.003,0.045,0.016,146.0,4823517,73.48,73.73,467,ok,,Sasha_v54,Sasha_v54/Sasha_v54_015.png,Sasha_v54_015.png,work/frames_raw/Sasha_v54/Sasha_v54_015.png,2160,3840,8294400,0.5625,6.238,613.263,124.588,PASS
16,2,2.0,2.0,53.57,89.29,10,STEP2_TECHNICAL_METRICS,Sasha_v54/Sasha_v54_016.png,2160,3840,6.596,622.224,124.243,53.861,0.044,0.018,146.0,5358673,75.93,74.36,437,ok,,Sasha_v54,Sasha_v54/Sasha_v54_016.png,Sasha_v54_016.png,work/frames_raw/Sasha_v54/Sasha_v54_016.png,2160,3840,8294400,0.5625,6.596,622.224,124.243,PASS
17,2,2.0,2.0,67.86,46.43,13,STEP2_TECHNICAL_METRICS,Sasha_v54/Sasha_v54_017.png,2160,3840,6.822,594.202,125.189,55.203,0.045,0.023,150.0,5664574,77.36,72.03,447,ok,,Sasha_v54,Sasha_v54/Sasha_v54_017.png,Sasha_v54_017.png,work/frames_raw/Sasha_v54/Sasha_v54_017.png,2160,3840,8294400,0.5625,6.822,594.202,125.189,PASS
18,2,2.0,2.0,39.29,60.71,15,STEP2_TECHNICAL_METRICS,Sasha_v54/Sasha_v54_018.png,2160,3840,6.457,602.03,122.918,53.407,0.044,0.021,143.0,5635042,74.85,72.62,464,ok,,Sasha_v54,Sasha_v54/Sasha_v54_018.png,Sasha_v54_018.png,work/frames_raw/Sasha_v54/Sasha_v54_018.png,2160,3840,8294400,0.5625,6.457,602.03,122.918,PASS
19,2,2.0,2.0,85.71,67.86,8,STEP2_TECHNICAL_METRICS,Sasha_v54/Sasha_v54_019.png,2160,3840,6.879,609.945,125.312,54.232,0.043,0.02,146.0,5795925,77.84,73.46,430,ok,,Sasha_v54,Sasha_v54/Sasha_v54_019.png,Sasha_v54_019.png,work/frames_raw/Sasha_v54/Sasha_v54_019.png,2160,3840,8294400,0.5625,6.879,609.945,125.312,PASS
20,2,2.0,2.0,75.0,53.57,11,STEP2_TECHNICAL_METRICS,Sasha_v54/Sasha_v54_020.png,2160,3840,6.83,597.455,125.563,55.01,0.043,0.024,150.0,5969816,77.54,72.19,442,ok,,Sasha_v54,Sasha_v54/Sasha_v54_020.png,Sasha_v54_020.png,work/frames_raw/Sasha_v54/Sasha_v54_020.png,2160,3840,8294400,0.5625,6.83,597.455,125.563,PASS
21,2,2.0,2.0,89.29,64.29,7,STEP2_TECHNICAL_METRICS,Sasha_v54/Sasha_v54_021.png,2160,3840,6.937,604.453,123.956,54.008,0.043,0.019,148.0,5965713,78.26,72.99,431,ok,,Sasha_v54,Sasha_v54/Sasha_v54_021.png,Sasha_v54_021.png,work/frames_raw/Sasha_v54/Sasha_v54_021.png,2160,3840,8294400,0.5625,6.937,604.453,123.956,PASS
22,2,2.0,2.0,82.14,82.14,5,STEP2_TECHNICAL_METRICS,Sasha_v54/Sasha_v54_022.png,2160,3840,6.874,614.32,126.143,55.003,0.045,0.017,150.0,5965560,77.78,73.83,424,ok,,Sasha_v54,Sasha_v54/Sasha_v54_022.png,Sasha_v54_022.png,work/frames_raw/Sasha_v54/Sasha_v54_022.png,2160,3840,8294400,0.5625,6.874,614.32,126.143,PASS
23,2,2.0,2.0,57.14,42.86,16,STEP2_TECHNICAL_METRICS,Sasha_v54/Sasha_v54_023.png,2160,3840,6.631,576.822,127.479,56.721,0.049,0.03,157.0,5715703,76.22,70.82,472,ok,,Sasha_v54,Sasha_v54/Sasha_v54_023.png,Sasha_v54_023.png,work/frames_raw/Sasha_v54/Sasha_v54_023.png,2160,3840,8294400,0.5625,6.631,576.822,127.479,PASS
24,2,2.0,2.0,32.14,25.0,22,STEP2_TECHNICAL_METRICS,Sasha_v54/Sasha_v54_024.png,2160,3840,6.289,532.268,123.772,54.697,0.047,0.014,148.0,5516432,74.07,68.43,517,ok,,Sasha_v54,Sasha_v54/Sasha_v54_024.png,Sasha_v54_024.png,work/frames_raw/Sasha_v54/Sasha_v54_024.png,2160,3840,8294400,0.5625,6.289,532.268,123.772,PASS
25,2,2.0,2.0,50.0,21.43,20,STEP2_TECHNICAL_METRICS,Sasha_v54/Sasha_v54_025.png,2160,3840,6.551,515.261,121.973,54.954,0.047,0.022,149.0,5917442,75.63,67.32,511,ok,,Sasha_v54,Sasha_v54/Sasha_v54_025.png,Sasha_v54_025.png,work/frames_raw/Sasha_v54/Sasha_v54_025.png,2160,3840,8294400,0.5625,6.551,515.261,121.973,PASS
26,2,2.0,2.0,42.86,35.71,18,STEP2_TECHNICAL_METRICS,Sasha_v54/Sasha_v54_026.png,2160,3840,6.459,555.8,122.405,54.727,0.045,0.021,147.0,5814450,74.91,69.7,497,ok,,Sasha_v54,Sasha_v54/Sasha_v54_026.png,Sasha_v54_026.png,work/frames_raw/Sasha_v54/Sasha_v54_026.png,2160,3840,8294400,0.5625,6.459,555.8,122.405,PASS
27,2,2.0,2.0,28.57,14.29,24,STEP2_TECHNICAL_METRICS,Sasha_v54/Sasha_v54_027.png,2160,3840,6.265,495.192,123.451,54.503,0.044,0.019,149.0,5667556,73.66,65.73,545,ok,,Sasha_v54,Sasha_v54/Sasha_v54_027.png,Sasha_v54_027.png,work/frames_raw/Sasha_v54/Sasha_v54_027.png,2160,3840,8294400,0.5625,6.265,495.192,123.451,PASS
28,2,2.0,2.0,46.43,28.57,19,STEP2_TECHNICAL_METRICS,Sasha_v54/Sasha_v54_028.png,2160,3840,6.524,533.457,123.811,54.429,0.042,0.017,146.0,5798241,75.33,68.54,504,ok,,Sasha_v54,Sasha_v54/Sasha_v54_028.png,Sasha_v54_028.png,work/frames_raw/Sasha_v54/Sasha_v54_028.png,2160,3840,8294400,0.5625,6.524,533.457,123.811,PASS
29,2,2.0,2.0,17.86,39.29,21,STEP2_TECHNICAL_METRICS,Sasha_v54/Sasha_v54_029.png,2160,3840,5.754,566.564,123.052,53.991,0.04,0.022,146.0,4571844,70.55,70.18,531,ok,,Sasha_v54,Sasha_v54/Sasha_v54_029.png,Sasha_v54_029.png,work/frames_raw/Sasha_v54/Sasha_v54_029.png,2160,3840,8294400,0.5625,5.754,566.564,123.052,PASS
1,2,2.0,2.0,100.0,100.0,1,STEP2_TECHNICAL_METRICS,Sasha_v55/Sasha_v55_001.png,2160,3840,6.788,772.541,156.341,56.763,0.015,0.029,151.0,3149468,77.12,79.4,384,ok,,Sasha_v55,Sasha_v55/Sasha_v55_001.png,Sasha_v55_001.png,work/frames_raw/Sasha_v55/Sasha_v55_001.png,2160,3840,8294400,0.5625,6.788,772.541,156.341,PASS
2,2,2.0,2.0,60.0,80.0,6,STEP2_TECHNICAL_METRICS,Sasha_v55/Sasha_v55_002.png,2160,3840,4.317,428.231,156.755,56.854,0.016,0.037,150.0,3783528,56.03,61.18,749,ok,,Sasha_v55,Sasha_v55/Sasha_v55_002.png,Sasha_v55_002.png,work/frames_raw/Sasha_v55/Sasha_v55_002.png,2160,3840,8294400,0.5625,4.317,428.231,156.755,PASS
3,2,2.0,2.0,95.0,95.0,2,STEP2_TECHNICAL_METRICS,Sasha_v55/Sasha_v55_003.png,2160,3840,5.068,531.438,153.454,57.401,0.012,0.044,147.0,3358978,65.17,68.38,587,ok,,Sasha_v55,Sasha_v55/Sasha_v55_003.png,Sasha_v55_003.png,work/frames_raw/Sasha_v55/Sasha_v55_003.png,2160,3840,8294400,0.5625,5.068,531.438,153.454,PASS
4,2,2.0,2.0,0.0,5.0,20,STEP2_TECHNICAL_METRICS,Sasha_v55/Sasha_v55_004.png,2160,3840,3.016,239.1,133.074,51.035,0.022,0.022,133.0,2909468,33.51,40.36,1162,ok,,Sasha_v55,Sasha_v55/Sasha_v55_004.png,Sasha_v55_004.png,work/frames_raw/Sasha_v55/Sasha_v55_004.png,2160,3840,8294400,0.5625,3.016,239.1,133.074,PASS
5,2,2.0,2.0,5.0,0.0,21,STEP2_TECHNICAL_METRICS,Sasha_v55/Sasha_v55_005.png,2160,3840,3.231,228.796,139.549,52.503,0.01,0.022,141.0,3087242,37.04,39.04,1144,ok,,Sasha_v55,Sasha_v55/Sasha_v55_005.png,Sasha_v55_005.png,work/frames_raw/Sasha_v55/Sasha_v55_005.png,2160,3840,8294400,0.5625,3.231,228.796,139.549,PASS
6,2,2.0,2.0,15.0,20.0,17,STEP2_TECHNICAL_METRICS,Sasha_v55/Sasha_v55_006.png,2160,3840,3.513,272.907,136.55,54.671,0.01,0.035,150.0,3145516,41.1,44.92,1058,ok,,Sasha_v55,Sasha_v55/Sasha_v55_006.png,Sasha_v55_006.png,work/frames_raw/Sasha_v55/Sasha_v55_006.png,2160,3840,8294400,0.5625,3.513,272.907,136.55,PASS
7,2,2.0,2.0,55.0,60.0,10,STEP2_TECHNICAL_METRICS,Sasha_v55/Sasha_v55_007.png,2160,3840,4.316,384.063,133.115,55.502,0.012,0.032,151.0,3395440,55.97,56.99,797,ok,,Sasha_v55,Sasha_v55/Sasha_v55_007.png,Sasha_v55_007.png,work/frames_raw/Sasha_v55/Sasha_v55_007.png,2160,3840,8294400,0.5625,4.316,384.063,133.115,PASS
8,2,2.0,2.0,75.0,90.0,3,STEP2_TECHNICAL_METRICS,Sasha_v55/Sasha_v55_008.png,2160,3840,4.451,445.458,137.206,56.389,0.027,0.039,153.0,3517357,58.24,62.55,709,ok,,Sasha_v55,Sasha_v55/Sasha_v55_008.png,Sasha_v55_008.png,work/frames_raw/Sasha_v55/Sasha_v55_008.png,2160,3840,8294400,0.5625,4.451,445.458,137.206,PASS
9,2,2.0,2.0,65.0,50.0,11,STEP2_TECHNICAL_METRICS,Sasha_v55/Sasha_v55_009.png,2160,3840,4.319,336.348,134.401,57.193,0.041,0.033,155.0,3651204,56.09,53.07,833,ok,,Sasha_v55,Sasha_v55/Sasha_v55_009.png,Sasha_v55_009.png,work/frames_raw/Sasha_v55/Sasha_v55_009.png,2160,3840,8294400,0.5625,4.319,336.348,134.401,PASS
10,2,2.0,2.0,20.0,10.0,18,STEP2_TECHNICAL_METRICS,Sasha_v55/Sasha_v55_010.png,2160,3840,3.569,250.178,132.132,57.118,0.035,0.027,154.0,3279493,42.29,41.68,1081,ok,,Sasha_v55,Sasha_v55/Sasha_v55_010.png,Sasha_v55_010.png,work/frames_raw/Sasha_v55/Sasha_v55_010.png,2160,3840,8294400,0.5625,3.569,250.178,132.132,PASS
11,2,2.0,2.0,70.0,65.0,7,STEP2_TECHNICAL_METRICS,Sasha_v55/Sasha_v55_011.png,2160,3840,4.344,388.489,132.737,57.242,0.022,0.035,157.0,3574853,56.69,57.42,779,ok,,Sasha_v55,Sasha_v55/Sasha_v55_011.png,Sasha_v55_011.png,work/frames_raw/Sasha_v55/Sasha_v55_011.png,2160,3840,8294400,0.5625,4.344,388.489,132.737,PASS
12,2,2.0,2.0,45.0,45.0,12,STEP2_TECHNICAL_METRICS,Sasha_v55/Sasha_v55_012.png,2160,3840,4.189,335.094,131.989,54.81,0.028,0.027,145.0,3706689,53.88,52.97,863,ok,,Sasha_v55,Sasha_v55/Sasha_v55_012.png,Sasha_v55_012.png,work/frames_raw/Sasha_v55/Sasha_v55_012.png,2160,3840,8294400,0.5625,4.189,335.094,131.989,PASS
13,2,2.0,2.0,40.0,25.0,15,STEP2_TECHNICAL_METRICS,Sasha_v55/Sasha_v55_013.png,2160,3840,4.113,299.38,133.666,56.235,0.024,0.037,151.0,3723357,52.21,48.25,931,ok,,Sasha_v55,Sasha_v55/Sasha_v55_013.png,Sasha_v55_013.png,work/frames_raw/Sasha_v55/Sasha_v55_013.png,2160,3840,8294400,0.5625,4.113,299.38,133.666,PASS
14,2,2.0,2.0,90.0,40.0,8,STEP2_TECHNICAL_METRICS,Sasha_v55/Sasha_v55_014.png,2160,3840,4.67,335.005,134.382,54.989,0.014,0.036,152.0,3920505,60.81,52.91,785,ok,,Sasha_v55,Sasha_v55/Sasha_v55_014.png,Sasha_v55_014.png,work/frames_raw/Sasha_v55/Sasha_v55_014.png,2160,3840,8294400,0.5625,4.67,335.005,134.382,PASS
15,2,2.0,2.0,10.0,15.0,19,STEP2_TECHNICAL_METRICS,Sasha_v55/Sasha_v55_015.png,2160,3840,3.505,262.549,137.078,57.766,0.014,0.053,156.0,2845526,40.86,43.54,1078,ok,,Sasha_v55,Sasha_v55/Sasha_v55_015.png,Sasha_v55_015.png,work/frames_raw/Sasha_v55/Sasha_v55_015.png,2160,3840,8294400,0.5625,3.505,262.549,137.078,PASS
16,2,2.0,2.0,30.0,55.0,13,STEP2_TECHNICAL_METRICS,Sasha_v55/Sasha_v55_016.png,2160,3840,3.993,341.029,135.777,54.287,0.01,0.025,151.0,3250718,50.18,53.39,899,ok,,Sasha_v55,Sasha_v55/Sasha_v55_016.png,Sasha_v55_016.png,work/frames_raw/Sasha_v55/Sasha_v55_016.png,2160,3840,8294400,0.5625,3.993,341.029,135.777,PASS
17,2,2.0,2.0,80.0,85.0,4,STEP2_TECHNICAL_METRICS,Sasha_v55/Sasha_v55_017.png,2160,3840,4.541,428.951,140.117,60.699,0.02,0.076,174.0,3594699,59.68,61.28,706,ok,,Sasha_v55,Sasha_v55/Sasha_v55_017.png,Sasha_v55_017.png,work/frames_raw/Sasha_v55/Sasha_v55_017.png,2160,3840,8294400,0.5625,4.541,428.951,140.117,PASS
18,2,2.0,2.0,50.0,70.0,9,STEP2_TECHNICAL_METRICS,Sasha_v55/Sasha_v55_018.png,2160,3840,4.296,407.776,136.236,54.816,0.031,0.022,148.0,3585790,55.62,59.16,774,ok,,Sasha_v55,Sasha_v55/Sasha_v55_018.png,Sasha_v55_018.png,work/frames_raw/Sasha_v55/Sasha_v55_018.png,2160,3840,8294400,0.5625,4.296,407.776,136.236,PASS
19,2,2.0,2.0,25.0,30.0,16,STEP2_TECHNICAL_METRICS,Sasha_v55/Sasha_v55_019.png,2160,3840,3.991,316.369,135.491,54.758,0.037,0.043,146.0,3590690,50.12,50.85,929,ok,,Sasha_v55,Sasha_v55/Sasha_v55_019.png,Sasha_v55_019.png,work/frames_raw/Sasha_v55/Sasha_v55_019.png,2160,3840,8294400,0.5625,3.991,316.369,135.491,PASS
20,2,2.0,2.0,35.0,35.0,14,STEP2_TECHNICAL_METRICS,Sasha_v55/Sasha_v55_020.png,2160,3840,4.012,331.82,134.483,54.782,0.018,0.03,147.0,3327466,50.3,52.49,912,ok,,Sasha_v55,Sasha_v55/Sasha_v55_020.png,Sasha_v55_020.png,work/frames_raw/Sasha_v55/Sasha_v55_020.png,2160,3840,8294400,0.5625,4.012,331.82,134.483,PASS
21,2,2.0,2.0,85.0,75.0,5,STEP2_TECHNICAL_METRICS,Sasha_v55/Sasha_v55_021.png,2160,3840,4.592,414.555,134.016,57.979,0.034,0.043,161.0,3501316,60.27,60.17,712,ok,,Sasha_v55,Sasha_v55/Sasha_v55_021.png,Sasha_v55_021.png,work/frames_raw/Sasha_v55/Sasha_v55_021.png,2160,3840,8294400,0.5625,4.592,414.555,134.016,PASS
1,2,2.0,2.0,14.29,89.66,14,STEP2_TECHNICAL_METRICS,Sasha_v56/Sasha_v56_001.png,2160,3840,2.179,100.345,130.189,53.298,0.024,0.004,140.0,2628721,14.99,12.61,1625,ok,,Sasha_v56,Sasha_v56/Sasha_v56_001.png,Sasha_v56_001.png,work/frames_raw/Sasha_v56/Sasha_v56_001.png,2160,3840,8294400,0.5625,2.179,100.345,130.189,PASS
2,2,2.0,2.0,85.71,96.55,3,STEP2_TECHNICAL_METRICS,Sasha_v56/Sasha_v56_002.png,2160,3840,2.725,118.907,135.607,55.836,0.023,0.008,147.0,3443140,27.42,15.89,1475,ok,,Sasha_v56,Sasha_v56/Sasha_v56_002.png,Sasha_v56_002.png,work/frames_raw/Sasha_v56/Sasha_v56_002.png,2160,3840,8294400,0.5625,2.725,118.907,135.607,PASS
3,2,2.0,2.0,100.0,100.0,1,STEP2_TECHNICAL_METRICS,Sasha_v56/Sasha_v56_003.png,2160,3840,3.018,130.151,133.717,56.014,0.024,0.013,147.0,3824381,33.63,18.49,1391,ok,,Sasha_v56,Sasha_v56/Sasha_v56_003.png,Sasha_v56_003.png,work/frames_raw/Sasha_v56/Sasha_v56_003.png,2160,3840,8294400,0.5625,3.018,130.151,133.717,PASS
4,2,2.0,2.0,25.0,75.86,15,STEP2_TECHNICAL_METRICS,Sasha_v56/Sasha_v56_004.png,2160,3840,2.249,83.283,142.311,57.795,0.016,0.052,150.0,3214930,16.25,8.85,1657,ok,,Sasha_v56,Sasha_v56/Sasha_v56_004.png,Sasha_v56_004.png,work/frames_raw/Sasha_v56/Sasha_v56_004.png,2160,3840,8294400,0.5625,2.249,83.283,142.311,PASS
5,2,2.0,2.0,3.57,86.21,17,STEP2_TECHNICAL_METRICS,Sasha_v56/Sasha_v56_005.png,2160,3840,2.027,90.677,165.006,55.372,0.004,0.047,146.0,2681632,11.89,10.81,1681,ok,,Sasha_v56,Sasha_v56/Sasha_v56_005.png,Sasha_v56_005.png,work/frames_raw/Sasha_v56/Sasha_v56_005.png,2160,3840,8294400,0.5625,2.027,90.677,165.006,PASS
6,2,2.0,2.0,0.0,48.28,25,STEP2_TECHNICAL_METRICS,Sasha_v56/Sasha_v56_006.png,2160,3840,1.913,64.341,157.568,55.383,0.007,0.034,161.0,2650209,9.44,5.03,1778,ok,,Sasha_v56,Sasha_v56/Sasha_v56_006.png,Sasha_v56_006.png,work/frames_raw/Sasha_v56/Sasha_v56_006.png,2160,3840,8294400,0.5625,1.913,64.341,157.568,PASS
7,2,2.0,2.0,50.0,82.76,9,STEP2_TECHNICAL_METRICS,Sasha_v56/Sasha_v56_007.png,2160,3840,2.4,88.519,152.431,56.399,0.011,0.034,165.0,2763484,20.37,10.12,1600,ok,,Sasha_v56,Sasha_v56/Sasha_v56_007.png,Sasha_v56_007.png,work/frames_raw/Sasha_v56/Sasha_v56_007.png,2160,3840,8294400,0.5625,2.4,88.519,152.431,PASS
8,2,2.0,2.0,60.71,72.41,8,STEP2_TECHNICAL_METRICS,Sasha_v56/Sasha_v56_008.png,2160,3840,2.452,81.081,150.356,55.611,0.019,0.034,152.0,2958141,21.68,8.63,1602,ok,,Sasha_v56,Sasha_v56/Sasha_v56_008.png,Sasha_v56_008.png,work/frames_raw/Sasha_v56/Sasha_v56_008.png,2160,3840,8294400,0.5625,2.452,81.081,150.356,PASS
9,2,2.0,2.0,71.43,65.52,7,STEP2_TECHNICAL_METRICS,Sasha_v56/Sasha_v56_009.png,2160,3840,2.494,75.193,148.858,56.59,0.021,0.035,154.0,2885945,22.7,7.47,1605,ok,,Sasha_v56,Sasha_v56/Sasha_v56_009.png,Sasha_v56_009.png,work/frames_raw/Sasha_v56/Sasha_v56_009.png,2160,3840,8294400,0.5625,2.494,75.193,148.858,PASS
10,2,2.0,2.0,75.0,55.17,10,STEP2_TECHNICAL_METRICS,Sasha_v56/Sasha_v56_010.png,2160,3840,2.556,67.772,145.204,58.771,0.028,0.036,164.0,3107994,23.72,5.72,1610,ok,,Sasha_v56,Sasha_v56/Sasha_v56_010.png,Sasha_v56_010.png,work/frames_raw/Sasha_v56/Sasha_v56_010.png,2160,3840,8294400,0.5625,2.556,67.772,145.204,PASS
11,2,2.0,2.0,21.43,6.9,29,STEP2_TECHNICAL_METRICS,Sasha_v56/Sasha_v56_011.png,2160,3840,2.229,42.286,150.017,55.047,0.039,0.035,152.0,2560635,15.95,1.69,1751,ok,,Sasha_v56,Sasha_v56/Sasha_v56_011.png,Sasha_v56_011.png,work/frames_raw/Sasha_v56/Sasha_v56_011.png,2160,3840,8294400,0.5625,2.229,42.286,150.017,PASS
12,2,2.0,2.0,50.0,10.34,22,STEP2_TECHNICAL_METRICS,Sasha_v56/Sasha_v56_012.png,2160,3840,2.4,42.561,149.097,56.008,0.024,0.034,154.0,2863826,20.37,1.8,1691,ok,,Sasha_v56,Sasha_v56/Sasha_v56_012.png,Sasha_v56_012.png,work/frames_raw/Sasha_v56/Sasha_v56_012.png,2160,3840,8294400,0.5625,2.4,42.561,149.097,PASS
13,2,2.0,2.0,32.14,13.79,26,STEP2_TECHNICAL_METRICS,Sasha_v56/Sasha_v56_013.png,2160,3840,2.319,46.064,152.943,52.402,0.009,0.035,150.0,2695122,18.1,2.22,1712,ok,,Sasha_v56,Sasha_v56/Sasha_v56_013.png,Sasha_v56_013.png,work/frames_raw/Sasha_v56/Sasha_v56_013.png,2160,3840,8294400,0.5625,2.319,46.064,152.943,PASS
14,2,2.0,2.0,46.43,31.03,18,STEP2_TECHNICAL_METRICS,Sasha_v56/Sasha_v56_014.png,2160,3840,2.386,55.705,149.15,57.561,0.014,0.034,159.0,2909916,19.83,3.39,1675,ok,,Sasha_v56,Sasha_v56/Sasha_v56_014.png,Sasha_v56_014.png,work/frames_raw/Sasha_v56/Sasha_v56_014.png,2160,3840,8294400,0.5625,2.386,55.705,149.15,PASS
15,2,2.0,2.0,10.71,34.48,27,STEP2_TECHNICAL_METRICS,Sasha_v56/Sasha_v56_015.png,2160,3840,2.092,58.864,146.202,56.215,0.001,0.036,150.0,2446742,13.14,3.97,1754,ok,,Sasha_v56,Sasha_v56/Sasha_v56_015.png,Sasha_v56_015.png,work/frames_raw/Sasha_v56/Sasha_v56_015.png,2160,3840,8294400,0.5625,2.092,58.864,146.202,PASS
16,2,2.0,2.0,7.14,3.45,30,STEP2_TECHNICAL_METRICS,Sasha_v56/Sasha_v56_016.png,2160,3840,2.048,38.829,148.382,53.359,0.011,0.034,146.0,2498421,12.25,1.27,1785,ok,,Sasha_v56,Sasha_v56/Sasha_v56_016.png,Sasha_v56_016.png,work/frames_raw/Sasha_v56/Sasha_v56_016.png,2160,3840,8294400,0.5625,2.048,38.829,148.382,PASS
17,2,2.0,2.0,64.29,62.07,12,STEP2_TECHNICAL_METRICS,Sasha_v56/Sasha_v56_017.png,2160,3840,2.468,74.569,142.64,52.063,0.011,0.027,143.0,2799233,22.16,7.26,1611,ok,,Sasha_v56,Sasha_v56/Sasha_v56_017.png,Sasha_v56_017.png,work/frames_raw/Sasha_v56/Sasha_v56_017.png,2160,3840,8294400,0.5625,2.468,74.569,142.64,PASS
18,2,2.0,2.0,89.29,93.1,2,STEP2_TECHNICAL_METRICS,Sasha_v56/Sasha_v56_018.png,2160,3840,2.848,108.048,140.176,56.993,0.023,0.03,169.0,3451936,30.29,13.93,1465,ok,,Sasha_v56,Sasha_v56/Sasha_v56_018.png,Sasha_v56_018.png,work/frames_raw/Sasha_v56/Sasha_v56_018.png,2160,3840,8294400,0.5625,2.848,108.048,140.176,PASS
19,2,2.0,2.0,42.86,51.72,16,STEP2_TECHNICAL_METRICS,Sasha_v56/Sasha_v56_019.png,2160,3840,2.363,65.329,145.286,55.564,0.026,0.031,151.0,2964857,19.18,5.3,1662,ok,,Sasha_v56,Sasha_v56/Sasha_v56_019.png,Sasha_v56_019.png,work/frames_raw/Sasha_v56/Sasha_v56_019.png,2160,3840,8294400,0.5625,2.363,65.329,145.286,PASS
20,2,2.0,2.0,28.57,24.14,24,STEP2_TECHNICAL_METRICS,Sasha_v56/Sasha_v56_020.png,2160,3840,2.318,49.689,146.736,56.012,0.015,0.033,152.0,2882030,18.04,2.7,1707,ok,,Sasha_v56,Sasha_v56/Sasha_v56_020.png,Sasha_v56_020.png,work/frames_raw/Sasha_v56/Sasha_v56_020.png,2160,3840,8294400,0.5625,2.318,49.689,146.736,PASS
21,2,2.0,2.0,67.86,37.93,13,STEP2_TECHNICAL_METRICS,Sasha_v56/Sasha_v56_021.png,2160,3840,2.47,60.011,148.41,56.71,0.021,0.034,160.0,3105428,22.22,4.18,1637,ok,,Sasha_v56,Sasha_v56/Sasha_v56_021.png,Sasha_v56_021.png,work/frames_raw/Sasha_v56/Sasha_v56_021.png,2160,3840,8294400,0.5625,2.47,60.011,148.41,PASS
22,2,2.0,2.0,78.57,58.62,6,STEP2_TECHNICAL_METRICS,Sasha_v56/Sasha_v56_022.png,2160,3840,2.569,68.367,150.081,56.099,0.015,0.035,162.0,3181635,24.25,6.04,1603,ok,,Sasha_v56,Sasha_v56/Sasha_v56_022.png,Sasha_v56_022.png,work/frames_raw/Sasha_v56/Sasha_v56_022.png,2160,3840,8294400,0.5625,2.569,68.367,150.081,PASS
23,2,2.0,2.0,39.29,27.59,21,STEP2_TECHNICAL_METRICS,Sasha_v56/Sasha_v56_023.png,2160,3840,2.353,50.116,150.186,55.92,0.024,0.034,157.0,2838511,18.82,2.81,1697,ok,,Sasha_v56,Sasha_v56/Sasha_v56_023.png,Sasha_v56_023.png,work/frames_raw/Sasha_v56/Sasha_v56_023.png,2160,3840,8294400,0.5625,2.353,50.116,150.186,PASS
24,2,2.0,2.0,53.57,20.69,20,STEP2_TECHNICAL_METRICS,Sasha_v56/Sasha_v56_024.png,2160,3840,2.415,47.804,151.39,56.019,0.027,0.035,158.0,2895581,20.91,2.44,1672,ok,,Sasha_v56,Sasha_v56/Sasha_v56_024.png,Sasha_v56_024.png,work/frames_raw/Sasha_v56/Sasha_v56_024.png,2160,3840,8294400,0.5625,2.415,47.804,151.39,PASS
25,2,2.0,2.0,82.14,44.83,11,STEP2_TECHNICAL_METRICS,Sasha_v56/Sasha_v56_025.png,2160,3840,2.645,64.25,151.09,54.166,0.036,0.035,145.0,3099144,25.75,4.98,1598,ok,,Sasha_v56,Sasha_v56/Sasha_v56_025.png,Sasha_v56_025.png,work/frames_raw/Sasha_v56/Sasha_v56_025.png,2160,3840,8294400,0.5625,2.645,64.25,151.09,PASS
26,2,2.0,2.0,92.86,79.31,4,STEP2_TECHNICAL_METRICS,Sasha_v56/Sasha_v56_026.png,2160,3840,2.934,86.263,145.883,55.936,0.016,0.035,155.0,3322368,32.14,9.53,1495,ok,,Sasha_v56,Sasha_v56/Sasha_v56_026.png,Sasha_v56_026.png,work/frames_raw/Sasha_v56/Sasha_v56_026.png,2160,3840,8294400,0.5625,2.934,86.263,145.883,PASS
27,2,2.0,2.0,96.43,68.97,5,STEP2_TECHNICAL_METRICS,Sasha_v56/Sasha_v56_027.png,2160,3840,2.966,78.724,150.162,56.706,0.018,0.038,153.0,3484290,32.68,8.21,1508,ok,,Sasha_v56,Sasha_v56/Sasha_v56_027.png,Sasha_v56_027.png,work/frames_raw/Sasha_v56/Sasha_v56_027.png,2160,3840,8294400,0.5625,2.966,78.724,150.162,PASS
28,2,2.0,2.0,57.14,0.0,23,STEP2_TECHNICAL_METRICS,Sasha_v56/Sasha_v56_028.png,2160,3840,2.42,37.916,155.201,52.464,0.023,0.035,143.0,2750259,21.03,0.95,1695,ok,,Sasha_v56,Sasha_v56/Sasha_v56_028.png,Sasha_v56_028.png,work/frames_raw/Sasha_v56/Sasha_v56_028.png,2160,3840,8294400,0.5625,2.42,37.916,155.201,PASS
29,2,2.0,2.0,17.86,17.24,28,STEP2_TECHNICAL_METRICS,Sasha_v56/Sasha_v56_029.png,2160,3840,2.19,47.649,144.094,58.552,0.028,0.034,161.0,2585868,15.17,2.38,1752,ok,,Sasha_v56,Sasha_v56/Sasha_v56_029.png,Sasha_v56_029.png,work/frames_raw/Sasha_v56/Sasha_v56_029.png,2160,3840,8294400,0.5625,2.19,47.649,144.094,PASS
30,2,2.0,2.0,35.71,41.38,19,STEP2_TECHNICAL_METRICS,Sasha_v56/Sasha_v56_030.png,2160,3840,2.338,62.447,146.819,53.965,0.01,0.035,144.0,2832341,18.64,4.66,1674,ok,,Sasha_v56,Sasha_v56/Sasha_v56_030.png,Sasha_v56_030.png,work/frames_raw/Sasha_v56/Sasha_v56_030.png,2160,3840,8294400,0.5625,2.338,62.447,146.819,PASS
1,2,2.0,2.0,2.44,0.0,44,STEP2_TECHNICAL_METRICS,Sasha_v57/Sasha_v57_001.png,2160,3840,1.755,90.264,110.699,59.197,0.071,0.008,146.0,2148082,7.35,10.7,1745,ok,,Sasha_v57,Sasha_v57/Sasha_v57_001.png,Sasha_v57_001.png,work/frames_raw/Sasha_v57/Sasha_v57_001.png,2160,3840,8294400,0.5625,1.755,90.264,110.699,PASS
2,2,2.0,2.0,4.88,2.33,42,STEP2_TECHNICAL_METRICS,Sasha_v57/Sasha_v57_002.png,2160,3840,1.762,95.709,117.804,63.66,0.067,0.008,164.0,2104216,7.59,11.76,1726,ok,,Sasha_v57,Sasha_v57/Sasha_v57_002.png,Sasha_v57_002.png,work/frames_raw/Sasha_v57/Sasha_v57_002.png,2160,3840,8294400,0.5625,1.762,95.709,117.804,PASS
3,2,2.0,2.0,7.32,6.98,41,STEP2_TECHNICAL_METRICS,Sasha_v57/Sasha_v57_003.png,2160,3840,1.933,115.021,113.696,66.582,0.098,0.008,169.0,2120316,9.98,15.04,1658,ok,,Sasha_v57,Sasha_v57/Sasha_v57_003.png,Sasha_v57_003.png,work/frames_raw/Sasha_v57/Sasha_v57_003.png,2160,3840,8294400,0.5625,1.933,115.021,113.696,PASS
4,2,2.0,2.0,9.76,11.63,40,STEP2_TECHNICAL_METRICS,Sasha_v57/Sasha_v57_004.png,2160,3840,1.985,122.487,117.417,67.068,0.12,0.008,176.0,2157613,10.87,16.84,1622,ok,,Sasha_v57,Sasha_v57/Sasha_v57_004.png,Sasha_v57_004.png,work/frames_raw/Sasha_v57/Sasha_v57_004.png,2160,3840,8294400,0.5625,1.985,122.487,117.417,PASS
5,2,2.0,2.0,31.71,37.21,31,STEP2_TECHNICAL_METRICS,Sasha_v57/Sasha_v57_005.png,2160,3840,2.191,147.453,117.815,68.298,0.142,0.008,179.0,2166570,15.23,21.72,1549,ok,,Sasha_v57,Sasha_v57/Sasha_v57_005.png,Sasha_v57_005.png,work/frames_raw/Sasha_v57/Sasha_v57_005.png,2160,3840,8294400,0.5625,2.191,147.453,117.815,PASS
6,2,2.0,2.0,48.78,34.88,27,STEP2_TECHNICAL_METRICS,Sasha_v57/Sasha_v57_006.png,2160,3840,2.305,145.501,118.344,67.978,0.133,0.008,176.0,2334066,17.68,21.13,1534,ok,,Sasha_v57,Sasha_v57/Sasha_v57_006.png,Sasha_v57_006.png,work/frames_raw/Sasha_v57/Sasha_v57_006.png,2160,3840,8294400,0.5625,2.305,145.501,118.344,PASS
7,2,2.0,2.0,51.22,48.84,22,STEP2_TECHNICAL_METRICS,Sasha_v57/Sasha_v57_007.png,2160,3840,2.328,159.955,122.462,67.402,0.124,0.007,175.0,2233150,18.34,24.21,1484,ok,,Sasha_v57,Sasha_v57/Sasha_v57_007.png,Sasha_v57_007.png,work/frames_raw/Sasha_v57/Sasha_v57_007.png,2160,3840,8294400,0.5625,2.328,159.955,122.462,PASS
8,2,2.0,2.0,53.66,53.49,20,STEP2_TECHNICAL_METRICS,Sasha_v57/Sasha_v57_008.png,2160,3840,2.346,162.327,119.341,66.934,0.126,0.007,172.0,2276542,18.7,25.11,1470,ok,,Sasha_v57,Sasha_v57/Sasha_v57_008.png,Sasha_v57_008.png,work/frames_raw/Sasha_v57/Sasha_v57_008.png,2160,3840,8294400,0.5625,2.346,162.327,119.341,PASS
9,2,2.0,2.0,63.41,62.79,18,STEP2_TECHNICAL_METRICS,Sasha_v57/Sasha_v57_009.png,2160,3840,2.501,173.775,117.667,65.867,0.129,0.007,170.0,2327732,23.06,27.44,1409,ok,,Sasha_v57,Sasha_v57/Sasha_v57_009.png,Sasha_v57_009.png,work/frames_raw/Sasha_v57/Sasha_v57_009.png,2160,3840,8294400,0.5625,2.501,173.775,117.667,PASS
10,2,2.0,2.0,70.73,67.44,14,STEP2_TECHNICAL_METRICS,Sasha_v57/Sasha_v57_010.png,2160,3840,2.703,183.922,117.709,65.922,0.137,0.007,170.0,2440870,26.88,30.14,1350,ok,,Sasha_v57,Sasha_v57/Sasha_v57_010.png,Sasha_v57_010.png,work/frames_raw/Sasha_v57/Sasha_v57_010.png,2160,3840,8294400,0.5625,2.703,183.922,117.709,PASS
11,2,2.0,2.0,95.12,83.72,6,STEP2_TECHNICAL_METRICS,Sasha_v57/Sasha_v57_011.png,2160,3840,2.884,198.804,118.618,65.748,0.116,0.007,169.0,2552392,31.18,33.9,1272,ok,,Sasha_v57,Sasha_v57/Sasha_v57_011.png,Sasha_v57_011.png,work/frames_raw/Sasha_v57/Sasha_v57_011.png,2160,3840,8294400,0.5625,2.884,198.804,118.618,PASS
12,2,2.0,2.0,85.37,72.09,10,STEP2_TECHNICAL_METRICS,Sasha_v57/Sasha_v57_012.png,2160,3840,2.844,190.832,123.347,64.648,0.106,0.007,169.0,2756480,30.17,31.83,1303,ok,,Sasha_v57,Sasha_v57/Sasha_v57_012.png,Sasha_v57_012.png,work/frames_raw/Sasha_v57/Sasha_v57_012.png,2160,3840,8294400,0.5625,2.844,190.832,123.347,PASS
13,2,2.0,2.0,65.85,65.12,15,STEP2_TECHNICAL_METRICS,Sasha_v57/Sasha_v57_013.png,2160,3840,2.597,183.205,124.349,66.141,0.109,0.007,173.0,2332790,24.79,29.82,1371,ok,,Sasha_v57,Sasha_v57/Sasha_v57_013.png,Sasha_v57_013.png,work/frames_raw/Sasha_v57/Sasha_v57_013.png,2160,3840,8294400,0.5625,2.597,183.205,124.349,PASS
14,2,2.0,2.0,80.49,74.42,12,STEP2_TECHNICAL_METRICS,Sasha_v57/Sasha_v57_014.png,2160,3840,2.801,190.941,122.428,65.03,0.103,0.007,170.0,2551637,29.21,31.89,1310,ok,,Sasha_v57,Sasha_v57/Sasha_v57_014.png,Sasha_v57_014.png,work/frames_raw/Sasha_v57/Sasha_v57_014.png,2160,3840,8294400,0.5625,2.801,190.941,122.428,PASS
15,2,2.0,2.0,60.98,69.77,16,STEP2_TECHNICAL_METRICS,Sasha_v57/Sasha_v57_015.png,2160,3840,2.481,187.208,124.069,65.589,0.098,0.007,171.0,1928933,22.52,30.77,1381,ok,,Sasha_v57,Sasha_v57/Sasha_v57_015.png,Sasha_v57_015.png,work/frames_raw/Sasha_v57/Sasha_v57_015.png,2160,3840,8294400,0.5625,2.481,187.208,124.069,PASS
16,2,2.0,2.0,70.73,95.35,8,STEP2_TECHNICAL_METRICS,Sasha_v57/Sasha_v57_016.png,2160,3840,2.703,204.328,124.361,65.891,0.104,0.007,171.0,2242387,26.88,35.28,1301,ok,,Sasha_v57,Sasha_v57/Sasha_v57_016.png,Sasha_v57_016.png,work/frames_raw/Sasha_v57/Sasha_v57_016.png,2160,3840,8294400,0.5625,2.703,204.328,124.361,PASS
17,2,2.0,2.0,75.61,88.37,9,STEP2_TECHNICAL_METRICS,Sasha_v57/Sasha_v57_017.png,2160,3840,2.774,199.102,122.833,65.929,0.108,0.007,172.0,2269198,28.43,34.0,1297,ok,,Sasha_v57,Sasha_v57/Sasha_v57_017.png,Sasha_v57_017.png,work/frames_raw/Sasha_v57/Sasha_v57_017.png,2160,3840,8294400,0.5625,2.774,199.102,122.833,PASS
18,2,2.0,2.0,87.8,97.67,3,STEP2_TECHNICAL_METRICS,Sasha_v57/Sasha_v57_018.png,2160,3840,2.855,206.588,121.69,65.991,0.11,0.007,171.0,2475470,30.53,35.75,1252,ok,,Sasha_v57,Sasha_v57/Sasha_v57_018.png,Sasha_v57_018.png,work/frames_raw/Sasha_v57/Sasha_v57_018.png,2160,3840,8294400,0.5625,2.855,206.588,121.69,PASS
19,2,2.0,2.0,82.93,86.05,7,STEP2_TECHNICAL_METRICS,Sasha_v57/Sasha_v57_019.png,2160,3840,2.814,198.858,122.425,65.744,0.112,0.007,172.0,2389638,29.45,33.95,1287,ok,,Sasha_v57,Sasha_v57/Sasha_v57_019.png,Sasha_v57_019.png,work/frames_raw/Sasha_v57/Sasha_v57_019.png,2160,3840,8294400,0.5625,2.814,198.858,122.425,PASS
20,2,2.0,2.0,92.68,100.0,1,STEP2_TECHNICAL_METRICS,Sasha_v57/Sasha_v57_020.png,2160,3840,2.879,208.293,123.192,65.581,0.109,0.007,171.0,2502099,31.06,36.33,1239,ok,,Sasha_v57,Sasha_v57/Sasha_v57_020.png,Sasha_v57_020.png,work/frames_raw/Sasha_v57/Sasha_v57_020.png,2160,3840,8294400,0.5625,2.879,208.293,123.192,PASS
21,2,2.0,2.0,97.56,81.4,5,STEP2_TECHNICAL_METRICS,Sasha_v57/Sasha_v57_021.png,2160,3840,2.893,198.3,121.666,65.641,0.112,0.007,171.0,2589621,31.42,33.79,1270,ok,,Sasha_v57,Sasha_v57/Sasha_v57_021.png,Sasha_v57_021.png,work/frames_raw/Sasha_v57/Sasha_v57_021.png,2160,3840,8294400,0.5625,2.893,198.3,121.666,PASS
22,2,2.0,2.0,73.17,76.74,13,STEP2_TECHNICAL_METRICS,Sasha_v57/Sasha_v57_022.png,2160,3840,2.74,196.456,122.889,65.608,0.124,0.007,172.0,2432748,27.84,33.0,1313,ok,,Sasha_v57,Sasha_v57/Sasha_v57_022.png,Sasha_v57_022.png,work/frames_raw/Sasha_v57/Sasha_v57_022.png,2160,3840,8294400,0.5625,2.74,196.456,122.889,PASS
23,2,2.0,2.0,78.05,79.07,11,STEP2_TECHNICAL_METRICS,Sasha_v57/Sasha_v57_023.png,2160,3840,2.78,196.785,121.921,66.44,0.127,0.007,173.0,2437298,28.67,33.1,1304,ok,,Sasha_v57,Sasha_v57/Sasha_v57_023.png,Sasha_v57_023.png,work/frames_raw/Sasha_v57/Sasha_v57_023.png,2160,3840,8294400,0.5625,2.78,196.785,121.921,PASS
24,2,2.0,2.0,90.24,93.02,4,STEP2_TECHNICAL_METRICS,Sasha_v57/Sasha_v57_024.png,2160,3840,2.862,202.479,122.009,67.015,0.145,0.007,176.0,2527714,30.7,34.96,1262,ok,,Sasha_v57,Sasha_v57/Sasha_v57_024.png,Sasha_v57_024.png,work/frames_raw/Sasha_v57/Sasha_v57_024.png,2160,3840,8294400,0.5625,2.862,202.479,122.009,PASS
25,2,2.0,2.0,100.0,90.7,2,STEP2_TECHNICAL_METRICS,Sasha_v57/Sasha_v57_025.png,2160,3840,2.931,200.361,122.62,66.503,0.125,0.007,174.0,2671027,32.02,34.48,1249,ok,,Sasha_v57,Sasha_v57/Sasha_v57_025.png,Sasha_v57_025.png,work/frames_raw/Sasha_v57/Sasha_v57_025.png,2160,3840,8294400,0.5625,2.931,200.361,122.62,PASS
26,2,2.0,2.0,68.29,60.47,17,STEP2_TECHNICAL_METRICS,Sasha_v57/Sasha_v57_026.png,2160,3840,2.614,171.004,121.588,66.567,0.12,0.007,173.0,2486497,25.03,26.85,1394,ok,,Sasha_v57,Sasha_v57/Sasha_v57_026.png,Sasha_v57_026.png,work/frames_raw/Sasha_v57/Sasha_v57_026.png,2160,3840,8294400,0.5625,2.614,171.004,121.588,PASS
27,2,2.0,2.0,36.59,32.56,30,STEP2_TECHNICAL_METRICS,Sasha_v57/Sasha_v57_027.png,2160,3840,2.212,145.395,114.625,66.908,0.141,0.007,177.0,2175667,15.53,21.08,1554,ok,,Sasha_v57,Sasha_v57/Sasha_v57_027.png,Sasha_v57_027.png,work/frames_raw/Sasha_v57/Sasha_v57_027.png,2160,3840,8294400,0.5625,2.212,145.395,114.625,PASS
28,2,2.0,2.0,56.1,51.16,19,STEP2_TECHNICAL_METRICS,Sasha_v57/Sasha_v57_028.png,2160,3840,2.387,161.209,113.031,66.26,0.138,0.007,176.0,2355733,19.89,24.58,1464,ok,,Sasha_v57,Sasha_v57/Sasha_v57_028.png,Sasha_v57_028.png,work/frames_raw/Sasha_v57/Sasha_v57_028.png,2160,3840,8294400,0.5625,2.387,161.209,113.031,PASS
29,2,2.0,2.0,26.83,58.14,26,STEP2_TECHNICAL_METRICS,Sasha_v57/Sasha_v57_029.png,2160,3840,2.123,166.437,119.775,67.716,0.129,0.007,179.0,1780401,13.92,25.95,1520,ok,,Sasha_v57,Sasha_v57/Sasha_v57_029.png,Sasha_v57_029.png,work/frames_raw/Sasha_v57/Sasha_v57_029.png,2160,3840,8294400,0.5625,2.123,166.437,119.775,PASS
30,2,2.0,2.0,12.2,20.93,36,STEP2_TECHNICAL_METRICS,Sasha_v57/Sasha_v57_030.png,2160,3840,2.006,139.387,121.439,58.511,0.044,0.005,150.0,1876768,11.29,19.97,1594,ok,,Sasha_v57,Sasha_v57/Sasha_v57_030.png,Sasha_v57_030.png,work/frames_raw/Sasha_v57/Sasha_v57_030.png,2160,3840,8294400,0.5625,2.006,139.387,121.439,PASS
31,2,2.0,2.0,24.39,25.58,34,STEP2_TECHNICAL_METRICS,Sasha_v57/Sasha_v57_031.png,2160,3840,2.111,140.387,118.058,59.024,0.07,0.006,153.0,2062808,13.56,20.23,1577,ok,,Sasha_v57,Sasha_v57/Sasha_v57_031.png,Sasha_v57_031.png,work/frames_raw/Sasha_v57/Sasha_v57_031.png,2160,3840,8294400,0.5625,2.111,140.387,118.058,PASS
32,2,2.0,2.0,14.63,16.28,38,STEP2_TECHNICAL_METRICS,Sasha_v57/Sasha_v57_032.png,2160,3840,2.013,129.477,111.356,63.004,0.134,0.007,169.0,2128111,11.59,18.33,1606,ok,,Sasha_v57,Sasha_v57/Sasha_v57_032.png,Sasha_v57_032.png,work/frames_raw/Sasha_v57/Sasha_v57_032.png,2160,3840,8294400,0.5625,2.013,129.477,111.356,PASS
33,2,2.0,2.0,0.0,4.65,43,STEP2_TECHNICAL_METRICS,Sasha_v57/Sasha_v57_033.png,2160,3840,1.745,104.239,107.45,64.135,0.171,0.006,169.0,1990474,7.29,13.03,1713,ok,,Sasha_v57,Sasha_v57/Sasha_v57_033.png,Sasha_v57_033.png,work/frames_raw/Sasha_v57/Sasha_v57_033.png,2160,3840,8294400,0.5625,1.745,104.239,107.45,PASS
34,2,2.0,2.0,12.2,9.3,39,STEP2_TECHNICAL_METRICS,Sasha_v57/Sasha_v57_034.png,2160,3840,2.006,120.42,117.319,66.026,0.121,0.007,171.0,2195264,11.29,16.31,1626,ok,,Sasha_v57,Sasha_v57/Sasha_v57_034.png,Sasha_v57_034.png,work/frames_raw/Sasha_v57/Sasha_v57_034.png,2160,3840,8294400,0.5625,2.006,120.42,117.319,PASS
35,2,2.0,2.0,46.34,44.19,23,STEP2_TECHNICAL_METRICS,Sasha_v57/Sasha_v57_035.png,2160,3840,2.277,153.263,116.854,65.904,0.155,0.007,172.0,2077362,16.91,22.78,1524,ok,,Sasha_v57,Sasha_v57/Sasha_v57_035.png,Sasha_v57_035.png,work/frames_raw/Sasha_v57/Sasha_v57_035.png,2160,3840,8294400,0.5625,2.277,153.263,116.854,PASS
36,2,2.0,2.0,58.54,41.86,21,STEP2_TECHNICAL_METRICS,Sasha_v57/Sasha_v57_036.png,2160,3840,2.451,151.084,118.368,65.744,0.143,0.007,170.0,2573023,21.62,22.4,1466,ok,,Sasha_v57,Sasha_v57/Sasha_v57_036.png,Sasha_v57_036.png,work/frames_raw/Sasha_v57/Sasha_v57_036.png,2160,3840,8294400,0.5625,2.451,151.084,118.368,PASS
37,2,2.0,2.0,43.9,27.91,29,STEP2_TECHNICAL_METRICS,Sasha_v57/Sasha_v57_037.png,2160,3840,2.271,141.807,112.702,68.002,0.202,0.007,175.0,2481584,16.79,20.55,1547,ok,,Sasha_v57,Sasha_v57/Sasha_v57_037.png,Sasha_v57_037.png,work/frames_raw/Sasha_v57/Sasha_v57_037.png,2160,3840,8294400,0.5625,2.271,141.807,112.702,PASS
38,2,2.0,2.0,34.15,23.26,32,STEP2_TECHNICAL_METRICS,Sasha_v57/Sasha_v57_038.png,2160,3840,2.209,139.789,113.147,68.012,0.193,0.007,181.0,2378986,15.47,20.18,1563,ok,,Sasha_v57,Sasha_v57/Sasha_v57_038.png,Sasha_v57_038.png,work/frames_raw/Sasha_v57/Sasha_v57_038.png,2160,3840,8294400,0.5625,2.209,139.789,113.147,PASS
39,2,2.0,2.0,41.46,46.51,24,STEP2_TECHNICAL_METRICS,Sasha_v57/Sasha_v57_039.png,2160,3840,2.249,158.436,124.454,65.784,0.096,0.008,174.0,2351692,16.25,23.83,1514,ok,,Sasha_v57,Sasha_v57/Sasha_v57_039.png,Sasha_v57_039.png,work/frames_raw/Sasha_v57/Sasha_v57_039.png,2160,3840,8294400,0.5625,2.249,158.436,124.454,PASS
40,2,2.0,2.0,29.27,55.81,25,STEP2_TECHNICAL_METRICS,Sasha_v57/Sasha_v57_040.png,2160,3840,2.151,164.169,120.394,63.439,0.076,0.006,165.0,2122357,14.34,25.53,1519,ok,,Sasha_v57,Sasha_v57/Sasha_v57_040.png,Sasha_v57_040.png,work/frames_raw/Sasha_v57/Sasha_v57_040.png,2160,3840,8294400,0.5625,2.151,164.169,120.394,PASS
41,2,2.0,2.0,19.51,18.6,35,STEP2_TECHNICAL_METRICS,Sasha_v57/Sasha_v57_041.png,2160,3840,2.066,134.651,111.809,65.625,0.136,0.007,171.0,2426120,12.72,19.33,1588,ok,,Sasha_v57,Sasha_v57/Sasha_v57_041.png,Sasha_v57_041.png,work/frames_raw/Sasha_v57/Sasha_v57_041.png,2160,3840,8294400,0.5625,2.066,134.651,111.809,PASS
42,2,2.0,2.0,17.07,13.95,37,STEP2_TECHNICAL_METRICS,Sasha_v57/Sasha_v57_042.png,2160,3840,2.015,125.447,117.576,65.606,0.113,0.007,171.0,2338125,11.65,17.48,1613,ok,,Sasha_v57,Sasha_v57/Sasha_v57_042.png,Sasha_v57_042.png,work/frames_raw/Sasha_v57/Sasha_v57_042.png,2160,3840,8294400,0.5625,2.015,125.447,117.576,PASS
43,2,2.0,2.0,39.02,39.53,28,STEP2_TECHNICAL_METRICS,Sasha_v57/Sasha_v57_043.png,2160,3840,2.221,149.738,125.408,65.167,0.07,0.007,169.0,2170530,15.71,21.98,1544,ok,,Sasha_v57,Sasha_v57/Sasha_v57_043.png,Sasha_v57_043.png,work/frames_raw/Sasha_v57/Sasha_v57_043.png,2160,3840,8294400,0.5625,2.221,149.738,125.408,PASS
44,2,2.0,2.0,21.95,30.23,33,STEP2_TECHNICAL_METRICS,Sasha_v57/Sasha_v57_044.png,2160,3840,2.11,143.305,130.619,63.96,0.075,0.028,172.0,1997835,13.5,20.76,1570,ok,,Sasha_v57,Sasha_v57/Sasha_v57_044.png,Sasha_v57_044.png,work/frames_raw/Sasha_v57/Sasha_v57_044.png,2160,3840,8294400,0.5625,2.11,143.305,130.619,PASS
1,2,2.0,2.0,100.0,100.0,1,STEP2_TECHNICAL_METRICS,Sasha_v58/Sasha_v58_001.png,2160,3840,28.546,2753.901,122.137,63.772,0.145,0.021,176.0,7741034,96.06,95.92,69,ok,,Sasha_v58,Sasha_v58/Sasha_v58_001.png,Sasha_v58_001.png,work/frames_raw/Sasha_v58/Sasha_v58_001.png,2160,3840,8294400,0.5625,28.546,2753.901,122.137,PASS
2,2,2.0,2.0,79.31,82.76,6,STEP2_TECHNICAL_METRICS,Sasha_v58/Sasha_v58_002.png,2160,3840,20.725,2260.193,115.903,57.015,0.141,0.004,150.0,8242581,93.31,94.28,101,ok,,Sasha_v58,Sasha_v58/Sasha_v58_002.png,Sasha_v58_002.png,work/frames_raw/Sasha_v58/Sasha_v58_002.png,2160,3840,8294400,0.5625,20.725,2260.193,115.903,PASS
3,2,2.0,2.0,89.66,86.21,5,STEP2_TECHNICAL_METRICS,Sasha_v58/Sasha_v58_003.png,2160,3840,21.84,2322.596,122.22,61.142,0.135,0.02,166.0,8779084,93.91,94.7,93,ok,,Sasha_v58,Sasha_v58/Sasha_v58_003.png,Sasha_v58_003.png,work/frames_raw/Sasha_v58/Sasha_v58_003.png,2160,3840,8294400,0.5625,21.84,2322.596,122.22,PASS
4,2,2.0,2.0,65.52,72.41,9,STEP2_TECHNICAL_METRICS,Sasha_v58/Sasha_v58_004.png,2160,3840,19.04,2132.566,117.462,58.136,0.13,0.012,156.0,8223466,92.47,93.54,115,ok,,Sasha_v58,Sasha_v58/Sasha_v58_004.png,Sasha_v58_004.png,work/frames_raw/Sasha_v58/Sasha_v58_004.png,2160,3840,8294400,0.5625,19.04,2132.566,117.462,PASS
5,2,2.0,2.0,93.1,96.55,2,STEP2_TECHNICAL_METRICS,Sasha_v58/Sasha_v58_005.png,2160,3840,22.914,2428.06,125.627,63.66,0.125,0.031,172.0,8516134,94.32,95.23,86,ok,,Sasha_v58,Sasha_v58/Sasha_v58_005.png,Sasha_v58_005.png,work/frames_raw/Sasha_v58/Sasha_v58_005.png,2160,3840,8294400,0.5625,22.914,2428.06,125.627,PASS
6,2,2.0,2.0,58.62,62.07,13,STEP2_TECHNICAL_METRICS,Sasha_v58/Sasha_v58_006.png,2160,3840,18.595,2090.863,119.6,56.567,0.12,0.005,149.0,8442069,92.05,93.27,120,ok,,Sasha_v58,Sasha_v58/Sasha_v58_006.png,Sasha_v58_006.png,work/frames_raw/Sasha_v58/Sasha_v58_006.png,2160,3840,8294400,0.5625,18.595,2090.863,119.6,PASS
7,2,2.0,2.0,86.21,93.1,4,STEP2_TECHNICAL_METRICS,Sasha_v58/Sasha_v58_007.png,2160,3840,21.469,2350.636,124.515,61.248,0.12,0.028,163.0,9054063,93.49,94.92,94,ok,,Sasha_v58,Sasha_v58/Sasha_v58_007.png,Sasha_v58_007.png,work/frames_raw/Sasha_v58/Sasha_v58_007.png,2160,3840,8294400,0.5625,21.469,2350.636,124.515,PASS
8,2,2.0,2.0,68.97,65.52,10,STEP2_TECHNICAL_METRICS,Sasha_v58/Sasha_v58_008.png,2160,3840,19.169,2096.502,125.441,58.797,0.108,0.014,160.0,8460836,92.59,93.33,117,ok,,Sasha_v58,Sasha_v58/Sasha_v58_008.png,Sasha_v58_008.png,work/frames_raw/Sasha_v58/Sasha_v58_008.png,2160,3840,8294400,0.5625,19.169,2096.502,125.441,PASS
9,2,2.0,2.0,82.76,79.31,7,STEP2_TECHNICAL_METRICS,Sasha_v58/Sasha_v58_009.png,2160,3840,21.212,2145.898,126.508,60.606,0.123,0.017,163.0,8981999,93.37,93.75,105,ok,,Sasha_v58,Sasha_v58/Sasha_v58_009.png,Sasha_v58_009.png,work/frames_raw/Sasha_v58/Sasha_v58_009.png,2160,3840,8294400,0.5625,21.212,2145.898,126.508,PASS
10,2,2.0,2.0,96.55,89.66,3,STEP2_TECHNICAL_METRICS,Sasha_v58/Sasha_v58_010.png,2160,3840,23.004,2345.106,123.774,61.93,0.118,0.026,169.0,8134858,94.38,94.81,91,ok,,Sasha_v58,Sasha_v58/Sasha_v58_010.png,Sasha_v58_010.png,work/frames_raw/Sasha_v58/Sasha_v58_010.png,2160,3840,8294400,0.5625,23.004,2345.106,123.774,PASS
11,2,2.0,2.0,51.72,55.17,15,STEP2_TECHNICAL_METRICS,Sasha_v58/Sasha_v58_011.png,2160,3840,17.767,1957.181,124.54,61.431,0.116,0.017,167.0,8469537,91.52,92.48,134,ok,,Sasha_v58,Sasha_v58/Sasha_v58_011.png,Sasha_v58_011.png,work/frames_raw/Sasha_v58/Sasha_v58_011.png,2160,3840,8294400,0.5625,17.767,1957.181,124.54,PASS
12,2,2.0,2.0,55.17,75.86,11,STEP2_TECHNICAL_METRICS,Sasha_v58/Sasha_v58_012.png,2160,3840,18.559,2141.325,120.787,61.005,0.12,0.029,164.0,8355003,92.0,93.64,118,ok,,Sasha_v58,Sasha_v58/Sasha_v58_012.png,Sasha_v58_012.png,work/frames_raw/Sasha_v58/Sasha_v58_012.png,2160,3840,8294400,0.5625,18.559,2141.325,120.787,PASS
13,2,2.0,2.0,72.41,68.97,8,STEP2_TECHNICAL_METRICS,Sasha_v58/Sasha_v58_013.png,2160,3840,19.326,2107.619,120.136,59.945,0.129,0.009,161.0,8232526,92.71,93.38,113,ok,,Sasha_v58,Sasha_v58/Sasha_v58_013.png,Sasha_v58_013.png,work/frames_raw/Sasha_v58/Sasha_v58_013.png,2160,3840,8294400,0.5625,19.326,2107.619,120.136,PASS
14,2,2.0,2.0,41.38,41.38,18,STEP2_TECHNICAL_METRICS,Sasha_v58/Sasha_v58_014.png,2160,3840,17.19,1913.038,122.476,63.16,0.142,0.023,170.0,8300660,90.92,91.84,147,ok,,Sasha_v58,Sasha_v58/Sasha_v58_014.png,Sasha_v58_014.png,work/frames_raw/Sasha_v58/Sasha_v58_014.png,2160,3840,8294400,0.5625,17.19,1913.038,122.476,PASS
15,2,2.0,2.0,75.86,48.28,12,STEP2_TECHNICAL_METRICS,Sasha_v58/Sasha_v58_015.png,2160,3840,19.51,1934.347,126.102,59.997,0.112,0.019,163.0,6799015,92.77,92.06,126,ok,,Sasha_v58,Sasha_v58/Sasha_v58_015.png,Sasha_v58_015.png,work/frames_raw/Sasha_v58/Sasha_v58_015.png,2160,3840,8294400,0.5625,19.51,1934.347,126.102,PASS
16,2,2.0,2.0,44.83,37.93,19,STEP2_TECHNICAL_METRICS,Sasha_v58/Sasha_v58_016.png,2160,3840,17.556,1887.325,129.106,65.407,0.124,0.05,183.0,7826530,91.28,91.74,144,ok,,Sasha_v58,Sasha_v58/Sasha_v58_016.png,Sasha_v58_016.png,work/frames_raw/Sasha_v58/Sasha_v58_016.png,2160,3840,8294400,0.5625,17.556,1887.325,129.106,PASS
17,2,2.0,2.0,37.93,51.72,16,STEP2_TECHNICAL_METRICS,Sasha_v58/Sasha_v58_017.png,2160,3840,17.142,1943.555,121.457,62.628,0.129,0.019,164.0,7908579,90.86,92.27,142,ok,,Sasha_v58,Sasha_v58/Sasha_v58_017.png,Sasha_v58_017.png,work/frames_raw/Sasha_v58/Sasha_v58_017.png,2160,3840,8294400,0.5625,17.142,1943.555,121.457,PASS
18,2,2.0,2.0,27.59,44.83,20,STEP2_TECHNICAL_METRICS,Sasha_v58/Sasha_v58_018.png,2160,3840,16.626,1918.588,126.232,59.968,0.092,0.013,167.0,7954935,90.26,91.95,155,ok,,Sasha_v58,Sasha_v58/Sasha_v58_018.png,Sasha_v58_018.png,work/frames_raw/Sasha_v58/Sasha_v58_018.png,2160,3840,8294400,0.5625,16.626,1918.588,126.232,PASS
19,2,2.0,2.0,17.24,17.24,25,STEP2_TECHNICAL_METRICS,Sasha_v58/Sasha_v58_019.png,2160,3840,15.034,1619.903,133.068,58.638,0.071,0.015,163.0,7840566,88.11,88.82,213,ok,,Sasha_v58,Sasha_v58/Sasha_v58_019.png,Sasha_v58_019.png,work/frames_raw/Sasha_v58/Sasha_v58_019.png,2160,3840,8294400,0.5625,15.034,1619.903,133.068,PASS
20,2,2.0,2.0,20.69,20.69,24,STEP2_TECHNICAL_METRICS,Sasha_v58/Sasha_v58_020.png,2160,3840,15.701,1670.434,127.742,62.517,0.107,0.04,175.0,7622133,89.25,89.25,203,ok,,Sasha_v58,Sasha_v58/Sasha_v58_020.png,Sasha_v58_020.png,work/frames_raw/Sasha_v58/Sasha_v58_020.png,2160,3840,8294400,0.5625,15.701,1670.434,127.742,PASS
21,2,2.0,2.0,48.28,58.62,14,STEP2_TECHNICAL_METRICS,Sasha_v58/Sasha_v58_021.png,2160,3840,17.704,1965.747,123.813,61.331,0.116,0.022,166.0,8111015,91.34,92.58,135,ok,,Sasha_v58,Sasha_v58/Sasha_v58_021.png,Sasha_v58_021.png,work/frames_raw/Sasha_v58/Sasha_v58_021.png,2160,3840,8294400,0.5625,17.704,1965.747,123.813,PASS
22,2,2.0,2.0,34.48,34.48,21,STEP2_TECHNICAL_METRICS,Sasha_v58/Sasha_v58_022.png,2160,3840,16.663,1862.936,126.405,62.206,0.103,0.022,171.0,7924253,90.44,91.53,162,ok,,Sasha_v58,Sasha_v58/Sasha_v58_022.png,Sasha_v58_022.png,work/frames_raw/Sasha_v58/Sasha_v58_022.png,2160,3840,8294400,0.5625,16.663,1862.936,126.405,PASS
23,2,2.0,2.0,24.14,31.03,23,STEP2_TECHNICAL_METRICS,Sasha_v58/Sasha_v58_023.png,2160,3840,16.33,1844.481,126.962,59.314,0.087,0.017,161.0,7925841,89.9,91.31,172,ok,,Sasha_v58,Sasha_v58/Sasha_v58_023.png,Sasha_v58_023.png,work/frames_raw/Sasha_v58/Sasha_v58_023.png,2160,3840,8294400,0.5625,16.33,1844.481,126.962,PASS
24,2,2.0,2.0,31.03,27.59,22,STEP2_TECHNICAL_METRICS,Sasha_v58/Sasha_v58_024.png,2160,3840,16.628,1804.457,130.358,59.069,0.08,0.011,166.0,7507392,90.32,90.84,173,ok,,Sasha_v58,Sasha_v58/Sasha_v58_024.png,Sasha_v58_024.png,work/frames_raw/Sasha_v58/Sasha_v58_024.png,2160,3840,8294400,0.5625,16.628,1804.457,130.358,PASS
25,2,2.0,2.0,10.34,10.34,27,STEP2_TECHNICAL_METRICS,Sasha_v58/Sasha_v58_025.png,2160,3840,11.775,1264.164,127.203,55.837,0.071,0.009,154.0,6572368,84.17,86.39,252,ok,,Sasha_v58,Sasha_v58/Sasha_v58_025.png,Sasha_v58_025.png,work/frames_raw/Sasha_v58/Sasha_v58_025.png,2160,3840,8294400,0.5625,11.775,1264.164,127.203,PASS
26,2,2.0,2.0,3.45,3.45,29,STEP2_TECHNICAL_METRICS,Sasha_v58/Sasha_v58_026.png,2160,3840,9.654,998.969,137.95,57.185,0.049,0.05,161.0,5845307,82.86,83.26,289,ok,,Sasha_v58,Sasha_v58/Sasha_v58_026.png,Sasha_v58_026.png,work/frames_raw/Sasha_v58/Sasha_v58_026.png,2160,3840,8294400,0.5625,9.654,998.969,137.95,PASS
27,2,2.0,2.0,0.0,0.0,30,STEP2_TECHNICAL_METRICS,Sasha_v58/Sasha_v58_027.png,2160,3840,8.037,816.087,144.527,60.261,0.06,0.054,175.0,5737402,80.88,80.4,334,ok,,Sasha_v58,Sasha_v58/Sasha_v58_027.png,Sasha_v58_027.png,work/frames_raw/Sasha_v58/Sasha_v58_027.png,2160,3840,8294400,0.5625,8.037,816.087,144.527,PASS
28,2,2.0,2.0,6.9,6.9,28,STEP2_TECHNICAL_METRICS,Sasha_v58/Sasha_v58_028.png,2160,3840,10.036,1088.703,137.988,60.0,0.075,0.029,174.0,6220422,83.21,84.38,272,ok,,Sasha_v58,Sasha_v58/Sasha_v58_028.png,Sasha_v58_028.png,work/frames_raw/Sasha_v58/Sasha_v58_028.png,2160,3840,8294400,0.5625,10.036,1088.703,137.988,PASS
29,2,2.0,2.0,62.07,24.14,17,STEP2_TECHNICAL_METRICS,Sasha_v58/Sasha_v58_029.png,2160,3840,18.66,1699.043,143.62,60.73,0.059,0.062,177.0,5516174,92.17,89.57,167,ok,,Sasha_v58,Sasha_v58/Sasha_v58_029.png,Sasha_v58_029.png,work/frames_raw/Sasha_v58/Sasha_v58_029.png,2160,3840,8294400,0.5625,18.66,1699.043,143.62,PASS
30,2,2.0,2.0,13.79,13.79,26,STEP2_TECHNICAL_METRICS,Sasha_v58/Sasha_v58_030.png,2160,3840,13.777,1449.285,126.533,54.811,0.047,0.019,157.0,6285540,86.14,87.87,229,ok,,Sasha_v58,Sasha_v58/Sasha_v58_030.png,Sasha_v58_030.png,work/frames_raw/Sasha_v58/Sasha_v58_030.png,2160,3840,8294400,0.5625,13.777,1449.285,126.533,PASS
1,2,2.0,2.0,56.0,96.55,9,STEP2_TECHNICAL_METRICS,Sasha_v59/Sasha_v59_001.png,2160,3840,1.097,49.497,170.594,38.559,0.016,0.0,81.0,1437087,1.02,2.65,1860,ok,,Sasha_v59,Sasha_v59/Sasha_v59_001.png,Sasha_v59_001.png,work/frames_raw/Sasha_v59/Sasha_v59_001.png,2160,3840,8294400,0.5625,1.097,49.497,170.594,PASS
2,2,2.0,2.0,0.0,0.0,30,STEP2_TECHNICAL_METRICS,Sasha_v59/Sasha_v59_002.png,2160,3840,0.884,23.899,169.59,40.169,0.022,0.0,82.0,1242295,0.06,0.21,1892,ok,,Sasha_v59,Sasha_v59/Sasha_v59_002.png,Sasha_v59_002.png,work/frames_raw/Sasha_v59/Sasha_v59_002.png,2160,3840,8294400,0.5625,0.884,23.899,169.59,PASS
3,2,2.0,2.0,8.0,13.79,28,STEP2_TECHNICAL_METRICS,Sasha_v59/Sasha_v59_003.png,2160,3840,1.011,32.123,167.157,43.451,0.018,0.0,98.0,1401748,0.18,0.48,1889,ok,,Sasha_v59,Sasha_v59/Sasha_v59_003.png,Sasha_v59_003.png,work/frames_raw/Sasha_v59/Sasha_v59_003.png,2160,3840,8294400,0.5625,1.011,32.123,167.157,PASS
4,2,2.0,2.0,20.0,10.34,27,STEP2_TECHNICAL_METRICS,Sasha_v59/Sasha_v59_004.png,2160,3840,1.024,31.775,170.792,45.733,0.016,0.0,111.0,1496135,0.36,0.42,1888,ok,,Sasha_v59,Sasha_v59/Sasha_v59_004.png,Sasha_v59_004.png,work/frames_raw/Sasha_v59/Sasha_v59_004.png,2160,3840,8294400,0.5625,1.024,31.775,170.792,PASS
5,2,2.0,2.0,32.0,48.28,19,STEP2_TECHNICAL_METRICS,Sasha_v59/Sasha_v59_005.png,2160,3840,1.042,38.113,174.18,39.676,0.015,0.0,86.0,1452989,0.6,1.06,1878,ok,,Sasha_v59,Sasha_v59/Sasha_v59_005.png,Sasha_v59_005.png,work/frames_raw/Sasha_v59/Sasha_v59_005.png,2160,3840,8294400,0.5625,1.042,38.113,174.18,PASS
6,2,2.0,2.0,12.0,34.48,24,STEP2_TECHNICAL_METRICS,Sasha_v59/Sasha_v59_006.png,2160,3840,1.013,33.866,170.287,40.364,0.015,0.0,84.0,1375483,0.24,0.79,1885,ok,,Sasha_v59,Sasha_v59/Sasha_v59_006.png,Sasha_v59_006.png,work/frames_raw/Sasha_v59/Sasha_v59_006.png,2160,3840,8294400,0.5625,1.013,33.866,170.287,PASS
7,2,2.0,2.0,60.0,93.1,8,STEP2_TECHNICAL_METRICS,Sasha_v59/Sasha_v59_007.png,2160,3840,1.101,47.825,168.708,44.814,0.02,0.0,108.0,1568306,1.08,2.49,1861,ok,,Sasha_v59,Sasha_v59/Sasha_v59_007.png,Sasha_v59_007.png,work/frames_raw/Sasha_v59/Sasha_v59_007.png,2160,3840,8294400,0.5625,1.101,47.825,168.708,PASS
8,2,2.0,2.0,16.0,31.03,23,STEP2_TECHNICAL_METRICS,Sasha_v59/Sasha_v59_008.png,2160,3840,1.018,33.112,171.89,43.466,0.014,0.0,103.0,1447697,0.3,0.74,1884,ok,,Sasha_v59,Sasha_v59/Sasha_v59_008.png,Sasha_v59_008.png,work/frames_raw/Sasha_v59/Sasha_v59_008.png,2160,3840,8294400,0.5625,1.018,33.112,171.89,PASS
9,2,2.0,2.0,36.0,55.17,18,STEP2_TECHNICAL_METRICS,Sasha_v59/Sasha_v59_009.png,2160,3840,1.06,38.959,170.654,39.279,0.013,0.0,87.0,1502283,0.66,1.32,1875,ok,,Sasha_v59,Sasha_v59/Sasha_v59_009.png,Sasha_v59_009.png,work/frames_raw/Sasha_v59/Sasha_v59_009.png,2160,3840,8294400,0.5625,1.06,38.959,170.654,PASS
10,2,2.0,2.0,76.0,86.21,7,STEP2_TECHNICAL_METRICS,Sasha_v59/Sasha_v59_010.png,2160,3840,1.158,45.584,166.113,42.467,0.015,0.0,99.0,1537296,1.37,2.17,1863,ok,,Sasha_v59,Sasha_v59/Sasha_v59_010.png,Sasha_v59_010.png,work/frames_raw/Sasha_v59/Sasha_v59_010.png,2160,3840,8294400,0.5625,1.158,45.584,166.113,PASS
11,2,2.0,2.0,92.0,89.66,1,STEP2_TECHNICAL_METRICS,Sasha_v59/Sasha_v59_011.png,2160,3840,1.242,46.151,164.976,47.318,0.024,0.0,118.0,1778094,1.67,2.28,1858,ok,,Sasha_v59,Sasha_v59/Sasha_v59_011.png,Sasha_v59_011.png,work/frames_raw/Sasha_v59/Sasha_v59_011.png,2160,3840,8294400,0.5625,1.242,46.151,164.976,PASS
12,2,2.0,2.0,4.0,3.45,29,STEP2_TECHNICAL_METRICS,Sasha_v59/Sasha_v59_012.png,2160,3840,0.951,29.232,172.061,41.54,0.01,0.0,93.0,1328305,0.12,0.32,1891,ok,,Sasha_v59,Sasha_v59/Sasha_v59_012.png,Sasha_v59_012.png,work/frames_raw/Sasha_v59/Sasha_v59_012.png,2160,3840,8294400,0.5625,0.951,29.232,172.061,PASS
13,2,2.0,2.0,24.0,41.38,21,STEP2_TECHNICAL_METRICS,Sasha_v59/Sasha_v59_013.png,2160,3840,1.036,35.371,167.29,44.394,0.017,0.0,106.0,1466995,0.48,0.9,1880,ok,,Sasha_v59,Sasha_v59/Sasha_v59_013.png,Sasha_v59_013.png,work/frames_raw/Sasha_v59/Sasha_v59_013.png,2160,3840,8294400,0.5625,1.036,35.371,167.29,PASS
14,2,2.0,2.0,88.0,79.31,4,STEP2_TECHNICAL_METRICS,Sasha_v59/Sasha_v59_014.png,2160,3840,1.222,42.723,168.647,42.837,0.013,0.0,98.0,1690356,1.61,1.85,1865,ok,,Sasha_v59,Sasha_v59/Sasha_v59_014.png,Sasha_v59_014.png,work/frames_raw/Sasha_v59/Sasha_v59_014.png,2160,3840,8294400,0.5625,1.222,42.723,168.647,PASS
15,2,2.0,2.0,72.0,37.93,14,STEP2_TECHNICAL_METRICS,Sasha_v59/Sasha_v59_015.png,2160,3840,1.146,34.306,169.154,44.619,0.014,0.0,103.0,1625027,1.31,0.85,1874,ok,,Sasha_v59,Sasha_v59/Sasha_v59_015.png,Sasha_v59_015.png,work/frames_raw/Sasha_v59/Sasha_v59_015.png,2160,3840,8294400,0.5625,1.146,34.306,169.154,PASS
16,2,2.0,2.0,84.0,82.76,5,STEP2_TECHNICAL_METRICS,Sasha_v59/Sasha_v59_016.png,2160,3840,1.179,44.643,168.019,46.017,0.021,0.0,103.0,1625017,1.49,2.07,1862,ok,,Sasha_v59,Sasha_v59/Sasha_v59_016.png,Sasha_v59_016.png,work/frames_raw/Sasha_v59/Sasha_v59_016.png,2160,3840,8294400,0.5625,1.179,44.643,168.019,PASS
17,2,2.0,2.0,96.0,68.97,6,STEP2_TECHNICAL_METRICS,Sasha_v59/Sasha_v59_017.png,2160,3840,1.253,41.396,170.071,45.712,0.015,0.0,109.0,1752712,1.73,1.54,1866,ok,,Sasha_v59,Sasha_v59/Sasha_v59_017.png,Sasha_v59_017.png,work/frames_raw/Sasha_v59/Sasha_v59_017.png,2160,3840,8294400,0.5625,1.253,41.396,170.071,PASS
18,2,2.0,2.0,40.0,51.72,17,STEP2_TECHNICAL_METRICS,Sasha_v59/Sasha_v59_018.png,2160,3840,1.071,38.345,169.807,48.07,0.026,0.0,108.0,1550778,0.72,1.11,1877,ok,,Sasha_v59,Sasha_v59/Sasha_v59_018.png,Sasha_v59_018.png,work/frames_raw/Sasha_v59/Sasha_v59_018.png,2160,3840,8294400,0.5625,1.071,38.345,169.807,PASS
19,2,2.0,2.0,68.0,62.07,11,STEP2_TECHNICAL_METRICS,Sasha_v59/Sasha_v59_019.png,2160,3840,1.141,40.385,172.284,47.493,0.013,0.0,117.0,1627612,1.25,1.43,1869,ok,,Sasha_v59,Sasha_v59/Sasha_v59_019.png,Sasha_v59_019.png,work/frames_raw/Sasha_v59/Sasha_v59_019.png,2160,3840,8294400,0.5625,1.141,40.385,172.284,PASS
20,2,2.0,2.0,28.0,72.41,15,STEP2_TECHNICAL_METRICS,Sasha_v59/Sasha_v59_020.png,2160,3840,1.038,41.601,174.833,44.472,0.017,0.0,103.0,1483840,0.54,1.64,1873,ok,,Sasha_v59,Sasha_v59/Sasha_v59_020.png,Sasha_v59_020.png,work/frames_raw/Sasha_v59/Sasha_v59_020.png,2160,3840,8294400,0.5625,1.038,41.601,174.833,PASS
21,2,2.0,2.0,76.0,65.52,10,STEP2_TECHNICAL_METRICS,Sasha_v59/Sasha_v59_021.png,2160,3840,1.158,40.488,169.887,46.145,0.018,0.0,112.0,1628170,1.37,1.48,1867,ok,,Sasha_v59,Sasha_v59/Sasha_v59_021.png,Sasha_v59_021.png,work/frames_raw/Sasha_v59/Sasha_v59_021.png,2160,3840,8294400,0.5625,1.158,40.488,169.887,PASS
22,2,2.0,2.0,44.0,6.9,22,STEP2_TECHNICAL_METRICS,Sasha_v59/Sasha_v59_022.png,2160,3840,1.083,29.931,166.273,49.678,0.024,0.0,125.0,1546165,0.78,0.37,1882,ok,,Sasha_v59,Sasha_v59/Sasha_v59_022.png,Sasha_v59_022.png,work/frames_raw/Sasha_v59/Sasha_v59_022.png,2160,3840,8294400,0.5625,1.083,29.931,166.273,PASS
23,2,2.0,2.0,8.0,24.14,26,STEP2_TECHNICAL_METRICS,Sasha_v59/Sasha_v59_023.png,2160,3840,1.011,32.808,171.376,45.614,0.012,0.0,105.0,1454373,0.18,0.64,1887,ok,,Sasha_v59,Sasha_v59/Sasha_v59_023.png,Sasha_v59_023.png,work/frames_raw/Sasha_v59/Sasha_v59_023.png,2160,3840,8294400,0.5625,1.011,32.808,171.376,PASS
24,2,2.0,2.0,48.0,44.83,16,STEP2_TECHNICAL_METRICS,Sasha_v59/Sasha_v59_024.png,2160,3840,1.091,37.961,170.787,48.66,0.014,0.0,120.0,1527146,0.84,1.01,1876,ok,,Sasha_v59,Sasha_v59/Sasha_v59_024.png,Sasha_v59_024.png,work/frames_raw/Sasha_v59/Sasha_v59_024.png,2160,3840,8294400,0.5625,1.091,37.961,170.787,PASS
25,2,2.0,2.0,16.0,20.69,25,STEP2_TECHNICAL_METRICS,Sasha_v59/Sasha_v59_025.png,2160,3840,1.018,32.555,171.642,47.722,0.019,0.0,109.0,1488601,0.3,0.58,1886,ok,,Sasha_v59,Sasha_v59/Sasha_v59_025.png,Sasha_v59_025.png,work/frames_raw/Sasha_v59/Sasha_v59_025.png,2160,3840,8294400,0.5625,1.018,32.555,171.642,PASS
26,2,2.0,2.0,80.0,100.0,2,STEP2_TECHNICAL_METRICS,Sasha_v59/Sasha_v59_026.png,2160,3840,1.174,51.637,172.945,46.972,0.012,0.0,112.0,1659539,1.43,2.97,1856,ok,,Sasha_v59,Sasha_v59/Sasha_v59_026.png,Sasha_v59_026.png,work/frames_raw/Sasha_v59/Sasha_v59_026.png,2160,3840,8294400,0.5625,1.174,51.637,172.945,PASS
27,2,2.0,2.0,64.0,58.62,12,STEP2_TECHNICAL_METRICS,Sasha_v59/Sasha_v59_027.png,2160,3840,1.116,38.975,169.725,47.197,0.014,0.0,112.0,1612019,1.19,1.38,1870,ok,,Sasha_v59,Sasha_v59/Sasha_v59_027.png,Sasha_v59_027.png,work/frames_raw/Sasha_v59/Sasha_v59_027.png,2160,3840,8294400,0.5625,1.116,38.975,169.725,PASS
28,2,2.0,2.0,52.0,17.24,20,STEP2_TECHNICAL_METRICS,Sasha_v59/Sasha_v59_028.png,2160,3840,1.095,32.138,168.396,49.636,0.026,0.0,125.0,1555758,0.9,0.53,1879,ok,,Sasha_v59,Sasha_v59/Sasha_v59_028.png,Sasha_v59_028.png,work/frames_raw/Sasha_v59/Sasha_v59_028.png,2160,3840,8294400,0.5625,1.095,32.138,168.396,PASS
29,2,2.0,2.0,100.0,75.86,3,STEP2_TECHNICAL_METRICS,Sasha_v59/Sasha_v59_029.png,2160,3840,1.254,42.378,165.133,48.795,0.016,0.0,120.0,1825509,1.79,1.75,1864,ok,,Sasha_v59,Sasha_v59/Sasha_v59_029.png,Sasha_v59_029.png,work/frames_raw/Sasha_v59/Sasha_v59_029.png,2160,3840,8294400,0.5625,1.254,42.378,165.133,PASS
30,2,2.0,2.0,88.0,27.59,13,STEP2_TECHNICAL_METRICS,Sasha_v59/Sasha_v59_030.png,2160,3840,1.222,32.824,168.128,55.727,0.029,0.0,153.0,1763280,1.61,0.69,1872,ok,,Sasha_v59,Sasha_v59/Sasha_v59_030.png,Sasha_v59_030.png,work/frames_raw/Sasha_v59/Sasha_v59_030.png,2160,3840,8294400,0.5625,1.222,32.824,168.128,PASS
1,2,2.0,2.0,47.37,52.63,11,STEP2_TECHNICAL_METRICS,Sasha_v60/Sasha_v60_001.png,2160,3840,14.402,1706.969,120.702,56.125,0.028,0.033,147.0,7473525,87.1,89.62,216,ok,,Sasha_v60,Sasha_v60/Sasha_v60_001.png,Sasha_v60_001.png,work/frames_raw/Sasha_v60/Sasha_v60_001.png,2160,3840,8294400,0.5625,14.402,1706.969,120.702,PASS
2,2,2.0,2.0,52.63,73.68,7,STEP2_TECHNICAL_METRICS,Sasha_v60/Sasha_v60_002.png,2160,3840,15.238,1776.307,121.377,55.503,0.023,0.035,149.0,8682343,88.47,90.47,198,ok,,Sasha_v60,Sasha_v60/Sasha_v60_002.png,Sasha_v60_002.png,work/frames_raw/Sasha_v60/Sasha_v60_002.png,2160,3840,8294400,0.5625,15.238,1776.307,121.377,PASS
3,2,2.0,2.0,5.26,5.26,19,STEP2_TECHNICAL_METRICS,Sasha_v60/Sasha_v60_003.png,2160,3840,11.99,1381.053,117.947,54.569,0.029,0.028,148.0,6543873,84.29,87.5,244,ok,,Sasha_v60,Sasha_v60/Sasha_v60_003.png,Sasha_v60_003.png,work/frames_raw/Sasha_v60/Sasha_v60_003.png,2160,3840,8294400,0.5625,11.99,1381.053,117.947,PASS
4,2,2.0,2.0,100.0,100.0,1,STEP2_TECHNICAL_METRICS,Sasha_v60/Sasha_v60_004.png,2160,3840,16.617,1914.142,122.915,56.886,0.025,0.04,152.0,8972804,90.2,91.9,158,ok,,Sasha_v60,Sasha_v60/Sasha_v60_004.png,Sasha_v60_004.png,work/frames_raw/Sasha_v60/Sasha_v60_004.png,2160,3840,8294400,0.5625,16.617,1914.142,122.915,PASS
5,2,2.0,2.0,78.95,78.95,5,STEP2_TECHNICAL_METRICS,Sasha_v60/Sasha_v60_005.png,2160,3840,15.818,1782.051,123.651,56.153,0.021,0.04,150.0,8500094,89.37,90.62,187,ok,,Sasha_v60,Sasha_v60/Sasha_v60_005.png,Sasha_v60_005.png,work/frames_raw/Sasha_v60/Sasha_v60_005.png,2160,3840,8294400,0.5625,15.818,1782.051,123.651,PASS
6,2,2.0,2.0,0.0,0.0,20,STEP2_TECHNICAL_METRICS,Sasha_v60/Sasha_v60_006.png,2160,3840,7.305,809.213,97.698,36.066,0.021,0.005,82.0,4360495,79.27,80.14,360,ok,,Sasha_v60,Sasha_v60/Sasha_v60_006.png,Sasha_v60_006.png,work/frames_raw/Sasha_v60/Sasha_v60_006.png,2160,3840,8294400,0.5625,7.305,809.213,97.698,PASS
7,2,2.0,2.0,73.68,94.74,4,STEP2_TECHNICAL_METRICS,Sasha_v60/Sasha_v60_007.png,2160,3840,15.742,1829.214,126.629,56.889,0.022,0.04,153.0,8921257,89.31,91.1,183,ok,,Sasha_v60,Sasha_v60/Sasha_v60_007.png,Sasha_v60_007.png,work/frames_raw/Sasha_v60/Sasha_v60_007.png,2160,3840,8294400,0.5625,15.742,1829.214,126.629,PASS
8,2,2.0,2.0,89.47,84.21,3,STEP2_TECHNICAL_METRICS,Sasha_v60/Sasha_v60_008.png,2160,3840,16.22,1798.283,126.929,58.267,0.023,0.042,153.0,8132281,89.78,90.73,180,ok,,Sasha_v60,Sasha_v60/Sasha_v60_008.png,Sasha_v60_008.png,work/frames_raw/Sasha_v60/Sasha_v60_008.png,2160,3840,8294400,0.5625,16.22,1798.283,126.929,PASS
9,2,2.0,2.0,84.21,63.16,6,STEP2_TECHNICAL_METRICS,Sasha_v60/Sasha_v60_009.png,2160,3840,15.924,1728.984,120.897,57.75,0.027,0.045,153.0,8417834,89.55,89.88,194,ok,,Sasha_v60,Sasha_v60/Sasha_v60_009.png,Sasha_v60_009.png,work/frames_raw/Sasha_v60/Sasha_v60_009.png,2160,3840,8294400,0.5625,15.924,1728.984,120.897,PASS
10,2,2.0,2.0,26.32,31.58,15,STEP2_TECHNICAL_METRICS,Sasha_v60/Sasha_v60_010.png,2160,3840,13.753,1563.889,123.467,57.602,0.036,0.025,150.0,7422744,86.08,88.51,226,ok,,Sasha_v60,Sasha_v60/Sasha_v60_010.png,Sasha_v60_010.png,work/frames_raw/Sasha_v60/Sasha_v60_010.png,2160,3840,8294400,0.5625,13.753,1563.889,123.467,PASS
11,2,2.0,2.0,42.11,36.84,12,STEP2_TECHNICAL_METRICS,Sasha_v60/Sasha_v60_011.png,2160,3840,14.071,1570.32,119.046,56.619,0.025,0.037,150.0,7783231,86.68,88.56,221,ok,,Sasha_v60,Sasha_v60/Sasha_v60_011.png,Sasha_v60_011.png,work/frames_raw/Sasha_v60/Sasha_v60_011.png,2160,3840,8294400,0.5625,14.071,1570.32,119.046,PASS
12,2,2.0,2.0,68.42,57.89,8,STEP2_TECHNICAL_METRICS,Sasha_v60/Sasha_v60_012.png,2160,3840,15.602,1712.71,123.027,57.748,0.024,0.038,151.0,8282091,89.07,89.78,199,ok,,Sasha_v60,Sasha_v60/Sasha_v60_012.png,Sasha_v60_012.png,work/frames_raw/Sasha_v60/Sasha_v60_012.png,2160,3840,8294400,0.5625,15.602,1712.71,123.027,PASS
13,2,2.0,2.0,57.89,68.42,9,STEP2_TECHNICAL_METRICS,Sasha_v60/Sasha_v60_013.png,2160,3840,15.346,1732.152,120.328,56.196,0.025,0.036,151.0,8276939,88.59,89.94,202,ok,,Sasha_v60,Sasha_v60/Sasha_v60_013.png,Sasha_v60_013.png,work/frames_raw/Sasha_v60/Sasha_v60_013.png,2160,3840,8294400,0.5625,15.346,1732.152,120.328,PASS
14,2,2.0,2.0,94.74,89.47,2,STEP2_TECHNICAL_METRICS,Sasha_v60/Sasha_v60_014.png,2160,3840,16.566,1811.376,122.638,61.772,0.036,0.034,158.0,8546187,90.14,90.89,174,ok,,Sasha_v60,Sasha_v60/Sasha_v60_014.png,Sasha_v60_014.png,work/frames_raw/Sasha_v60/Sasha_v60_014.png,2160,3840,8294400,0.5625,16.566,1811.376,122.638,PASS
15,2,2.0,2.0,36.84,26.32,14,STEP2_TECHNICAL_METRICS,Sasha_v60/Sasha_v60_015.png,2160,3840,13.96,1550.757,130.602,62.041,0.026,0.039,154.0,7418384,86.44,88.4,224,ok,,Sasha_v60,Sasha_v60/Sasha_v60_015.png,Sasha_v60_015.png,work/frames_raw/Sasha_v60/Sasha_v60_015.png,2160,3840,8294400,0.5625,13.96,1550.757,130.602,PASS
16,2,2.0,2.0,63.16,47.37,10,STEP2_TECHNICAL_METRICS,Sasha_v60/Sasha_v60_016.png,2160,3840,15.597,1681.922,125.419,61.487,0.038,0.042,155.0,7791000,89.01,89.35,205,ok,,Sasha_v60,Sasha_v60/Sasha_v60_016.png,Sasha_v60_016.png,work/frames_raw/Sasha_v60/Sasha_v60_016.png,2160,3840,8294400,0.5625,15.597,1681.922,125.419,PASS
17,2,2.0,2.0,21.05,21.05,16,STEP2_TECHNICAL_METRICS,Sasha_v60/Sasha_v60_017.png,2160,3840,13.004,1470.934,113.118,56.007,0.027,0.035,144.0,7727766,85.24,88.08,235,ok,,Sasha_v60,Sasha_v60/Sasha_v60_017.png,Sasha_v60_017.png,work/frames_raw/Sasha_v60/Sasha_v60_017.png,2160,3840,8294400,0.5625,13.004,1470.934,113.118,PASS
18,2,2.0,2.0,15.79,15.79,17,STEP2_TECHNICAL_METRICS,Sasha_v60/Sasha_v60_018.png,2160,3840,12.693,1457.536,114.219,56.958,0.034,0.031,148.0,7475219,84.89,87.98,237,ok,,Sasha_v60,Sasha_v60/Sasha_v60_018.png,Sasha_v60_018.png,work/frames_raw/Sasha_v60/Sasha_v60_018.png,2160,3840,8294400,0.5625,12.693,1457.536,114.219,PASS
19,2,2.0,2.0,10.53,10.53,18,STEP2_TECHNICAL_METRICS,Sasha_v60/Sasha_v60_019.png,2160,3840,12.385,1429.306,123.444,58.197,0.025,0.033,153.0,7026216,84.65,87.71,241,ok,,Sasha_v60,Sasha_v60/Sasha_v60_019.png,Sasha_v60_019.png,work/frames_raw/Sasha_v60/Sasha_v60_019.png,2160,3840,8294400,0.5625,12.385,1429.306,123.444,PASS
20,2,2.0,2.0,31.58,42.11,13,STEP2_TECHNICAL_METRICS,Sasha_v60/Sasha_v60_020.png,2160,3840,13.906,1580.357,118.981,56.794,0.02,0.031,150.0,7661260,86.32,88.67,222,ok,,Sasha_v60,Sasha_v60/Sasha_v60_020.png,Sasha_v60_020.png,work/frames_raw/Sasha_v60/Sasha_v60_020.png,2160,3840,8294400,0.5625,13.906,1580.357,118.981,PASS
1,2,2.0,2.0,75.86,96.55,5,STEP2_TECHNICAL_METRICS,Sasha_v61/Sasha_v61_001.png,2160,3840,4.519,406.515,127.632,55.73,0.038,0.02,146.0,4392314,59.26,59.11,732,ok,,Sasha_v61,Sasha_v61/Sasha_v61_001.png,Sasha_v61_001.png,work/frames_raw/Sasha_v61/Sasha_v61_001.png,2160,3840,8294400,0.5625,4.519,406.515,127.632,PASS
2,2,2.0,2.0,44.83,72.41,12,STEP2_TECHNICAL_METRICS,Sasha_v61/Sasha_v61_002.png,2160,3840,4.148,322.944,130.708,54.747,0.028,0.02,145.0,4954010,52.75,51.69,891,ok,,Sasha_v61,Sasha_v61/Sasha_v61_002.png,Sasha_v61_002.png,work/frames_raw/Sasha_v61/Sasha_v61_002.png,2160,3840,8294400,0.5625,4.148,322.944,130.708,PASS
3,2,2.0,2.0,24.14,44.83,21,STEP2_TECHNICAL_METRICS,Sasha_v61/Sasha_v61_003.png,2160,3840,4.014,288.957,121.938,51.731,0.041,0.021,133.0,4838618,50.42,47.03,960,ok,,Sasha_v61,Sasha_v61/Sasha_v61_003.png,Sasha_v61_003.png,work/frames_raw/Sasha_v61/Sasha_v61_003.png,2160,3840,8294400,0.5625,4.014,288.957,121.938,PASS
4,2,2.0,2.0,41.38,48.28,16,STEP2_TECHNICAL_METRICS,Sasha_v61/Sasha_v61_004.png,2160,3840,4.142,290.471,124.587,51.169,0.028,0.021,132.0,5068696,52.69,47.3,941,ok,,Sasha_v61,Sasha_v61/Sasha_v61_004.png,Sasha_v61_004.png,work/frames_raw/Sasha_v61/Sasha_v61_004.png,2160,3840,8294400,0.5625,4.142,290.471,124.587,PASS
5,2,2.0,2.0,89.66,65.52,7,STEP2_TECHNICAL_METRICS,Sasha_v61/Sasha_v61_005.png,2160,3840,4.842,314.602,127.506,51.142,0.023,0.02,134.0,5509480,62.66,50.64,789,ok,,Sasha_v61,Sasha_v61/Sasha_v61_005.png,Sasha_v61_005.png,work/frames_raw/Sasha_v61/Sasha_v61_005.png,2160,3840,8294400,0.5625,4.842,314.602,127.506,PASS
6,2,2.0,2.0,37.93,37.93,19,STEP2_TECHNICAL_METRICS,Sasha_v61/Sasha_v61_006.png,2160,3840,4.13,284.129,128.725,51.299,0.02,0.02,136.0,5211055,52.45,46.5,948,ok,,Sasha_v61,Sasha_v61/Sasha_v61_006.png,Sasha_v61_006.png,work/frames_raw/Sasha_v61/Sasha_v61_006.png,2160,3840,8294400,0.5625,4.13,284.129,128.725,PASS
7,2,2.0,2.0,3.45,0.0,29,STEP2_TECHNICAL_METRICS,Sasha_v61/Sasha_v61_007.png,2160,3840,3.742,228.85,132.21,49.467,0.009,0.02,133.0,4704628,45.94,39.09,1073,ok,,Sasha_v61,Sasha_v61/Sasha_v61_007.png,Sasha_v61_007.png,work/frames_raw/Sasha_v61/Sasha_v61_007.png,2160,3840,8294400,0.5625,3.742,228.85,132.21,PASS
8,2,2.0,2.0,0.0,3.45,30,STEP2_TECHNICAL_METRICS,Sasha_v61/Sasha_v61_008.png,2160,3840,3.674,230.647,128.321,45.892,0.006,0.02,118.0,4742242,44.32,39.25,1085,ok,,Sasha_v61,Sasha_v61/Sasha_v61_008.png,Sasha_v61_008.png,work/frames_raw/Sasha_v61/Sasha_v61_008.png,2160,3840,8294400,0.5625,3.674,230.647,128.321,PASS
9,2,2.0,2.0,55.17,55.17,14,STEP2_TECHNICAL_METRICS,Sasha_v61/Sasha_v61_009.png,2160,3840,4.229,304.149,128.655,48.032,0.014,0.02,126.0,4881594,54.54,48.78,903,ok,,Sasha_v61,Sasha_v61/Sasha_v61_009.png,Sasha_v61_009.png,work/frames_raw/Sasha_v61/Sasha_v61_009.png,2160,3840,8294400,0.5625,4.229,304.149,128.655,PASS
10,2,2.0,2.0,13.79,17.24,25,STEP2_TECHNICAL_METRICS,Sasha_v61/Sasha_v61_010.png,2160,3840,3.865,263.095,124.491,46.888,0.014,0.02,119.0,4938808,47.73,43.7,1017,ok,,Sasha_v61,Sasha_v61/Sasha_v61_010.png,Sasha_v61_010.png,work/frames_raw/Sasha_v61/Sasha_v61_010.png,2160,3840,8294400,0.5625,3.865,263.095,124.491,PASS
11,2,2.0,2.0,10.34,13.79,27,STEP2_TECHNICAL_METRICS,Sasha_v61/Sasha_v61_011.png,2160,3840,3.826,258.594,128.398,48.128,0.008,0.02,123.0,4802612,47.31,42.8,1023,ok,,Sasha_v61,Sasha_v61/Sasha_v61_011.png,Sasha_v61_011.png,work/frames_raw/Sasha_v61/Sasha_v61_011.png,2160,3840,8294400,0.5625,3.826,258.594,128.398,PASS
12,2,2.0,2.0,31.03,24.14,23,STEP2_TECHNICAL_METRICS,Sasha_v61/Sasha_v61_012.png,2160,3840,4.099,272.168,117.603,51.967,0.049,0.02,127.0,4864050,52.03,44.86,964,ok,,Sasha_v61,Sasha_v61/Sasha_v61_012.png,Sasha_v61_012.png,work/frames_raw/Sasha_v61/Sasha_v61_012.png,2160,3840,8294400,0.5625,4.099,272.168,117.603,PASS
13,2,2.0,2.0,20.69,51.72,20,STEP2_TECHNICAL_METRICS,Sasha_v61/Sasha_v61_013.png,2160,3840,3.955,298.981,154.683,48.609,0.002,0.025,129.0,5039653,49.58,48.04,959,ok,,Sasha_v61,Sasha_v61/Sasha_v61_013.png,Sasha_v61_013.png,work/frames_raw/Sasha_v61/Sasha_v61_013.png,2160,3840,8294400,0.5625,3.955,298.981,154.683,PASS
14,2,2.0,2.0,79.31,75.86,8,STEP2_TECHNICAL_METRICS,Sasha_v61/Sasha_v61_014.png,2160,3840,4.639,342.184,127.654,50.418,0.026,0.023,134.0,5385794,60.57,53.71,777,ok,,Sasha_v61,Sasha_v61/Sasha_v61_014.png,Sasha_v61_014.png,work/frames_raw/Sasha_v61/Sasha_v61_014.png,2160,3840,8294400,0.5625,4.639,342.184,127.654,PASS
15,2,2.0,2.0,93.1,86.21,4,STEP2_TECHNICAL_METRICS,Sasha_v61/Sasha_v61_015.png,2160,3840,4.858,377.435,120.065,51.185,0.037,0.023,133.0,5809043,62.78,56.62,721,ok,,Sasha_v61,Sasha_v61/Sasha_v61_015.png,Sasha_v61_015.png,work/frames_raw/Sasha_v61/Sasha_v61_015.png,2160,3840,8294400,0.5625,4.858,377.435,120.065,PASS
16,2,2.0,2.0,96.55,89.66,2,STEP2_TECHNICAL_METRICS,Sasha_v61/Sasha_v61_016.png,2160,3840,5.049,395.979,114.482,50.574,0.046,0.021,128.0,5850888,64.93,58.26,683,ok,,Sasha_v61,Sasha_v61/Sasha_v61_016.png,Sasha_v61_016.png,work/frames_raw/Sasha_v61/Sasha_v61_016.png,2160,3840,8294400,0.5625,5.049,395.979,114.482,PASS
17,2,2.0,2.0,68.97,82.76,9,STEP2_TECHNICAL_METRICS,Sasha_v61/Sasha_v61_017.png,2160,3840,4.386,361.123,116.621,52.255,0.042,0.026,136.0,5496395,57.05,55.46,802,ok,,Sasha_v61,Sasha_v61/Sasha_v61_017.png,Sasha_v61_017.png,work/frames_raw/Sasha_v61/Sasha_v61_017.png,2160,3840,8294400,0.5625,4.386,361.123,116.621,PASS
18,2,2.0,2.0,86.21,100.0,3,STEP2_TECHNICAL_METRICS,Sasha_v61/Sasha_v61_018.png,2160,3840,4.731,411.065,122.907,55.079,0.048,0.03,146.0,5556093,61.65,59.53,701,ok,,Sasha_v61,Sasha_v61/Sasha_v61_018.png,Sasha_v61_018.png,work/frames_raw/Sasha_v61/Sasha_v61_018.png,2160,3840,8294400,0.5625,4.731,411.065,122.907,PASS
19,2,2.0,2.0,100.0,93.1,1,STEP2_TECHNICAL_METRICS,Sasha_v61/Sasha_v61_019.png,2160,3840,5.088,397.502,117.644,54.107,0.065,0.023,144.0,5537725,65.41,58.37,678,ok,,Sasha_v61,Sasha_v61/Sasha_v61_019.png,Sasha_v61_019.png,work/frames_raw/Sasha_v61/Sasha_v61_019.png,2160,3840,8294400,0.5625,5.088,397.502,117.644,PASS
20,2,2.0,2.0,82.76,79.31,6,STEP2_TECHNICAL_METRICS,Sasha_v61/Sasha_v61_020.png,2160,3840,4.713,350.938,110.351,55.777,0.101,0.022,146.0,5662590,61.41,54.77,763,ok,,Sasha_v61,Sasha_v61/Sasha_v61_020.png,Sasha_v61_020.png,work/frames_raw/Sasha_v61/Sasha_v61_020.png,2160,3840,8294400,0.5625,4.713,350.938,110.351,PASS
21,2,2.0,2.0,51.72,34.48,17,STEP2_TECHNICAL_METRICS,Sasha_v61/Sasha_v61_021.png,2160,3840,4.215,281.362,100.262,51.274,0.089,0.02,124.0,4769761,54.36,46.29,930,ok,,Sasha_v61,Sasha_v61/Sasha_v61_021.png,Sasha_v61_021.png,work/frames_raw/Sasha_v61/Sasha_v61_021.png,2160,3840,8294400,0.5625,4.215,281.362,100.262,PASS
22,2,2.0,2.0,17.24,10.34,26,STEP2_TECHNICAL_METRICS,Sasha_v61/Sasha_v61_022.png,2160,3840,3.915,257.198,125.314,50.406,0.017,0.021,132.0,4932792,48.81,42.58,1018,ok,,Sasha_v61,Sasha_v61/Sasha_v61_022.png,Sasha_v61_022.png,work/frames_raw/Sasha_v61/Sasha_v61_022.png,2160,3840,8294400,0.5625,3.915,257.198,125.314,PASS
23,2,2.0,2.0,62.07,41.38,15,STEP2_TECHNICAL_METRICS,Sasha_v61/Sasha_v61_023.png,2160,3840,4.311,288.24,125.502,49.068,0.018,0.022,126.0,5138753,55.85,46.98,911,ok,,Sasha_v61,Sasha_v61/Sasha_v61_023.png,Sasha_v61_023.png,work/frames_raw/Sasha_v61/Sasha_v61_023.png,2160,3840,8294400,0.5625,4.311,288.24,125.502,PASS
24,2,2.0,2.0,65.52,62.07,11,STEP2_TECHNICAL_METRICS,Sasha_v61/Sasha_v61_024.png,2160,3840,4.349,312.747,123.754,48.634,0.01,0.022,121.0,5304793,56.75,50.32,855,ok,,Sasha_v61,Sasha_v61/Sasha_v61_024.png,Sasha_v61_024.png,work/frames_raw/Sasha_v61/Sasha_v61_024.png,2160,3840,8294400,0.5625,4.349,312.747,123.754,PASS
25,2,2.0,2.0,6.9,6.9,28,STEP2_TECHNICAL_METRICS,Sasha_v61/Sasha_v61_025.png,2160,3840,3.804,244.257,128.667,49.642,0.02,0.02,129.0,4929502,46.77,40.89,1040,ok,,Sasha_v61,Sasha_v61/Sasha_v61_025.png,Sasha_v61_025.png,work/frames_raw/Sasha_v61/Sasha_v61_025.png,2160,3840,8294400,0.5625,3.804,244.257,128.667,PASS
26,2,2.0,2.0,27.59,27.59,22,STEP2_TECHNICAL_METRICS,Sasha_v61/Sasha_v61_026.png,2160,3840,4.08,275.033,128.793,50.078,0.02,0.021,129.0,5220448,51.49,45.18,965,ok,,Sasha_v61,Sasha_v61/Sasha_v61_026.png,Sasha_v61_026.png,work/frames_raw/Sasha_v61/Sasha_v61_026.png,2160,3840,8294400,0.5625,4.08,275.033,128.793,PASS
27,2,2.0,2.0,72.41,68.97,10,STEP2_TECHNICAL_METRICS,Sasha_v61/Sasha_v61_027.png,2160,3840,4.491,317.943,130.683,51.713,0.022,0.021,133.0,5263268,58.9,51.11,824,ok,,Sasha_v61,Sasha_v61/Sasha_v61_027.png,Sasha_v61_027.png,work/frames_raw/Sasha_v61/Sasha_v61_027.png,2160,3840,8294400,0.5625,4.491,317.943,130.683,PASS
28,2,2.0,2.0,58.62,58.62,13,STEP2_TECHNICAL_METRICS,Sasha_v61/Sasha_v61_028.png,2160,3840,4.27,307.223,130.668,50.844,0.022,0.021,130.0,5356051,55.14,49.47,889,ok,,Sasha_v61,Sasha_v61/Sasha_v61_028.png,Sasha_v61_028.png,work/frames_raw/Sasha_v61/Sasha_v61_028.png,2160,3840,8294400,0.5625,4.27,307.223,130.668,PASS
29,2,2.0,2.0,34.48,20.69,24,STEP2_TECHNICAL_METRICS,Sasha_v61/Sasha_v61_029.png,2160,3840,4.114,267.031,124.988,53.622,0.051,0.022,141.0,5220236,52.27,44.39,966,ok,,Sasha_v61,Sasha_v61/Sasha_v61_029.png,Sasha_v61_029.png,work/frames_raw/Sasha_v61/Sasha_v61_029.png,2160,3840,8294400,0.5625,4.114,267.031,124.988,PASS
30,2,2.0,2.0,48.28,31.03,18,STEP2_TECHNICAL_METRICS,Sasha_v61/Sasha_v61_030.png,2160,3840,4.158,279.331,124.437,52.661,0.038,0.022,136.0,5284826,53.05,45.97,947,ok,,Sasha_v61,Sasha_v61/Sasha_v61_030.png,Sasha_v61_030.png,work/frames_raw/Sasha_v61/Sasha_v61_030.png,2160,3840,8294400,0.5625,4.158,279.331,124.437,PASS
1,2,2.0,2.0,28.57,95.24,9,STEP2_TECHNICAL_METRICS,Sasha_v62/Sasha_v62_001.png,2160,3840,2.665,365.947,147.063,50.521,0.018,0.047,130.0,2344600,26.22,55.83,1096,ok,,Sasha_v62,Sasha_v62/Sasha_v62_001.png,Sasha_v62_001.png,work/frames_raw/Sasha_v62/Sasha_v62_001.png,2160,3840,8294400,0.5625,2.665,365.947,147.063,PASS
2,2,2.0,2.0,23.81,14.29,19,STEP2_TECHNICAL_METRICS,Sasha_v62/Sasha_v62_002.png,2160,3840,2.62,309.711,147.937,50.197,0.015,0.047,130.0,2716376,25.27,49.79,1154,ok,,Sasha_v62,Sasha_v62/Sasha_v62_002.png,Sasha_v62_002.png,work/frames_raw/Sasha_v62/Sasha_v62_002.png,2160,3840,8294400,0.5625,2.62,309.711,147.937,PASS
3,2,2.0,2.0,33.33,47.62,14,STEP2_TECHNICAL_METRICS,Sasha_v62/Sasha_v62_003.png,2160,3840,2.784,333.584,146.869,50.527,0.014,0.046,132.0,2791283,28.85,52.75,1100,ok,,Sasha_v62,Sasha_v62/Sasha_v62_003.png,Sasha_v62_003.png,work/frames_raw/Sasha_v62/Sasha_v62_003.png,2160,3840,8294400,0.5625,2.784,333.584,146.869,PASS
4,2,2.0,2.0,52.38,52.38,11,STEP2_TECHNICAL_METRICS,Sasha_v62/Sasha_v62_004.png,2160,3840,2.914,338.466,146.124,51.0,0.017,0.046,132.0,3070532,31.84,53.23,1072,ok,,Sasha_v62,Sasha_v62/Sasha_v62_004.png,Sasha_v62_004.png,work/frames_raw/Sasha_v62/Sasha_v62_004.png,2160,3840,8294400,0.5625,2.914,338.466,146.124,PASS
5,2,2.0,2.0,100.0,80.95,3,STEP2_TECHNICAL_METRICS,Sasha_v62/Sasha_v62_005.png,2160,3840,3.292,357.684,146.248,50.454,0.017,0.045,130.0,3344985,38.11,55.3,995,ok,,Sasha_v62,Sasha_v62/Sasha_v62_005.png,Sasha_v62_005.png,work/frames_raw/Sasha_v62/Sasha_v62_005.png,2160,3840,8294400,0.5625,3.292,357.684,146.248,PASS
6,2,2.0,2.0,76.19,57.14,8,STEP2_TECHNICAL_METRICS,Sasha_v62/Sasha_v62_006.png,2160,3840,3.037,341.285,146.541,50.404,0.016,0.044,130.0,3205379,33.93,53.44,1046,ok,,Sasha_v62,Sasha_v62/Sasha_v62_006.png,Sasha_v62_006.png,work/frames_raw/Sasha_v62/Sasha_v62_006.png,2160,3840,8294400,0.5625,3.037,341.285,146.541,PASS
7,2,2.0,2.0,85.71,71.43,4,STEP2_TECHNICAL_METRICS,Sasha_v62/Sasha_v62_007.png,2160,3840,3.147,348.3,145.73,50.306,0.016,0.045,129.0,3236448,35.48,54.45,1026,ok,,Sasha_v62,Sasha_v62/Sasha_v62_007.png,Sasha_v62_007.png,work/frames_raw/Sasha_v62/Sasha_v62_007.png,2160,3840,8294400,0.5625,3.147,348.3,145.73,PASS
8,2,2.0,2.0,80.95,61.9,5,STEP2_TECHNICAL_METRICS,Sasha_v62/Sasha_v62_008.png,2160,3840,3.126,341.978,148.352,49.546,0.013,0.045,130.0,3356235,35.13,53.65,1034,ok,,Sasha_v62,Sasha_v62/Sasha_v62_008.png,Sasha_v62_008.png,work/frames_raw/Sasha_v62/Sasha_v62_008.png,2160,3840,8294400,0.5625,3.126,341.978,148.352,PASS
9,2,2.0,2.0,61.9,28.57,13,STEP2_TECHNICAL_METRICS,Sasha_v62/Sasha_v62_009.png,2160,3840,2.966,317.848,147.801,48.912,0.009,0.045,128.0,3081456,32.68,51.06,1083,ok,,Sasha_v62,Sasha_v62/Sasha_v62_009.png,Sasha_v62_009.png,work/frames_raw/Sasha_v62/Sasha_v62_009.png,2160,3840,8294400,0.5625,2.966,317.848,147.801,PASS
10,2,2.0,2.0,66.67,66.67,7,STEP2_TECHNICAL_METRICS,Sasha_v62/Sasha_v62_010.png,2160,3840,2.995,342.204,143.865,50.903,0.012,0.043,136.0,3092045,33.21,53.76,1050,ok,,Sasha_v62,Sasha_v62/Sasha_v62_010.png,Sasha_v62_010.png,work/frames_raw/Sasha_v62/Sasha_v62_010.png,2160,3840,8294400,0.5625,2.995,342.204,143.865,PASS
11,2,2.0,2.0,71.43,42.86,10,STEP2_TECHNICAL_METRICS,Sasha_v62/Sasha_v62_011.png,2160,3840,3.016,333.027,144.529,52.448,0.023,0.045,138.0,3169828,33.51,52.6,1056,ok,,Sasha_v62,Sasha_v62/Sasha_v62_011.png,Sasha_v62_011.png,work/frames_raw/Sasha_v62/Sasha_v62_011.png,2160,3840,8294400,0.5625,3.016,333.027,144.529,PASS
12,2,2.0,2.0,47.62,9.52,17,STEP2_TECHNICAL_METRICS,Sasha_v62/Sasha_v62_012.png,2160,3840,2.849,308.845,144.714,53.214,0.029,0.044,133.0,3080003,30.35,49.74,1110,ok,,Sasha_v62,Sasha_v62/Sasha_v62_012.png,Sasha_v62_012.png,work/frames_raw/Sasha_v62/Sasha_v62_012.png,2160,3840,8294400,0.5625,2.849,308.845,144.714,PASS
13,2,2.0,2.0,42.86,19.05,15,STEP2_TECHNICAL_METRICS,Sasha_v62/Sasha_v62_013.png,2160,3840,2.8,312.537,148.682,47.961,0.013,0.037,126.0,2856721,29.15,50.16,1120,ok,,Sasha_v62,Sasha_v62/Sasha_v62_013.png,Sasha_v62_013.png,work/frames_raw/Sasha_v62/Sasha_v62_013.png,2160,3840,8294400,0.5625,2.8,312.537,148.682,PASS
14,2,2.0,2.0,38.1,23.81,16,STEP2_TECHNICAL_METRICS,Sasha_v62/Sasha_v62_014.png,2160,3840,2.787,315.13,143.476,50.086,0.016,0.032,132.0,2903332,28.97,50.74,1116,ok,,Sasha_v62,Sasha_v62/Sasha_v62_014.png,Sasha_v62_014.png,work/frames_raw/Sasha_v62/Sasha_v62_014.png,2160,3840,8294400,0.5625,2.787,315.13,143.476,PASS
15,2,2.0,2.0,14.29,38.1,18,STEP2_TECHNICAL_METRICS,Sasha_v62/Sasha_v62_015.png,2160,3840,2.592,331.509,144.457,48.149,0.014,0.034,128.0,2612814,24.61,52.38,1141,ok,,Sasha_v62,Sasha_v62/Sasha_v62_015.png,Sasha_v62_015.png,work/frames_raw/Sasha_v62/Sasha_v62_015.png,2160,3840,8294400,0.5625,2.592,331.509,144.457,PASS
16,2,2.0,2.0,19.05,76.19,12,STEP2_TECHNICAL_METRICS,Sasha_v62/Sasha_v62_016.png,2160,3840,2.618,350.523,150.552,47.927,0.011,0.048,115.0,2511668,25.15,54.66,1115,ok,,Sasha_v62,Sasha_v62/Sasha_v62_016.png,Sasha_v62_016.png,work/frames_raw/Sasha_v62/Sasha_v62_016.png,2160,3840,8294400,0.5625,2.618,350.523,150.552,PASS
17,2,2.0,2.0,9.52,0.0,21,STEP2_TECHNICAL_METRICS,Sasha_v62/Sasha_v62_017.png,2160,3840,2.57,301.215,147.446,48.342,0.013,0.045,119.0,2592018,24.31,48.68,1176,ok,,Sasha_v62,Sasha_v62/Sasha_v62_017.png,Sasha_v62_017.png,work/frames_raw/Sasha_v62/Sasha_v62_017.png,2160,3840,8294400,0.5625,2.57,301.215,147.446,PASS
18,2,2.0,2.0,0.0,33.33,20,STEP2_TECHNICAL_METRICS,Sasha_v62/Sasha_v62_018.png,2160,3840,2.437,327.412,141.227,52.009,0.022,0.038,146.0,2183549,21.33,52.28,1167,ok,,Sasha_v62,Sasha_v62/Sasha_v62_018.png,Sasha_v62_018.png,work/frames_raw/Sasha_v62/Sasha_v62_018.png,2160,3840,8294400,0.5625,2.437,327.412,141.227,PASS
19,2,2.0,2.0,4.76,4.76,22,STEP2_TECHNICAL_METRICS,Sasha_v62/Sasha_v62_019.png,2160,3840,2.543,306.11,143.437,51.647,0.021,0.032,138.0,2494405,23.66,49.31,1177,ok,,Sasha_v62,Sasha_v62/Sasha_v62_019.png,Sasha_v62_019.png,work/frames_raw/Sasha_v62/Sasha_v62_019.png,2160,3840,8294400,0.5625,2.543,306.11,143.437,PASS
20,2,2.0,2.0,57.14,85.71,6,STEP2_TECHNICAL_METRICS,Sasha_v62/Sasha_v62_020.png,2160,3840,2.936,359.858,144.697,53.304,0.021,0.048,138.0,2937776,32.2,55.35,1042,ok,,Sasha_v62,Sasha_v62/Sasha_v62_020.png,Sasha_v62_020.png,work/frames_raw/Sasha_v62/Sasha_v62_020.png,2160,3840,8294400,0.5625,2.936,359.858,144.697,PASS
21,2,2.0,2.0,95.24,100.0,1,STEP2_TECHNICAL_METRICS,Sasha_v62/Sasha_v62_021.png,2160,3840,3.208,383.641,152.992,51.643,0.016,0.051,135.0,3157320,36.5,56.94,994,ok,,Sasha_v62,Sasha_v62/Sasha_v62_021.png,Sasha_v62_021.png,work/frames_raw/Sasha_v62/Sasha_v62_021.png,2160,3840,8294400,0.5625,3.208,383.641,152.992,PASS
22,2,2.0,2.0,90.48,90.48,2,STEP2_TECHNICAL_METRICS,Sasha_v62/Sasha_v62_022.png,2160,3840,3.169,365.386,158.75,50.869,0.013,0.053,134.0,3305293,35.84,55.67,1015,ok,,Sasha_v62,Sasha_v62/Sasha_v62_022.png,Sasha_v62_022.png,work/frames_raw/Sasha_v62/Sasha_v62_022.png,2160,3840,8294400,0.5625,3.169,365.386,158.75,PASS
1,2,2.0,2.0,0.0,0.0,20,STEP2_TECHNICAL_METRICS,Sasha_v63/Sasha_v63_001.png,2160,3840,3.647,370.768,166.095,61.208,0.031,0.056,157.0,3904532,43.79,56.2,940,ok,,Sasha_v63,Sasha_v63/Sasha_v63_001.png,Sasha_v63_001.png,work/frames_raw/Sasha_v63/Sasha_v63_001.png,2160,3840,8294400,0.5625,3.647,370.768,166.095,PASS
2,2,2.0,2.0,5.26,5.26,19,STEP2_TECHNICAL_METRICS,Sasha_v63/Sasha_v63_002.png,2160,3840,4.285,556.379,172.328,51.097,0.02,0.031,130.0,3943289,55.38,69.86,664,ok,,Sasha_v63,Sasha_v63/Sasha_v63_002.png,Sasha_v63_002.png,work/frames_raw/Sasha_v63/Sasha_v63_002.png,2160,3840,8294400,0.5625,4.285,556.379,172.328,PASS
3,2,2.0,2.0,10.53,10.53,18,STEP2_TECHNICAL_METRICS,Sasha_v63/Sasha_v63_003.png,2160,3840,6.569,994.779,156.004,55.349,0.044,0.047,145.0,4968227,75.75,83.1,363,ok,,Sasha_v63,Sasha_v63/Sasha_v63_003.png,Sasha_v63_003.png,work/frames_raw/Sasha_v63/Sasha_v63_003.png,2160,3840,8294400,0.5625,6.569,994.779,156.004,PASS
4,2,2.0,2.0,57.89,47.37,10,STEP2_TECHNICAL_METRICS,Sasha_v63/Sasha_v63_004.png,2160,3840,8.064,1211.468,141.17,56.377,0.067,0.042,148.0,5479461,81.06,85.86,279,ok,,Sasha_v63,Sasha_v63/Sasha_v63_004.png,Sasha_v63_004.png,work/frames_raw/Sasha_v63/Sasha_v63_004.png,2160,3840,8294400,0.5625,8.064,1211.468,141.17,PASS
5,2,2.0,2.0,63.16,63.16,8,STEP2_TECHNICAL_METRICS,Sasha_v63/Sasha_v63_005.png,2160,3840,8.08,1273.125,135.314,56.284,0.076,0.043,147.0,5842383,81.12,86.55,271,ok,,Sasha_v63,Sasha_v63/Sasha_v63_005.png,Sasha_v63_005.png,work/frames_raw/Sasha_v63/Sasha_v63_005.png,2160,3840,8294400,0.5625,8.08,1273.125,135.314,PASS
6,2,2.0,2.0,52.63,57.89,9,STEP2_TECHNICAL_METRICS,Sasha_v63/Sasha_v63_006.png,2160,3840,8.053,1256.644,133.442,54.95,0.075,0.037,144.0,6048922,81.0,86.33,277,ok,,Sasha_v63,Sasha_v63/Sasha_v63_006.png,Sasha_v63_006.png,work/frames_raw/Sasha_v63/Sasha_v63_006.png,2160,3840,8294400,0.5625,8.053,1256.644,133.442,PASS
7,2,2.0,2.0,100.0,94.74,1,STEP2_TECHNICAL_METRICS,Sasha_v63/Sasha_v63_007.png,2160,3840,8.992,1333.788,132.101,54.875,0.077,0.035,145.0,6364576,82.44,87.18,255,ok,,Sasha_v63,Sasha_v63/Sasha_v63_007.png,Sasha_v63_007.png,work/frames_raw/Sasha_v63/Sasha_v63_007.png,2160,3840,8294400,0.5625,8.992,1333.788,132.101,PASS
8,2,2.0,2.0,78.95,84.21,5,STEP2_TECHNICAL_METRICS,Sasha_v63/Sasha_v63_008.png,2160,3840,8.673,1323.356,131.406,55.479,0.085,0.033,145.0,6176543,81.84,87.08,261,ok,,Sasha_v63,Sasha_v63/Sasha_v63_008.png,Sasha_v63_008.png,work/frames_raw/Sasha_v63/Sasha_v63_008.png,2160,3840,8294400,0.5625,8.673,1323.356,131.406,PASS
9,2,2.0,2.0,89.47,89.47,3,STEP2_TECHNICAL_METRICS,Sasha_v63/Sasha_v63_009.png,2160,3840,8.979,1331.766,130.291,55.336,0.08,0.032,144.0,6086983,82.32,87.13,257,ok,,Sasha_v63,Sasha_v63/Sasha_v63_009.png,Sasha_v63_009.png,work/frames_raw/Sasha_v63/Sasha_v63_009.png,2160,3840,8294400,0.5625,8.979,1331.766,130.291,PASS
10,2,2.0,2.0,68.42,73.68,6,STEP2_TECHNICAL_METRICS,Sasha_v63/Sasha_v63_010.png,2160,3840,8.551,1285.416,129.407,56.038,0.079,0.031,146.0,5890132,81.72,86.76,264,ok,,Sasha_v63,Sasha_v63/Sasha_v63_010.png,Sasha_v63_010.png,work/frames_raw/Sasha_v63/Sasha_v63_010.png,2160,3840,8294400,0.5625,8.551,1285.416,129.407,PASS
11,2,2.0,2.0,94.74,78.95,4,STEP2_TECHNICAL_METRICS,Sasha_v63/Sasha_v63_011.png,2160,3840,8.984,1302.379,132.854,56.432,0.082,0.033,149.0,6058562,82.38,86.86,259,ok,,Sasha_v63,Sasha_v63/Sasha_v63_011.png,Sasha_v63_011.png,work/frames_raw/Sasha_v63/Sasha_v63_011.png,2160,3840,8294400,0.5625,8.984,1302.379,132.854,PASS
12,2,2.0,2.0,84.21,100.0,2,STEP2_TECHNICAL_METRICS,Sasha_v63/Sasha_v63_012.png,2160,3840,8.913,1335.078,130.323,56.152,0.083,0.032,147.0,5848163,82.2,87.24,258,ok,,Sasha_v63,Sasha_v63/Sasha_v63_012.png,Sasha_v63_012.png,work/frames_raw/Sasha_v63/Sasha_v63_012.png,2160,3840,8294400,0.5625,8.913,1335.078,130.323,PASS
13,2,2.0,2.0,73.68,68.42,7,STEP2_TECHNICAL_METRICS,Sasha_v63/Sasha_v63_013.png,2160,3840,8.628,1283.398,130.943,56.541,0.083,0.033,148.0,5829763,81.78,86.65,265,ok,,Sasha_v63,Sasha_v63/Sasha_v63_013.png,Sasha_v63_013.png,work/frames_raw/Sasha_v63/Sasha_v63_013.png,2160,3840,8294400,0.5625,8.628,1283.398,130.943,PASS
14,2,2.0,2.0,26.32,42.11,13,STEP2_TECHNICAL_METRICS,Sasha_v63/Sasha_v63_014.png,2160,3840,7.249,1190.745,132.705,56.377,0.076,0.034,147.0,5769791,79.09,85.59,303,ok,,Sasha_v63,Sasha_v63/Sasha_v63_014.png,Sasha_v63_014.png,work/frames_raw/Sasha_v63/Sasha_v63_014.png,2160,3840,8294400,0.5625,7.249,1190.745,132.705,PASS
15,2,2.0,2.0,47.37,52.63,11,STEP2_TECHNICAL_METRICS,Sasha_v63/Sasha_v63_015.png,2160,3840,8.048,1227.251,134.361,55.298,0.067,0.034,143.0,5610577,80.94,85.91,280,ok,,Sasha_v63,Sasha_v63/Sasha_v63_015.png,Sasha_v63_015.png,work/frames_raw/Sasha_v63/Sasha_v63_015.png,2160,3840,8294400,0.5625,8.048,1227.251,134.361,PASS
16,2,2.0,2.0,31.58,26.32,15,STEP2_TECHNICAL_METRICS,Sasha_v63/Sasha_v63_016.png,2160,3840,7.543,1161.382,131.876,56.096,0.078,0.029,146.0,5350699,79.57,85.06,304,ok,,Sasha_v63,Sasha_v63/Sasha_v63_016.png,Sasha_v63_016.png,work/frames_raw/Sasha_v63/Sasha_v63_016.png,2160,3840,8294400,0.5625,7.543,1161.382,131.876,PASS
17,2,2.0,2.0,36.84,31.58,14,STEP2_TECHNICAL_METRICS,Sasha_v63/Sasha_v63_017.png,2160,3840,7.767,1163.377,135.682,58.161,0.079,0.039,151.0,5558731,80.23,85.22,294,ok,,Sasha_v63,Sasha_v63/Sasha_v63_017.png,Sasha_v63_017.png,work/frames_raw/Sasha_v63/Sasha_v63_017.png,2160,3840,8294400,0.5625,7.767,1163.377,135.682,PASS
18,2,2.0,2.0,15.79,15.79,17,STEP2_TECHNICAL_METRICS,Sasha_v63/Sasha_v63_018.png,2160,3840,6.81,1046.811,139.104,57.946,0.063,0.04,146.0,4858398,77.24,83.63,343,ok,,Sasha_v63,Sasha_v63/Sasha_v63_018.png,Sasha_v63_018.png,work/frames_raw/Sasha_v63/Sasha_v63_018.png,2160,3840,8294400,0.5625,6.81,1046.811,139.104,PASS
19,2,2.0,2.0,42.11,36.84,12,STEP2_TECHNICAL_METRICS,Sasha_v63/Sasha_v63_019.png,2160,3840,7.905,1189.693,137.33,58.012,0.065,0.04,144.0,5383163,80.7,85.54,286,ok,,Sasha_v63,Sasha_v63/Sasha_v63_019.png,Sasha_v63_019.png,work/frames_raw/Sasha_v63/Sasha_v63_019.png,2160,3840,8294400,0.5625,7.905,1189.693,137.33,PASS
20,2,2.0,2.0,21.05,21.05,16,STEP2_TECHNICAL_METRICS,Sasha_v63/Sasha_v63_020.png,2160,3840,7.205,1082.448,136.242,62.471,0.07,0.046,155.0,5034440,78.97,84.22,320,ok,,Sasha_v63,Sasha_v63/Sasha_v63_020.png,Sasha_v63_020.png,work/frames_raw/Sasha_v63/Sasha_v63_020.png,2160,3840,8294400,0.5625,7.205,1082.448,136.242,PASS
1,2,2.0,2.0,96.55,96.55,2,STEP2_TECHNICAL_METRICS,Sasha_v64/Sasha_v64_001.png,2160,3840,6.578,783.69,143.045,67.539,0.045,0.083,175.0,6124512,75.81,79.56,389,ok,,Sasha_v64,Sasha_v64/Sasha_v64_001.png,Sasha_v64_001.png,work/frames_raw/Sasha_v64/Sasha_v64_001.png,2160,3840,8294400,0.5625,6.578,783.69,143.045,PASS
2,2,2.0,2.0,86.21,89.66,4,STEP2_TECHNICAL_METRICS,Sasha_v64/Sasha_v64_002.png,2160,3840,6.289,726.603,146.655,67.264,0.041,0.085,174.0,6309130,74.07,78.5,412,ok,,Sasha_v64,Sasha_v64/Sasha_v64_002.png,Sasha_v64_002.png,work/frames_raw/Sasha_v64/Sasha_v64_002.png,2160,3840,8294400,0.5625,6.289,726.603,146.655,PASS
3,2,2.0,2.0,44.83,48.28,16,STEP2_TECHNICAL_METRICS,Sasha_v64/Sasha_v64_003.png,2160,3840,5.678,615.251,141.029,56.925,0.02,0.067,155.0,5921008,70.07,74.05,502,ok,,Sasha_v64,Sasha_v64/Sasha_v64_003.png,Sasha_v64_003.png,work/frames_raw/Sasha_v64/Sasha_v64_003.png,2160,3840,8294400,0.5625,5.678,615.251,141.029,PASS
4,2,2.0,2.0,68.97,55.17,13,STEP2_TECHNICAL_METRICS,Sasha_v64/Sasha_v64_004.png,2160,3840,6.009,625.588,138.431,66.397,0.051,0.078,178.0,6434071,72.28,74.79,471,ok,,Sasha_v64,Sasha_v64/Sasha_v64_004.png,Sasha_v64_004.png,work/frames_raw/Sasha_v64/Sasha_v64_004.png,2160,3840,8294400,0.5625,6.009,625.588,138.431,PASS
5,2,2.0,2.0,79.31,72.41,8,STEP2_TECHNICAL_METRICS,Sasha_v64/Sasha_v64_005.png,2160,3840,6.12,665.202,143.701,66.56,0.04,0.073,177.0,6158530,72.64,76.48,449,ok,,Sasha_v64,Sasha_v64/Sasha_v64_005.png,Sasha_v64_005.png,work/frames_raw/Sasha_v64/Sasha_v64_005.png,2160,3840,8294400,0.5625,6.12,665.202,143.701,PASS
6,2,2.0,2.0,58.62,68.97,11,STEP2_TECHNICAL_METRICS,Sasha_v64/Sasha_v64_006.png,2160,3840,5.898,652.183,142.002,67.033,0.052,0.071,178.0,5963092,71.57,76.01,462,ok,,Sasha_v64,Sasha_v64/Sasha_v64_006.png,Sasha_v64_006.png,work/frames_raw/Sasha_v64/Sasha_v64_006.png,2160,3840,8294400,0.5625,5.898,652.183,142.002,PASS
7,2,2.0,2.0,24.14,27.59,22,STEP2_TECHNICAL_METRICS,Sasha_v64/Sasha_v64_007.png,2160,3840,5.219,527.035,133.565,64.355,0.058,0.068,175.0,5663997,66.73,68.11,579,ok,,Sasha_v64,Sasha_v64/Sasha_v64_007.png,Sasha_v64_007.png,work/frames_raw/Sasha_v64/Sasha_v64_007.png,2160,3840,8294400,0.5625,5.219,527.035,133.565,PASS
8,2,2.0,2.0,51.72,51.72,14,STEP2_TECHNICAL_METRICS,Sasha_v64/Sasha_v64_008.png,2160,3840,5.8,624.73,138.292,67.592,0.044,0.063,173.0,6097395,70.97,74.74,483,ok,,Sasha_v64,Sasha_v64/Sasha_v64_008.png,Sasha_v64_008.png,work/frames_raw/Sasha_v64/Sasha_v64_008.png,2160,3840,8294400,0.5625,5.8,624.73,138.292,PASS
9,2,2.0,2.0,48.28,37.93,18,STEP2_TECHNICAL_METRICS,Sasha_v64/Sasha_v64_009.png,2160,3840,5.73,589.779,132.898,67.908,0.076,0.053,179.0,5931712,70.37,71.66,521,ok,,Sasha_v64,Sasha_v64/Sasha_v64_009.png,Sasha_v64_009.png,work/frames_raw/Sasha_v64/Sasha_v64_009.png,2160,3840,8294400,0.5625,5.73,589.779,132.898,PASS
10,2,2.0,2.0,41.38,44.83,19,STEP2_TECHNICAL_METRICS,Sasha_v64/Sasha_v64_010.png,2160,3840,5.671,602.641,139.886,65.212,0.036,0.056,172.0,5970086,69.89,72.78,515,ok,,Sasha_v64,Sasha_v64/Sasha_v64_010.png,Sasha_v64_010.png,work/frames_raw/Sasha_v64/Sasha_v64_010.png,2160,3840,8294400,0.5625,5.671,602.641,139.886,PASS
11,2,2.0,2.0,55.17,34.48,17,STEP2_TECHNICAL_METRICS,Sasha_v64/Sasha_v64_011.png,2160,3840,5.82,577.047,150.496,63.898,0.021,0.067,170.0,6141473,71.15,70.87,522,ok,,Sasha_v64,Sasha_v64/Sasha_v64_011.png,Sasha_v64_011.png,work/frames_raw/Sasha_v64/Sasha_v64_011.png,2160,3840,8294400,0.5625,5.82,577.047,150.496,PASS
12,2,2.0,2.0,72.41,62.07,10,STEP2_TECHNICAL_METRICS,Sasha_v64/Sasha_v64_012.png,2160,3840,6.043,640.692,135.185,65.386,0.046,0.071,178.0,6231649,72.34,75.53,458,ok,,Sasha_v64,Sasha_v64/Sasha_v64_012.png,Sasha_v64_012.png,work/frames_raw/Sasha_v64/Sasha_v64_012.png,2160,3840,8294400,0.5625,6.043,640.692,135.185,PASS
13,2,2.0,2.0,31.03,41.38,20,STEP2_TECHNICAL_METRICS,Sasha_v64/Sasha_v64_013.png,2160,3840,5.597,591.475,136.103,65.372,0.056,0.08,180.0,5752644,69.47,71.77,527,ok,,Sasha_v64,Sasha_v64/Sasha_v64_013.png,Sasha_v64_013.png,work/frames_raw/Sasha_v64/Sasha_v64_013.png,2160,3840,8294400,0.5625,5.597,591.475,136.103,PASS
14,2,2.0,2.0,93.1,93.1,3,STEP2_TECHNICAL_METRICS,Sasha_v64/Sasha_v64_014.png,2160,3840,6.497,737.682,142.437,66.115,0.041,0.081,177.0,6142599,75.15,78.76,399,ok,,Sasha_v64,Sasha_v64/Sasha_v64_014.png,Sasha_v64_014.png,work/frames_raw/Sasha_v64/Sasha_v64_014.png,2160,3840,8294400,0.5625,6.497,737.682,142.437,PASS
15,2,2.0,2.0,6.9,20.69,26,STEP2_TECHNICAL_METRICS,Sasha_v64/Sasha_v64_015.png,2160,3840,4.967,496.822,122.407,64.124,0.09,0.041,180.0,4972491,64.22,65.78,614,ok,,Sasha_v64,Sasha_v64/Sasha_v64_015.png,Sasha_v64_015.png,work/frames_raw/Sasha_v64/Sasha_v64_015.png,2160,3840,8294400,0.5625,4.967,496.822,122.407,PASS
16,2,2.0,2.0,34.48,31.03,21,STEP2_TECHNICAL_METRICS,Sasha_v64/Sasha_v64_016.png,2160,3840,5.635,562.68,140.007,66.65,0.038,0.078,177.0,5996469,69.53,70.02,541,ok,,Sasha_v64,Sasha_v64/Sasha_v64_016.png,Sasha_v64_016.png,work/frames_raw/Sasha_v64/Sasha_v64_016.png,2160,3840,8294400,0.5625,5.635,562.68,140.007,PASS
17,2,2.0,2.0,10.34,6.9,28,STEP2_TECHNICAL_METRICS,Sasha_v64/Sasha_v64_017.png,2160,3840,4.968,464.272,140.682,61.989,0.021,0.067,166.0,5683166,64.28,63.67,635,ok,,Sasha_v64,Sasha_v64/Sasha_v64_017.png,Sasha_v64_017.png,work/frames_raw/Sasha_v64/Sasha_v64_017.png,2160,3840,8294400,0.5625,4.968,464.272,140.682,PASS
18,2,2.0,2.0,3.45,3.45,29,STEP2_TECHNICAL_METRICS,Sasha_v64/Sasha_v64_018.png,2160,3840,4.666,444.09,142.913,62.904,0.028,0.073,171.0,5073211,60.75,62.5,682,ok,,Sasha_v64,Sasha_v64/Sasha_v64_018.png,Sasha_v64_018.png,work/frames_raw/Sasha_v64/Sasha_v64_018.png,2160,3840,8294400,0.5625,4.666,444.09,142.913,PASS
19,2,2.0,2.0,62.07,65.52,12,STEP2_TECHNICAL_METRICS,Sasha_v64/Sasha_v64_019.png,2160,3840,5.916,641.623,141.096,62.898,0.019,0.089,170.0,5984150,71.62,75.64,466,ok,,Sasha_v64,Sasha_v64/Sasha_v64_019.png,Sasha_v64_019.png,work/frames_raw/Sasha_v64/Sasha_v64_019.png,2160,3840,8294400,0.5625,5.916,641.623,141.096,PASS
20,2,2.0,2.0,100.0,100.0,1,STEP2_TECHNICAL_METRICS,Sasha_v64/Sasha_v64_020.png,2160,3840,6.903,785.499,136.775,65.42,0.047,0.087,178.0,6589619,78.02,79.66,375,ok,,Sasha_v64,Sasha_v64/Sasha_v64_020.png,Sasha_v64_020.png,work/frames_raw/Sasha_v64/Sasha_v64_020.png,2160,3840,8294400,0.5625,6.903,785.499,136.775,PASS
21,2,2.0,2.0,75.86,79.31,7,STEP2_TECHNICAL_METRICS,Sasha_v64/Sasha_v64_021.png,2160,3840,6.068,679.507,145.32,63.378,0.034,0.071,172.0,6137868,72.4,77.12,445,ok,,Sasha_v64,Sasha_v64/Sasha_v64_021.png,Sasha_v64_021.png,work/frames_raw/Sasha_v64/Sasha_v64_021.png,2160,3840,8294400,0.5625,6.068,679.507,145.32,PASS
22,2,2.0,2.0,89.66,86.21,5,STEP2_TECHNICAL_METRICS,Sasha_v64/Sasha_v64_022.png,2160,3840,6.367,696.896,138.907,67.047,0.048,0.076,177.0,6295868,74.43,77.81,418,ok,,Sasha_v64,Sasha_v64/Sasha_v64_022.png,Sasha_v64_022.png,work/frames_raw/Sasha_v64/Sasha_v64_022.png,2160,3840,8294400,0.5625,6.367,696.896,138.907,PASS
23,2,2.0,2.0,82.76,82.76,6,STEP2_TECHNICAL_METRICS,Sasha_v64/Sasha_v64_023.png,2160,3840,6.198,695.932,137.583,64.492,0.034,0.072,171.0,6330984,73.18,77.75,435,ok,,Sasha_v64,Sasha_v64/Sasha_v64_023.png,Sasha_v64_023.png,work/frames_raw/Sasha_v64/Sasha_v64_023.png,2160,3840,8294400,0.5625,6.198,695.932,137.583,PASS
24,2,2.0,2.0,65.52,75.86,9,STEP2_TECHNICAL_METRICS,Sasha_v64/Sasha_v64_024.png,2160,3840,5.981,669.098,140.368,65.891,0.041,0.067,171.0,5992320,72.16,76.75,453,ok,,Sasha_v64,Sasha_v64/Sasha_v64_024.png,Sasha_v64_024.png,work/frames_raw/Sasha_v64/Sasha_v64_024.png,2160,3840,8294400,0.5625,5.981,669.098,140.368,PASS
25,2,2.0,2.0,37.93,58.62,15,STEP2_TECHNICAL_METRICS,Sasha_v64/Sasha_v64_025.png,2160,3840,5.661,633.297,143.288,65.983,0.056,0.067,173.0,5582036,69.77,75.16,491,ok,,Sasha_v64,Sasha_v64/Sasha_v64_025.png,Sasha_v64_025.png,work/frames_raw/Sasha_v64/Sasha_v64_025.png,2160,3840,8294400,0.5625,5.661,633.297,143.288,PASS
26,2,2.0,2.0,13.79,13.79,27,STEP2_TECHNICAL_METRICS,Sasha_v64/Sasha_v64_026.png,2160,3840,4.997,480.934,137.874,64.693,0.028,0.057,170.0,5530473,64.58,64.67,618,ok,,Sasha_v64,Sasha_v64/Sasha_v64_026.png,Sasha_v64_026.png,work/frames_raw/Sasha_v64/Sasha_v64_026.png,2160,3840,8294400,0.5625,4.997,480.934,137.874,PASS
27,2,2.0,2.0,27.59,24.14,23,STEP2_TECHNICAL_METRICS,Sasha_v64/Sasha_v64_027.png,2160,3840,5.387,510.147,132.293,64.484,0.043,0.085,179.0,6374165,68.28,66.79,575,ok,,Sasha_v64,Sasha_v64/Sasha_v64_027.png,Sasha_v64_027.png,work/frames_raw/Sasha_v64/Sasha_v64_027.png,2160,3840,8294400,0.5625,5.387,510.147,132.293,PASS
28,2,2.0,2.0,17.24,17.24,24,STEP2_TECHNICAL_METRICS,Sasha_v64/Sasha_v64_028.png,2160,3840,5.015,491.439,144.011,63.753,0.045,0.066,173.0,5478655,64.76,65.52,610,ok,,Sasha_v64,Sasha_v64/Sasha_v64_028.png,Sasha_v64_028.png,work/frames_raw/Sasha_v64/Sasha_v64_028.png,2160,3840,8294400,0.5625,5.015,491.439,144.011,PASS
29,2,2.0,2.0,20.69,10.34,25,STEP2_TECHNICAL_METRICS,Sasha_v64/Sasha_v64_029.png,2160,3840,5.197,475.497,142.834,66.507,0.027,0.066,173.0,5997352,66.55,64.41,607,ok,,Sasha_v64,Sasha_v64/Sasha_v64_029.png,Sasha_v64_029.png,work/frames_raw/Sasha_v64/Sasha_v64_029.png,2160,3840,8294400,0.5625,5.197,475.497,142.834,PASS
30,2,2.0,2.0,0.0,0.0,30,STEP2_TECHNICAL_METRICS,Sasha_v64/Sasha_v64_030.png,2160,3840,4.574,412.823,128.889,64.272,0.048,0.069,176.0,5201449,60.04,59.96,714,ok,,Sasha_v64,Sasha_v64/Sasha_v64_030.png,Sasha_v64_030.png,work/frames_raw/Sasha_v64/Sasha_v64_030.png,2160,3840,8294400,0.5625,4.574,412.823,128.889,PASS
1,2,2.0,2.0,100.0,100.0,1,STEP2_TECHNICAL_METRICS,Sasha_v65/Sasha_v65_001.png,2160,3840,5.673,581.107,102.711,60.852,0.148,0.04,158.0,4574158,70.01,71.08,528,ok,,Sasha_v65,Sasha_v65/Sasha_v65_001.png,Sasha_v65_001.png,work/frames_raw/Sasha_v65/Sasha_v65_001.png,2160,3840,8294400,0.5625,5.673,581.107,102.711,PASS
2,2,2.0,2.0,52.38,85.71,8,STEP2_TECHNICAL_METRICS,Sasha_v65/Sasha_v65_002.png,2160,3840,4.682,424.194,130.211,64.564,0.061,0.046,175.0,5756840,60.99,60.91,695,ok,,Sasha_v65,Sasha_v65/Sasha_v65_002.png,Sasha_v65_002.png,work/frames_raw/Sasha_v65/Sasha_v65_002.png,2160,3840,8294400,0.5625,4.682,424.194,130.211,PASS
3,2,2.0,2.0,61.9,47.62,11,STEP2_TECHNICAL_METRICS,Sasha_v65/Sasha_v65_003.png,2160,3840,4.72,342.393,130.953,62.154,0.053,0.029,168.0,6051621,61.59,53.81,770,ok,,Sasha_v65,Sasha_v65/Sasha_v65_003.png,Sasha_v65_003.png,work/frames_raw/Sasha_v65/Sasha_v65_003.png,2160,3840,8294400,0.5625,4.72,342.393,130.953,PASS
4,2,2.0,2.0,38.1,38.1,13,STEP2_TECHNICAL_METRICS,Sasha_v65/Sasha_v65_004.png,2160,3840,4.325,314.481,137.128,61.04,0.036,0.045,167.0,6142328,56.33,50.58,861,ok,,Sasha_v65,Sasha_v65/Sasha_v65_004.png,Sasha_v65_004.png,work/frames_raw/Sasha_v65/Sasha_v65_004.png,2160,3840,8294400,0.5625,4.325,314.481,137.128,PASS
5,2,2.0,2.0,42.86,33.33,14,STEP2_TECHNICAL_METRICS,Sasha_v65/Sasha_v65_005.png,2160,3840,4.333,313.322,137.239,62.72,0.042,0.051,170.0,5609990,56.51,50.37,862,ok,,Sasha_v65,Sasha_v65/Sasha_v65_005.png,Sasha_v65_005.png,work/frames_raw/Sasha_v65/Sasha_v65_005.png,2160,3840,8294400,0.5625,4.333,313.322,137.239,PASS
6,2,2.0,2.0,57.14,57.14,10,STEP2_TECHNICAL_METRICS,Sasha_v65/Sasha_v65_006.png,2160,3840,4.689,382.815,137.131,63.608,0.044,0.045,171.0,6107333,61.05,56.78,737,ok,,Sasha_v65,Sasha_v65/Sasha_v65_006.png,Sasha_v65_006.png,work/frames_raw/Sasha_v65/Sasha_v65_006.png,2160,3840,8294400,0.5625,4.689,382.815,137.131,PASS
7,2,2.0,2.0,85.71,80.95,4,STEP2_TECHNICAL_METRICS,Sasha_v65/Sasha_v65_007.png,2160,3840,5.12,407.962,134.521,62.108,0.049,0.025,169.0,6403754,65.77,59.22,672,ok,,Sasha_v65,Sasha_v65/Sasha_v65_007.png,Sasha_v65_007.png,work/frames_raw/Sasha_v65/Sasha_v65_007.png,2160,3840,8294400,0.5625,5.12,407.962,134.521,PASS
8,2,2.0,2.0,71.43,71.43,6,STEP2_TECHNICAL_METRICS,Sasha_v65/Sasha_v65_008.png,2160,3840,4.858,394.14,140.036,61.665,0.036,0.04,165.0,6400576,62.78,58.16,707,ok,,Sasha_v65,Sasha_v65/Sasha_v65_008.png,Sasha_v65_008.png,work/frames_raw/Sasha_v65/Sasha_v65_008.png,2160,3840,8294400,0.5625,4.858,394.14,140.036,PASS
9,2,2.0,2.0,90.48,66.67,5,STEP2_TECHNICAL_METRICS,Sasha_v65/Sasha_v65_009.png,2160,3840,5.157,389.743,139.496,63.526,0.048,0.059,171.0,6298292,66.13,57.57,680,ok,,Sasha_v65,Sasha_v65/Sasha_v65_009.png,Sasha_v65_009.png,work/frames_raw/Sasha_v65/Sasha_v65_009.png,2160,3840,8294400,0.5625,5.157,389.743,139.496,PASS
10,2,2.0,2.0,80.95,52.38,9,STEP2_TECHNICAL_METRICS,Sasha_v65/Sasha_v65_010.png,2160,3840,5.028,366.164,141.667,62.395,0.039,0.06,169.0,6746094,64.87,55.88,710,ok,,Sasha_v65,Sasha_v65/Sasha_v65_010.png,Sasha_v65_010.png,work/frames_raw/Sasha_v65/Sasha_v65_010.png,2160,3840,8294400,0.5625,5.028,366.164,141.667,PASS
11,2,2.0,2.0,19.05,23.81,17,STEP2_TECHNICAL_METRICS,Sasha_v65/Sasha_v65_011.png,2160,3840,4.077,267.093,147.802,63.606,0.031,0.079,171.0,5731570,51.37,44.44,974,ok,,Sasha_v65,Sasha_v65/Sasha_v65_011.png,Sasha_v65_011.png,work/frames_raw/Sasha_v65/Sasha_v65_011.png,2160,3840,8294400,0.5625,4.077,267.093,147.802,PASS
12,2,2.0,2.0,95.24,95.24,2,STEP2_TECHNICAL_METRICS,Sasha_v65/Sasha_v65_012.png,2160,3840,5.393,506.612,131.075,63.145,0.05,0.04,170.0,6814297,68.34,66.58,577,ok,,Sasha_v65,Sasha_v65/Sasha_v65_012.png,Sasha_v65_012.png,work/frames_raw/Sasha_v65/Sasha_v65_012.png,2160,3840,8294400,0.5625,5.393,506.612,131.075,PASS
13,2,2.0,2.0,28.57,42.86,15,STEP2_TECHNICAL_METRICS,Sasha_v65/Sasha_v65_013.png,2160,3840,4.09,333.878,127.154,61.084,0.058,0.022,166.0,5322383,51.85,52.81,888,ok,,Sasha_v65,Sasha_v65/Sasha_v65_013.png,Sasha_v65_013.png,work/frames_raw/Sasha_v65/Sasha_v65_013.png,2160,3840,8294400,0.5625,4.09,333.878,127.154,PASS
14,2,2.0,2.0,23.81,19.05,18,STEP2_TECHNICAL_METRICS,Sasha_v65/Sasha_v65_014.png,2160,3840,4.08,265.11,136.358,60.508,0.033,0.026,163.0,5640767,51.49,44.12,976,ok,,Sasha_v65,Sasha_v65/Sasha_v65_014.png,Sasha_v65_014.png,work/frames_raw/Sasha_v65/Sasha_v65_014.png,2160,3840,8294400,0.5625,4.08,265.11,136.358,PASS
15,2,2.0,2.0,33.33,28.57,16,STEP2_TECHNICAL_METRICS,Sasha_v65/Sasha_v65_015.png,2160,3840,4.171,306.674,136.079,61.933,0.043,0.039,167.0,5536161,53.46,49.42,908,ok,,Sasha_v65,Sasha_v65/Sasha_v65_015.png,Sasha_v65_015.png,work/frames_raw/Sasha_v65/Sasha_v65_015.png,2160,3840,8294400,0.5625,4.171,306.674,136.079,PASS
16,2,2.0,2.0,76.19,90.48,3,STEP2_TECHNICAL_METRICS,Sasha_v65/Sasha_v65_016.png,2160,3840,5.007,454.221,135.412,62.825,0.052,0.043,166.0,6178487,64.64,63.14,639,ok,,Sasha_v65,Sasha_v65/Sasha_v65_016.png,Sasha_v65_016.png,work/frames_raw/Sasha_v65/Sasha_v65_016.png,2160,3840,8294400,0.5625,5.007,454.221,135.412,PASS
17,2,2.0,2.0,66.67,76.19,7,STEP2_TECHNICAL_METRICS,Sasha_v65/Sasha_v65_017.png,2160,3840,4.806,401.058,122.694,64.058,0.09,0.04,176.0,5662720,62.19,58.69,708,ok,,Sasha_v65,Sasha_v65/Sasha_v65_017.png,Sasha_v65_017.png,work/frames_raw/Sasha_v65/Sasha_v65_017.png,2160,3840,8294400,0.5625,4.806,401.058,122.694,PASS
18,2,2.0,2.0,4.76,4.76,21,STEP2_TECHNICAL_METRICS,Sasha_v65/Sasha_v65_018.png,2160,3840,3.542,208.467,129.831,61.783,0.057,0.024,171.0,4823005,41.76,36.39,1129,ok,,Sasha_v65,Sasha_v65/Sasha_v65_018.png,Sasha_v65_018.png,work/frames_raw/Sasha_v65/Sasha_v65_018.png,2160,3840,8294400,0.5625,3.542,208.467,129.831,PASS
19,2,2.0,2.0,9.52,9.52,20,STEP2_TECHNICAL_METRICS,Sasha_v65/Sasha_v65_019.png,2160,3840,3.594,217.986,147.266,65.218,0.044,0.081,176.0,5499650,42.77,37.92,1108,ok,,Sasha_v65,Sasha_v65/Sasha_v65_019.png,Sasha_v65_019.png,work/frames_raw/Sasha_v65/Sasha_v65_019.png,2160,3840,8294400,0.5625,3.594,217.986,147.266,PASS
20,2,2.0,2.0,47.62,61.9,12,STEP2_TECHNICAL_METRICS,Sasha_v65/Sasha_v65_020.png,2160,3840,4.634,386.477,137.925,63.391,0.036,0.072,171.0,5794891,60.45,57.26,743,ok,,Sasha_v65,Sasha_v65/Sasha_v65_020.png,Sasha_v65_020.png,work/frames_raw/Sasha_v65/Sasha_v65_020.png,2160,3840,8294400,0.5625,4.634,386.477,137.925,PASS
21,2,2.0,2.0,14.29,14.29,19,STEP2_TECHNICAL_METRICS,Sasha_v65/Sasha_v65_021.png,2160,3840,3.957,236.815,127.941,58.659,0.038,0.022,162.0,5362260,49.64,40.15,1027,ok,,Sasha_v65,Sasha_v65/Sasha_v65_021.png,Sasha_v65_021.png,work/frames_raw/Sasha_v65/Sasha_v65_021.png,2160,3840,8294400,0.5625,3.957,236.815,127.941,PASS
22,2,2.0,2.0,0.0,0.0,22,STEP2_TECHNICAL_METRICS,Sasha_v65/Sasha_v65_022.png,2160,3840,3.42,168.193,134.235,59.562,0.031,0.02,155.0,4902078,39.61,26.17,1261,ok,,Sasha_v65,Sasha_v65/Sasha_v65_022.png,Sasha_v65_022.png,work/frames_raw/Sasha_v65/Sasha_v65_022.png,2160,3840,8294400,0.5625,3.42,168.193,134.235,PASS
1,2,2.0,2.0,80.0,65.0,6,STEP2_TECHNICAL_METRICS,Sasha_v66/Sasha_v66_001.png,2160,3840,5.83,585.763,144.039,63.746,0.037,0.083,172.0,6025037,71.33,71.35,514,ok,,Sasha_v66,Sasha_v66/Sasha_v66_001.png,Sasha_v66_001.png,work/frames_raw/Sasha_v66/Sasha_v66_001.png,2160,3840,8294400,0.5625,5.83,585.763,144.039,PASS
2,2,2.0,2.0,50.0,30.0,13,STEP2_TECHNICAL_METRICS,Sasha_v66/Sasha_v66_002.png,2160,3840,5.398,508.725,141.054,64.116,0.032,0.094,175.0,6396047,68.4,66.74,574,ok,,Sasha_v66,Sasha_v66/Sasha_v66_002.png,Sasha_v66_002.png,work/frames_raw/Sasha_v66/Sasha_v66_002.png,2160,3840,8294400,0.5625,5.398,508.725,141.054,PASS
3,2,2.0,2.0,85.0,75.0,5,STEP2_TECHNICAL_METRICS,Sasha_v66/Sasha_v66_003.png,2160,3840,5.918,604.855,133.308,64.179,0.039,0.092,180.0,6622157,71.74,73.09,494,ok,,Sasha_v66,Sasha_v66/Sasha_v66_003.png,Sasha_v66_003.png,work/frames_raw/Sasha_v66/Sasha_v66_003.png,2160,3840,8294400,0.5625,5.918,604.855,133.308,PASS
4,2,2.0,2.0,70.0,70.0,7,STEP2_TECHNICAL_METRICS,Sasha_v66/Sasha_v66_004.png,2160,3840,5.579,600.555,138.609,66.792,0.04,0.084,177.0,6356976,69.41,72.4,523,ok,,Sasha_v66,Sasha_v66/Sasha_v66_004.png,Sasha_v66_004.png,work/frames_raw/Sasha_v66/Sasha_v66_004.png,2160,3840,8294400,0.5625,5.579,600.555,138.609,PASS
5,2,2.0,2.0,100.0,100.0,1,STEP2_TECHNICAL_METRICS,Sasha_v66/Sasha_v66_005.png,2160,3840,6.266,691.704,143.853,63.189,0.026,0.096,174.0,6716282,73.72,77.65,427,ok,,Sasha_v66,Sasha_v66/Sasha_v66_005.png,Sasha_v66_005.png,work/frames_raw/Sasha_v66/Sasha_v66_005.png,2160,3840,8294400,0.5625,6.266,691.704,143.853,PASS
6,2,2.0,2.0,60.0,80.0,8,STEP2_TECHNICAL_METRICS,Sasha_v66/Sasha_v66_006.png,2160,3840,5.483,614.389,130.875,65.353,0.051,0.084,177.0,6161157,68.94,73.89,512,ok,,Sasha_v66,Sasha_v66/Sasha_v66_006.png,Sasha_v66_006.png,work/frames_raw/Sasha_v66/Sasha_v66_006.png,2160,3840,8294400,0.5625,5.483,614.389,130.875,PASS
7,2,2.0,2.0,35.0,25.0,15,STEP2_TECHNICAL_METRICS,Sasha_v66/Sasha_v66_007.png,2160,3840,5.37,505.479,132.986,63.705,0.051,0.072,178.0,6155574,68.04,66.47,583,ok,,Sasha_v66,Sasha_v66/Sasha_v66_007.png,Sasha_v66_007.png,work/frames_raw/Sasha_v66/Sasha_v66_007.png,2160,3840,8294400,0.5625,5.37,505.479,132.986,PASS
8,2,2.0,2.0,5.0,0.0,20,STEP2_TECHNICAL_METRICS,Sasha_v66/Sasha_v66_008.png,2160,3840,4.915,441.291,135.123,63.143,0.031,0.07,172.0,6092631,63.38,62.18,662,ok,,Sasha_v66,Sasha_v66/Sasha_v66_008.png,Sasha_v66_008.png,work/frames_raw/Sasha_v66/Sasha_v66_008.png,2160,3840,8294400,0.5625,4.915,441.291,135.123,PASS
9,2,2.0,2.0,95.0,85.0,3,STEP2_TECHNICAL_METRICS,Sasha_v66/Sasha_v66_009.png,2160,3840,6.184,614.913,132.229,68.705,0.067,0.065,182.0,6443083,73.0,73.99,473,ok,,Sasha_v66,Sasha_v66/Sasha_v66_009.png,Sasha_v66_009.png,work/frames_raw/Sasha_v66/Sasha_v66_009.png,2160,3840,8294400,0.5625,6.184,614.913,132.229,PASS
10,2,2.0,2.0,45.0,40.0,11,STEP2_TECHNICAL_METRICS,Sasha_v66/Sasha_v66_010.png,2160,3840,5.381,517.361,143.78,61.781,0.017,0.07,166.0,6019513,68.16,67.53,572,ok,,Sasha_v66,Sasha_v66/Sasha_v66_010.png,Sasha_v66_010.png,work/frames_raw/Sasha_v66/Sasha_v66_010.png,2160,3840,8294400,0.5625,5.381,517.361,143.78,PASS
11,2,2.0,2.0,0.0,5.0,21,STEP2_TECHNICAL_METRICS,Sasha_v66/Sasha_v66_011.png,2160,3840,4.834,465.292,141.804,66.68,0.075,0.052,181.0,5468872,62.54,63.77,656,ok,,Sasha_v66,Sasha_v66/Sasha_v66_011.png,Sasha_v66_011.png,work/frames_raw/Sasha_v66/Sasha_v66_011.png,2160,3840,8294400,0.5625,4.834,465.292,141.804,PASS
12,2,2.0,2.0,65.0,55.0,9,STEP2_TECHNICAL_METRICS,Sasha_v66/Sasha_v66_012.png,2160,3840,5.572,567.796,132.444,66.458,0.035,0.057,172.0,6047932,69.3,70.29,540,ok,,Sasha_v66,Sasha_v66/Sasha_v66_012.png,Sasha_v66_012.png,work/frames_raw/Sasha_v66/Sasha_v66_012.png,2160,3840,8294400,0.5625,5.572,567.796,132.444,PASS
13,2,2.0,2.0,20.0,15.0,18,STEP2_TECHNICAL_METRICS,Sasha_v66/Sasha_v66_013.png,2160,3840,5.051,497.457,133.887,65.733,0.044,0.061,171.0,5762312,64.99,65.94,608,ok,,Sasha_v66,Sasha_v66/Sasha_v66_013.png,Sasha_v66_013.png,work/frames_raw/Sasha_v66/Sasha_v66_013.png,2160,3840,8294400,0.5625,5.051,497.457,133.887,PASS
14,2,2.0,2.0,25.0,20.0,16,STEP2_TECHNICAL_METRICS,Sasha_v66/Sasha_v66_014.png,2160,3840,5.103,504.888,142.306,65.425,0.019,0.072,169.0,5730941,65.65,66.42,599,ok,,Sasha_v66,Sasha_v66/Sasha_v66_014.png,Sasha_v66_014.png,work/frames_raw/Sasha_v66/Sasha_v66_014.png,2160,3840,8294400,0.5625,5.103,504.888,142.306,PASS
15,2,2.0,2.0,10.0,35.0,17,STEP2_TECHNICAL_METRICS,Sasha_v66/Sasha_v66_015.png,2160,3840,4.946,511.801,135.645,68.08,0.062,0.07,176.0,5630609,63.98,67.11,606,ok,,Sasha_v66,Sasha_v66/Sasha_v66_015.png,Sasha_v66_015.png,work/frames_raw/Sasha_v66/Sasha_v66_015.png,2160,3840,8294400,0.5625,4.946,511.801,135.645,PASS
16,2,2.0,2.0,30.0,50.0,14,STEP2_TECHNICAL_METRICS,Sasha_v66/Sasha_v66_016.png,2160,3840,5.233,533.734,126.184,66.505,0.053,0.065,175.0,5687974,66.85,68.64,573,ok,,Sasha_v66,Sasha_v66/Sasha_v66_016.png,Sasha_v66_016.png,work/frames_raw/Sasha_v66/Sasha_v66_016.png,2160,3840,8294400,0.5625,5.233,533.734,126.184,PASS
17,2,2.0,2.0,75.0,90.0,4,STEP2_TECHNICAL_METRICS,Sasha_v66/Sasha_v66_017.png,2160,3840,5.726,632.725,129.334,68.168,0.067,0.095,188.0,6102233,70.31,75.11,486,ok,,Sasha_v66,Sasha_v66/Sasha_v66_017.png,Sasha_v66_017.png,work/frames_raw/Sasha_v66/Sasha_v66_017.png,2160,3840,8294400,0.5625,5.726,632.725,129.334,PASS
18,2,2.0,2.0,90.0,95.0,2,STEP2_TECHNICAL_METRICS,Sasha_v66/Sasha_v66_018.png,2160,3840,5.979,687.989,124.159,66.657,0.094,0.073,190.0,5892702,72.1,77.49,444,ok,,Sasha_v66,Sasha_v66/Sasha_v66_018.png,Sasha_v66_018.png,work/frames_raw/Sasha_v66/Sasha_v66_018.png,2160,3840,8294400,0.5625,5.979,687.989,124.159,PASS
19,2,2.0,2.0,40.0,45.0,12,STEP2_TECHNICAL_METRICS,Sasha_v66/Sasha_v66_019.png,2160,3840,5.373,521.851,134.109,64.888,0.052,0.063,181.0,5686560,68.1,67.85,568,ok,,Sasha_v66,Sasha_v66/Sasha_v66_019.png,Sasha_v66_019.png,work/frames_raw/Sasha_v66/Sasha_v66_019.png,2160,3840,8294400,0.5625,5.373,521.851,134.109,PASS
20,2,2.0,2.0,15.0,10.0,19,STEP2_TECHNICAL_METRICS,Sasha_v66/Sasha_v66_020.png,2160,3840,5.015,474.543,134.365,64.799,0.047,0.077,179.0,5731527,64.76,64.25,626,ok,,Sasha_v66,Sasha_v66/Sasha_v66_020.png,Sasha_v66_020.png,work/frames_raw/Sasha_v66/Sasha_v66_020.png,2160,3840,8294400,0.5625,5.015,474.543,134.365,PASS
21,2,2.0,2.0,55.0,60.0,10,STEP2_TECHNICAL_METRICS,Sasha_v66/Sasha_v66_021.png,2160,3840,5.44,577.603,129.097,66.889,0.078,0.085,188.0,5822629,68.58,70.92,542,ok,,Sasha_v66,Sasha_v66/Sasha_v66_021.png,Sasha_v66_021.png,work/frames_raw/Sasha_v66/Sasha_v66_021.png,2160,3840,8294400,0.5625,5.44,577.603,129.097,PASS
1,2,2.0,2.0,4.17,4.17,24,STEP2_TECHNICAL_METRICS,Sasha_v67/Sasha_v67_001.png,2160,3840,10.126,1682.521,146.986,55.519,0.021,0.004,149.0,6220819,83.33,89.41,238,ok,,Sasha_v67,Sasha_v67/Sasha_v67_001.png,Sasha_v67_001.png,work/frames_raw/Sasha_v67/Sasha_v67_001.png,2160,3840,8294400,0.5625,10.126,1682.521,146.986,PASS
2,2,2.0,2.0,0.0,0.0,25,STEP2_TECHNICAL_METRICS,Sasha_v67/Sasha_v67_002.png,2160,3840,9.299,1484.271,160.325,56.993,0.015,0.171,152.0,6385602,82.62,88.24,250,ok,,Sasha_v67,Sasha_v67/Sasha_v67_002.png,Sasha_v67_002.png,work/frames_raw/Sasha_v67/Sasha_v67_002.png,2160,3840,8294400,0.5625,9.299,1484.271,160.325,PASS
3,2,2.0,2.0,8.33,8.33,23,STEP2_TECHNICAL_METRICS,Sasha_v67/Sasha_v67_003.png,2160,3840,10.314,1772.964,167.5,61.481,0.021,0.291,156.0,6330509,83.45,90.25,231,ok,,Sasha_v67,Sasha_v67/Sasha_v67_003.png,Sasha_v67_003.png,work/frames_raw/Sasha_v67/Sasha_v67_003.png,2160,3840,8294400,0.5625,10.314,1772.964,167.5,PASS
4,2,2.0,2.0,29.17,87.5,9,STEP2_TECHNICAL_METRICS,Sasha_v67/Sasha_v67_004.png,2160,3840,13.927,2490.91,163.052,66.247,0.029,0.219,174.0,6844052,86.38,95.44,164,ok,,Sasha_v67,Sasha_v67/Sasha_v67_004.png,Sasha_v67_004.png,work/frames_raw/Sasha_v67/Sasha_v67_004.png,2160,3840,8294400,0.5625,13.927,2490.91,163.052,PASS
5,2,2.0,2.0,100.0,100.0,1,STEP2_TECHNICAL_METRICS,Sasha_v67/Sasha_v67_005.png,2160,3840,18.012,3032.367,147.321,59.624,0.036,0.057,159.0,6738614,91.64,96.4,98,ok,,Sasha_v67,Sasha_v67/Sasha_v67_005.png,Sasha_v67_005.png,work/frames_raw/Sasha_v67/Sasha_v67_005.png,2160,3840,8294400,0.5625,18.012,3032.367,147.321,PASS
6,2,2.0,2.0,91.67,91.67,3,STEP2_TECHNICAL_METRICS,Sasha_v67/Sasha_v67_006.png,2160,3840,15.902,2523.281,127.901,58.284,0.063,0.008,154.0,6437332,89.49,95.5,125,ok,,Sasha_v67,Sasha_v67/Sasha_v67_006.png,Sasha_v67_006.png,work/frames_raw/Sasha_v67/Sasha_v67_006.png,2160,3840,8294400,0.5625,15.902,2523.281,127.901,PASS
7,2,2.0,2.0,50.0,29.17,16,STEP2_TECHNICAL_METRICS,Sasha_v67/Sasha_v67_007.png,2160,3840,14.306,2182.722,122.227,59.508,0.078,0.004,157.0,6156890,86.98,93.91,177,ok,,Sasha_v67,Sasha_v67/Sasha_v67_007.png,Sasha_v67_007.png,work/frames_raw/Sasha_v67/Sasha_v67_007.png,2160,3840,8294400,0.5625,14.306,2182.722,122.227,PASS
8,2,2.0,2.0,66.67,45.83,11,STEP2_TECHNICAL_METRICS,Sasha_v67/Sasha_v67_008.png,2160,3840,14.679,2317.77,121.01,60.365,0.08,0.004,159.0,6240365,87.46,94.6,159,ok,,Sasha_v67,Sasha_v67/Sasha_v67_008.png,Sasha_v67_008.png,work/frames_raw/Sasha_v67/Sasha_v67_008.png,2160,3840,8294400,0.5625,14.679,2317.77,121.01,PASS
9,2,2.0,2.0,33.33,20.83,19,STEP2_TECHNICAL_METRICS,Sasha_v67/Sasha_v67_009.png,2160,3840,13.965,2147.614,119.556,61.443,0.086,0.005,161.0,6203733,86.5,93.8,184,ok,,Sasha_v67,Sasha_v67/Sasha_v67_009.png,Sasha_v67_009.png,work/frames_raw/Sasha_v67/Sasha_v67_009.png,2160,3840,8294400,0.5625,13.965,2147.614,119.556,PASS
10,2,2.0,2.0,12.5,12.5,22,STEP2_TECHNICAL_METRICS,Sasha_v67/Sasha_v67_010.png,2160,3840,13.326,2089.384,119.798,61.515,0.083,0.005,160.0,6059245,85.42,93.22,201,ok,,Sasha_v67,Sasha_v67/Sasha_v67_010.png,Sasha_v67_010.png,work/frames_raw/Sasha_v67/Sasha_v67_010.png,2160,3840,8294400,0.5625,13.326,2089.384,119.798,PASS
11,2,2.0,2.0,20.83,25.0,20,STEP2_TECHNICAL_METRICS,Sasha_v67/Sasha_v67_011.png,2160,3840,13.696,2173.869,119.85,61.709,0.084,0.007,162.0,6112448,85.84,93.86,192,ok,,Sasha_v67,Sasha_v67/Sasha_v67_011.png,Sasha_v67_011.png,work/frames_raw/Sasha_v67/Sasha_v67_011.png,2160,3840,8294400,0.5625,13.696,2173.869,119.85,PASS
12,2,2.0,2.0,25.0,33.33,18,STEP2_TECHNICAL_METRICS,Sasha_v67/Sasha_v67_012.png,2160,3840,13.721,2193.87,121.246,61.675,0.081,0.006,162.0,6115978,86.02,94.01,185,ok,,Sasha_v67,Sasha_v67/Sasha_v67_012.png,Sasha_v67_012.png,work/frames_raw/Sasha_v67/Sasha_v67_012.png,2160,3840,8294400,0.5625,13.721,2193.87,121.246,PASS
13,2,2.0,2.0,37.5,37.5,17,STEP2_TECHNICAL_METRICS,Sasha_v67/Sasha_v67_013.png,2160,3840,13.979,2204.437,120.797,61.248,0.082,0.006,161.0,6187142,86.56,94.12,179,ok,,Sasha_v67,Sasha_v67/Sasha_v67_013.png,Sasha_v67_013.png,work/frames_raw/Sasha_v67/Sasha_v67_013.png,2160,3840,8294400,0.5625,13.979,2204.437,120.797,PASS
14,2,2.0,2.0,58.33,41.67,14,STEP2_TECHNICAL_METRICS,Sasha_v67/Sasha_v67_014.png,2160,3840,14.44,2314.745,122.433,61.322,0.081,0.005,162.0,6210781,87.16,94.54,168,ok,,Sasha_v67,Sasha_v67/Sasha_v67_014.png,Sasha_v67_014.png,work/frames_raw/Sasha_v67/Sasha_v67_014.png,2160,3840,8294400,0.5625,14.44,2314.745,122.433,PASS
15,2,2.0,2.0,16.67,16.67,21,STEP2_TECHNICAL_METRICS,Sasha_v67/Sasha_v67_015.png,2160,3840,13.664,2140.311,121.579,61.294,0.083,0.005,161.0,5939286,85.78,93.59,195,ok,,Sasha_v67,Sasha_v67/Sasha_v67_015.png,Sasha_v67_015.png,work/frames_raw/Sasha_v67/Sasha_v67_015.png,2160,3840,8294400,0.5625,13.664,2140.311,121.579,PASS
16,2,2.0,2.0,95.83,95.83,2,STEP2_TECHNICAL_METRICS,Sasha_v67/Sasha_v67_016.png,2160,3840,15.934,2624.265,122.125,61.066,0.08,0.009,160.0,6304652,89.61,95.71,121,ok,,Sasha_v67,Sasha_v67/Sasha_v67_016.png,Sasha_v67_016.png,work/frames_raw/Sasha_v67/Sasha_v67_016.png,2160,3840,8294400,0.5625,15.934,2624.265,122.125,PASS
17,2,2.0,2.0,87.5,83.33,4,STEP2_TECHNICAL_METRICS,Sasha_v67/Sasha_v67_017.png,2160,3840,15.61,2479.826,124.575,61.475,0.075,0.008,161.0,6212356,89.13,95.39,131,ok,,Sasha_v67,Sasha_v67/Sasha_v67_017.png,Sasha_v67_017.png,work/frames_raw/Sasha_v67/Sasha_v67_017.png,2160,3840,8294400,0.5625,15.61,2479.826,124.575,PASS
18,2,2.0,2.0,41.67,70.83,12,STEP2_TECHNICAL_METRICS,Sasha_v67/Sasha_v67_018.png,2160,3840,14.045,2402.771,122.343,61.44,0.079,0.01,160.0,5615621,86.62,95.13,166,ok,,Sasha_v67,Sasha_v67/Sasha_v67_018.png,Sasha_v67_018.png,work/frames_raw/Sasha_v67/Sasha_v67_018.png,2160,3840,8294400,0.5625,14.045,2402.771,122.343,PASS
19,2,2.0,2.0,70.83,66.67,8,STEP2_TECHNICAL_METRICS,Sasha_v67/Sasha_v67_019.png,2160,3840,14.715,2401.82,122.143,60.824,0.08,0.009,160.0,5930476,87.51,95.07,149,ok,,Sasha_v67,Sasha_v67/Sasha_v67_019.png,Sasha_v67_019.png,work/frames_raw/Sasha_v67/Sasha_v67_019.png,2160,3840,8294400,0.5625,14.715,2401.82,122.143,PASS
20,2,2.0,2.0,75.0,79.17,6,STEP2_TECHNICAL_METRICS,Sasha_v67/Sasha_v67_020.png,2160,3840,14.775,2446.546,122.472,60.751,0.082,0.007,161.0,5854590,87.75,95.34,143,ok,,Sasha_v67,Sasha_v67/Sasha_v67_020.png,Sasha_v67_020.png,work/frames_raw/Sasha_v67/Sasha_v67_020.png,2160,3840,8294400,0.5625,14.775,2446.546,122.472,PASS
21,2,2.0,2.0,45.83,50.0,15,STEP2_TECHNICAL_METRICS,Sasha_v67/Sasha_v67_021.png,2160,3840,14.219,2320.771,121.195,60.082,0.08,0.006,160.0,5810296,86.8,94.65,169,ok,,Sasha_v67,Sasha_v67/Sasha_v67_021.png,Sasha_v67_021.png,work/frames_raw/Sasha_v67/Sasha_v67_021.png,2160,3840,8294400,0.5625,14.219,2320.771,121.195,PASS
22,2,2.0,2.0,54.17,58.33,13,STEP2_TECHNICAL_METRICS,Sasha_v67/Sasha_v67_022.png,2160,3840,14.376,2348.787,120.903,60.226,0.082,0.01,159.0,5928816,87.04,94.86,163,ok,,Sasha_v67,Sasha_v67/Sasha_v67_022.png,Sasha_v67_022.png,work/frames_raw/Sasha_v67/Sasha_v67_022.png,2160,3840,8294400,0.5625,14.376,2348.787,120.903,PASS
23,2,2.0,2.0,62.5,54.17,10,STEP2_TECHNICAL_METRICS,Sasha_v67/Sasha_v67_023.png,2160,3840,14.631,2336.039,121.082,60.732,0.081,0.01,160.0,5963222,87.4,94.76,157,ok,,Sasha_v67,Sasha_v67/Sasha_v67_023.png,Sasha_v67_023.png,work/frames_raw/Sasha_v67/Sasha_v67_023.png,2160,3840,8294400,0.5625,14.631,2336.039,121.082,PASS
24,2,2.0,2.0,79.17,62.5,7,STEP2_TECHNICAL_METRICS,Sasha_v67/Sasha_v67_024.png,2160,3840,14.798,2400.057,122.189,60.251,0.081,0.006,160.0,5864549,87.81,95.02,146,ok,,Sasha_v67,Sasha_v67/Sasha_v67_024.png,Sasha_v67_024.png,work/frames_raw/Sasha_v67/Sasha_v67_024.png,2160,3840,8294400,0.5625,14.798,2400.057,122.189,PASS
25,2,2.0,2.0,83.33,75.0,5,STEP2_TECHNICAL_METRICS,Sasha_v67/Sasha_v67_025.png,2160,3840,14.945,2406.205,119.737,60.036,0.086,0.007,157.0,6043199,88.05,95.18,140,ok,,Sasha_v67,Sasha_v67/Sasha_v67_025.png,Sasha_v67_025.png,work/frames_raw/Sasha_v67/Sasha_v67_025.png,2160,3840,8294400,0.5625,14.945,2406.205,119.737,PASS
1,2,2.0,2.0,13.79,6.9,26,STEP2_TECHNICAL_METRICS,Sasha_v68/Sasha_v68_001.png,2160,3840,1.908,85.627,120.573,40.279,0.019,0.0,102.0,2469016,9.26,9.38,1736,ok,,Sasha_v68,Sasha_v68/Sasha_v68_001.png,Sasha_v68_001.png,work/frames_raw/Sasha_v68/Sasha_v68_001.png,2160,3840,8294400,0.5625,1.908,85.627,120.573,PASS
2,2,2.0,2.0,10.34,3.45,28,STEP2_TECHNICAL_METRICS,Sasha_v68/Sasha_v68_002.png,2160,3840,1.904,81.43,141.511,35.829,0.003,0.0,95.0,2711699,9.2,8.69,1749,ok,,Sasha_v68,Sasha_v68/Sasha_v68_002.png,Sasha_v68_002.png,work/frames_raw/Sasha_v68/Sasha_v68_002.png,2160,3840,8294400,0.5625,1.904,81.43,141.511,PASS
3,2,2.0,2.0,0.0,0.0,30,STEP2_TECHNICAL_METRICS,Sasha_v68/Sasha_v68_003.png,2160,3840,1.867,76.243,157.653,42.213,0.006,0.036,110.0,2714526,8.66,7.63,1762,ok,,Sasha_v68,Sasha_v68/Sasha_v68_003.png,Sasha_v68_003.png,work/frames_raw/Sasha_v68/Sasha_v68_003.png,2160,3840,8294400,0.5625,1.867,76.243,157.653,PASS
4,2,2.0,2.0,34.48,44.83,19,STEP2_TECHNICAL_METRICS,Sasha_v68/Sasha_v68_004.png,2160,3840,2.298,169.203,160.075,40.764,0.01,0.021,106.0,2552547,17.38,26.27,1472,ok,,Sasha_v68,Sasha_v68/Sasha_v68_004.png,Sasha_v68_004.png,work/frames_raw/Sasha_v68/Sasha_v68_004.png,2160,3840,8294400,0.5625,2.298,169.203,160.075,PASS
5,2,2.0,2.0,24.14,27.59,23,STEP2_TECHNICAL_METRICS,Sasha_v68/Sasha_v68_005.png,2160,3840,2.113,147.077,164.001,40.556,0.009,0.014,108.0,2565000,13.62,21.56,1564,ok,,Sasha_v68,Sasha_v68/Sasha_v68_005.png,Sasha_v68_005.png,work/frames_raw/Sasha_v68/Sasha_v68_005.png,2160,3840,8294400,0.5625,2.113,147.077,164.001,PASS
6,2,2.0,2.0,96.55,96.55,2,STEP2_TECHNICAL_METRICS,Sasha_v68/Sasha_v68_006.png,2160,3840,4.266,428.327,159.25,41.89,0.01,0.024,113.0,3370708,55.02,61.23,761,ok,,Sasha_v68,Sasha_v68/Sasha_v68_006.png,Sasha_v68_006.png,work/frames_raw/Sasha_v68/Sasha_v68_006.png,2160,3840,8294400,0.5625,4.266,428.327,159.25,PASS
7,2,2.0,2.0,93.1,93.1,3,STEP2_TECHNICAL_METRICS,Sasha_v68/Sasha_v68_007.png,2160,3840,3.947,390.58,157.306,39.66,0.01,0.015,108.0,3569340,49.34,57.73,856,ok,,Sasha_v68,Sasha_v68/Sasha_v68_007.png,Sasha_v68_007.png,work/frames_raw/Sasha_v68/Sasha_v68_007.png,2160,3840,8294400,0.5625,3.947,390.58,157.306,PASS
8,2,2.0,2.0,100.0,100.0,1,STEP2_TECHNICAL_METRICS,Sasha_v68/Sasha_v68_008.png,2160,3840,4.481,430.325,158.844,40.2,0.01,0.013,111.0,3688751,58.72,61.49,713,ok,,Sasha_v68,Sasha_v68/Sasha_v68_008.png,Sasha_v68_008.png,work/frames_raw/Sasha_v68/Sasha_v68_008.png,2160,3840,8294400,0.5625,4.481,430.325,158.844,PASS
9,2,2.0,2.0,75.86,72.41,8,STEP2_TECHNICAL_METRICS,Sasha_v68/Sasha_v68_009.png,2160,3840,2.847,231.06,162.465,40.022,0.009,0.015,109.0,3262036,30.23,39.3,1219,ok,,Sasha_v68,Sasha_v68/Sasha_v68_009.png,Sasha_v68_009.png,work/frames_raw/Sasha_v68/Sasha_v68_009.png,2160,3840,8294400,0.5625,2.847,231.06,162.465,PASS
10,2,2.0,2.0,79.31,75.86,7,STEP2_TECHNICAL_METRICS,Sasha_v68/Sasha_v68_010.png,2160,3840,3.011,250.355,164.816,40.461,0.01,0.026,100.0,3008112,33.45,41.84,1152,ok,,Sasha_v68,Sasha_v68/Sasha_v68_010.png,Sasha_v68_010.png,work/frames_raw/Sasha_v68/Sasha_v68_010.png,2160,3840,8294400,0.5625,3.011,250.355,164.816,PASS
11,2,2.0,2.0,62.07,68.97,11,STEP2_TECHNICAL_METRICS,Sasha_v68/Sasha_v68_011.png,2160,3840,2.564,228.296,156.325,48.128,0.019,0.05,123.0,2861525,24.07,38.98,1290,ok,,Sasha_v68,Sasha_v68/Sasha_v68_011.png,Sasha_v68_011.png,work/frames_raw/Sasha_v68/Sasha_v68_011.png,2160,3840,8294400,0.5625,2.564,228.296,156.325,PASS
12,2,2.0,2.0,44.83,62.07,14,STEP2_TECHNICAL_METRICS,Sasha_v68/Sasha_v68_012.png,2160,3840,2.385,191.921,160.679,42.849,0.011,0.014,114.0,2679576,19.77,32.15,1393,ok,,Sasha_v68,Sasha_v68/Sasha_v68_012.png,Sasha_v68_012.png,work/frames_raw/Sasha_v68/Sasha_v68_012.png,2160,3840,8294400,0.5625,2.385,191.921,160.679,PASS
13,2,2.0,2.0,65.52,79.31,9,STEP2_TECHNICAL_METRICS,Sasha_v68/Sasha_v68_013.png,2160,3840,2.637,254.157,154.961,39.233,0.012,0.003,97.0,2682369,25.63,42.32,1233,ok,,Sasha_v68,Sasha_v68/Sasha_v68_013.png,Sasha_v68_013.png,work/frames_raw/Sasha_v68/Sasha_v68_013.png,2160,3840,8294400,0.5625,2.637,254.157,154.961,PASS
14,2,2.0,2.0,41.38,58.62,15,STEP2_TECHNICAL_METRICS,Sasha_v68/Sasha_v68_014.png,2160,3840,2.355,186.709,156.237,41.724,0.015,0.015,110.0,2767681,18.94,30.72,1417,ok,,Sasha_v68,Sasha_v68/Sasha_v68_014.png,Sasha_v68_014.png,work/frames_raw/Sasha_v68/Sasha_v68_014.png,2160,3840,8294400,0.5625,2.355,186.709,156.237,PASS
15,2,2.0,2.0,3.45,10.34,29,STEP2_TECHNICAL_METRICS,Sasha_v68/Sasha_v68_015.png,2160,3840,1.878,95.848,168.29,39.603,0.005,0.054,98.0,2520250,8.84,11.86,1708,ok,,Sasha_v68,Sasha_v68/Sasha_v68_015.png,Sasha_v68_015.png,work/frames_raw/Sasha_v68/Sasha_v68_015.png,2160,3840,8294400,0.5625,1.878,95.848,168.29,PASS
16,2,2.0,2.0,20.69,20.69,24,STEP2_TECHNICAL_METRICS,Sasha_v68/Sasha_v68_016.png,2160,3840,1.927,119.723,162.946,39.132,0.009,0.018,95.0,2538002,9.8,16.05,1648,ok,,Sasha_v68,Sasha_v68/Sasha_v68_016.png,Sasha_v68_016.png,work/frames_raw/Sasha_v68/Sasha_v68_016.png,2160,3840,8294400,0.5625,1.927,119.723,162.946,PASS
17,2,2.0,2.0,31.03,34.48,21,STEP2_TECHNICAL_METRICS,Sasha_v68/Sasha_v68_017.png,2160,3840,2.195,156.67,163.626,41.483,0.008,0.045,105.0,2465872,15.29,23.57,1533,ok,,Sasha_v68,Sasha_v68/Sasha_v68_017.png,Sasha_v68_017.png,work/frames_raw/Sasha_v68/Sasha_v68_017.png,2160,3840,8294400,0.5625,2.195,156.67,163.626,PASS
18,2,2.0,2.0,48.28,24.14,20,STEP2_TECHNICAL_METRICS,Sasha_v68/Sasha_v68_018.png,2160,3840,2.392,143.802,158.354,42.708,0.008,0.027,112.0,2859380,20.01,20.87,1509,ok,,Sasha_v68,Sasha_v68/Sasha_v68_018.png,Sasha_v68_018.png,work/frames_raw/Sasha_v68/Sasha_v68_018.png,2160,3840,8294400,0.5625,2.392,143.802,158.354,PASS
19,2,2.0,2.0,68.97,55.17,12,STEP2_TECHNICAL_METRICS,Sasha_v68/Sasha_v68_019.png,2160,3840,2.687,180.625,159.654,44.545,0.009,0.036,120.0,3137065,26.64,29.34,1360,ok,,Sasha_v68,Sasha_v68/Sasha_v68_019.png,Sasha_v68_019.png,work/frames_raw/Sasha_v68/Sasha_v68_019.png,2160,3840,8294400,0.5625,2.687,180.625,159.654,PASS
20,2,2.0,2.0,86.21,82.76,5,STEP2_TECHNICAL_METRICS,Sasha_v68/Sasha_v68_020.png,2160,3840,3.26,271.473,162.627,43.947,0.012,0.065,107.0,2615439,37.57,44.76,1094,ok,,Sasha_v68,Sasha_v68/Sasha_v68_020.png,Sasha_v68_020.png,work/frames_raw/Sasha_v68/Sasha_v68_020.png,2160,3840,8294400,0.5625,3.26,271.473,162.627,PASS
21,2,2.0,2.0,6.9,13.79,27,STEP2_TECHNICAL_METRICS,Sasha_v68/Sasha_v68_021.png,2160,3840,1.888,105.171,161.247,35.984,0.008,0.006,87.0,2432426,8.96,13.29,1688,ok,,Sasha_v68,Sasha_v68/Sasha_v68_021.png,Sasha_v68_021.png,work/frames_raw/Sasha_v68/Sasha_v68_021.png,2160,3840,8294400,0.5625,1.888,105.171,161.247,PASS
22,2,2.0,2.0,17.24,17.24,25,STEP2_TECHNICAL_METRICS,Sasha_v68/Sasha_v68_022.png,2160,3840,1.918,106.295,162.744,39.487,0.009,0.034,97.0,2520223,9.62,13.56,1676,ok,,Sasha_v68,Sasha_v68/Sasha_v68_022.png,Sasha_v68_022.png,work/frames_raw/Sasha_v68/Sasha_v68_022.png,2160,3840,8294400,0.5625,1.918,106.295,162.744,PASS
23,2,2.0,2.0,27.59,31.03,22,STEP2_TECHNICAL_METRICS,Sasha_v68/Sasha_v68_023.png,2160,3840,2.171,153.828,156.864,43.151,0.01,0.008,121.0,2578022,14.87,22.88,1543,ok,,Sasha_v68,Sasha_v68/Sasha_v68_023.png,Sasha_v68_023.png,work/frames_raw/Sasha_v68/Sasha_v68_023.png,2160,3840,8294400,0.5625,2.171,153.828,156.864,PASS
24,2,2.0,2.0,51.72,41.38,16,STEP2_TECHNICAL_METRICS,Sasha_v68/Sasha_v68_024.png,2160,3840,2.396,161.763,162.19,40.767,0.01,0.017,103.0,2935562,20.13,24.89,1459,ok,,Sasha_v68,Sasha_v68/Sasha_v68_024.png,Sasha_v68_024.png,work/frames_raw/Sasha_v68/Sasha_v68_024.png,2160,3840,8294400,0.5625,2.396,161.763,162.19,PASS
25,2,2.0,2.0,37.93,48.28,18,STEP2_TECHNICAL_METRICS,Sasha_v68/Sasha_v68_025.png,2160,3840,2.31,170.627,163.106,40.767,0.009,0.027,103.0,2693146,17.8,26.8,1463,ok,,Sasha_v68,Sasha_v68/Sasha_v68_025.png,Sasha_v68_025.png,work/frames_raw/Sasha_v68/Sasha_v68_025.png,2160,3840,8294400,0.5625,2.31,170.627,163.106,PASS
26,2,2.0,2.0,55.17,37.93,17,STEP2_TECHNICAL_METRICS,Sasha_v68/Sasha_v68_026.png,2160,3840,2.456,160.137,162.183,41.966,0.007,0.052,106.0,3045982,21.86,24.26,1446,ok,,Sasha_v68,Sasha_v68/Sasha_v68_026.png,Sasha_v68_026.png,work/frames_raw/Sasha_v68/Sasha_v68_026.png,2160,3840,8294400,0.5625,2.456,160.137,162.183,PASS
27,2,2.0,2.0,58.62,51.72,13,STEP2_TECHNICAL_METRICS,Sasha_v68/Sasha_v68_027.png,2160,3840,2.499,176.077,159.779,41.133,0.008,0.028,101.0,3020615,22.94,27.91,1405,ok,,Sasha_v68,Sasha_v68/Sasha_v68_027.png,Sasha_v68_027.png,work/frames_raw/Sasha_v68/Sasha_v68_027.png,2160,3840,8294400,0.5625,2.499,176.077,159.779,PASS
28,2,2.0,2.0,82.76,86.21,6,STEP2_TECHNICAL_METRICS,Sasha_v68/Sasha_v68_028.png,2160,3840,3.257,277.231,159.175,42.514,0.009,0.044,110.0,3394804,37.46,45.55,1086,ok,,Sasha_v68,Sasha_v68/Sasha_v68_028.png,Sasha_v68_028.png,work/frames_raw/Sasha_v68/Sasha_v68_028.png,2160,3840,8294400,0.5625,3.257,277.231,159.175,PASS
29,2,2.0,2.0,89.66,89.66,4,STEP2_TECHNICAL_METRICS,Sasha_v68/Sasha_v68_029.png,2160,3840,3.863,353.146,160.508,43.071,0.01,0.055,113.0,3582167,47.61,54.98,913,ok,,Sasha_v68,Sasha_v68/Sasha_v68_029.png,Sasha_v68_029.png,work/frames_raw/Sasha_v68/Sasha_v68_029.png,2160,3840,8294400,0.5625,3.863,353.146,160.508,PASS
30,2,2.0,2.0,72.41,65.52,10,STEP2_TECHNICAL_METRICS,Sasha_v68/Sasha_v68_030.png,2160,3840,2.736,214.564,162.998,41.532,0.006,0.063,102.0,3128613,27.78,37.29,1273,ok,,Sasha_v68,Sasha_v68/Sasha_v68_030.png,Sasha_v68_030.png,work/frames_raw/Sasha_v68/Sasha_v68_030.png,2160,3840,8294400,0.5625,2.736,214.564,162.998,PASS
1,2,2.0,2.0,0.0,0.0,24,STEP2_TECHNICAL_METRICS,Sasha_v70/Sasha_v70_001.png,2160,3840,1.033,13.285,133.957,55.763,0.06,0.0,151.0,1442519,0.42,0.05,1890,ok,,Sasha_v70,Sasha_v70/Sasha_v70_001.png,Sasha_v70_001.png,work/frames_raw/Sasha_v70/Sasha_v70_001.png,2160,3840,8294400,0.5625,1.033,13.285,133.957,PASS
2,2,2.0,2.0,4.35,4.35,23,STEP2_TECHNICAL_METRICS,Sasha_v70/Sasha_v70_002.png,2160,3840,1.113,14.858,137.678,51.319,0.031,0.0,145.0,1285649,1.14,0.11,1881,ok,,Sasha_v70,Sasha_v70/Sasha_v70_002.png,Sasha_v70_002.png,work/frames_raw/Sasha_v70/Sasha_v70_002.png,2160,3840,8294400,0.5625,1.113,14.858,137.678,PASS
3,2,2.0,2.0,26.09,8.7,20,STEP2_TECHNICAL_METRICS,Sasha_v70/Sasha_v70_003.png,2160,3840,1.701,48.444,104.307,63.037,0.129,0.037,177.0,2407499,6.57,2.54,1818,ok,,Sasha_v70,Sasha_v70/Sasha_v70_003.png,Sasha_v70_003.png,work/frames_raw/Sasha_v70/Sasha_v70_003.png,2160,3840,8294400,0.5625,1.701,48.444,104.307,PASS
4,2,2.0,2.0,86.96,91.3,3,STEP2_TECHNICAL_METRICS,Sasha_v70/Sasha_v70_004.png,2160,3840,2.494,121.538,104.702,53.244,0.086,0.0,140.0,3634701,22.7,16.74,1527,ok,,Sasha_v70,Sasha_v70/Sasha_v70_004.png,Sasha_v70_004.png,work/frames_raw/Sasha_v70/Sasha_v70_004.png,2160,3840,8294400,0.5625,2.494,121.538,104.702,PASS
5,2,2.0,2.0,60.87,65.22,9,STEP2_TECHNICAL_METRICS,Sasha_v70/Sasha_v70_005.png,2160,3840,1.97,85.314,107.965,52.746,0.049,0.0,137.0,2682026,10.75,9.27,1716,ok,,Sasha_v70,Sasha_v70/Sasha_v70_005.png,Sasha_v70_005.png,work/frames_raw/Sasha_v70/Sasha_v70_005.png,2160,3840,8294400,0.5625,1.97,85.314,107.965,PASS
6,2,2.0,2.0,95.65,95.65,2,STEP2_TECHNICAL_METRICS,Sasha_v70/Sasha_v70_006.png,2160,3840,2.664,159.719,106.395,50.652,0.052,0.0,129.0,3861580,26.16,24.15,1410,ok,,Sasha_v70,Sasha_v70/Sasha_v70_006.png,Sasha_v70_006.png,work/frames_raw/Sasha_v70/Sasha_v70_006.png,2160,3840,8294400,0.5625,2.664,159.719,106.395,PASS
7,2,2.0,2.0,100.0,100.0,1,STEP2_TECHNICAL_METRICS,Sasha_v70/Sasha_v70_007.png,2160,3840,2.957,187.686,111.206,50.881,0.043,0.0,132.0,4147252,32.5,30.88,1288,ok,,Sasha_v70,Sasha_v70/Sasha_v70_007.png,Sasha_v70_007.png,work/frames_raw/Sasha_v70/Sasha_v70_007.png,2160,3840,8294400,0.5625,2.957,187.686,111.206,PASS
8,2,2.0,2.0,34.78,52.17,14,STEP2_TECHNICAL_METRICS,Sasha_v70/Sasha_v70_008.png,2160,3840,1.719,76.109,114.561,51.69,0.037,0.0,135.0,2550866,6.75,7.57,1780,ok,,Sasha_v70,Sasha_v70/Sasha_v70_008.png,Sasha_v70_008.png,work/frames_raw/Sasha_v70/Sasha_v70_008.png,2160,3840,8294400,0.5625,1.719,76.109,114.561,PASS
9,2,2.0,2.0,39.13,39.13,15,STEP2_TECHNICAL_METRICS,Sasha_v70/Sasha_v70_009.png,2160,3840,1.73,67.662,112.455,41.414,0.018,0.0,110.0,2365493,6.99,5.67,1794,ok,,Sasha_v70,Sasha_v70/Sasha_v70_009.png,Sasha_v70_009.png,work/frames_raw/Sasha_v70/Sasha_v70_009.png,2160,3840,8294400,0.5625,1.73,67.662,112.455,PASS
10,2,2.0,2.0,82.61,86.96,5,STEP2_TECHNICAL_METRICS,Sasha_v70/Sasha_v70_010.png,2160,3840,2.475,120.535,108.999,47.285,0.026,0.001,127.0,3507011,22.34,16.42,1535,ok,,Sasha_v70,Sasha_v70/Sasha_v70_010.png,Sasha_v70_010.png,work/frames_raw/Sasha_v70/Sasha_v70_010.png,2160,3840,8294400,0.5625,2.475,120.535,108.999,PASS
11,2,2.0,2.0,91.3,82.61,4,STEP2_TECHNICAL_METRICS,Sasha_v70/Sasha_v70_011.png,2160,3840,2.54,120.219,114.178,51.409,0.033,0.003,135.0,3514466,23.48,16.26,1523,ok,,Sasha_v70,Sasha_v70/Sasha_v70_011.png,Sasha_v70_011.png,work/frames_raw/Sasha_v70/Sasha_v70_011.png,2160,3840,8294400,0.5625,2.54,120.219,114.178,PASS
12,2,2.0,2.0,69.57,69.57,8,STEP2_TECHNICAL_METRICS,Sasha_v70/Sasha_v70_012.png,2160,3840,2.032,88.292,106.414,46.174,0.034,0.0,128.0,2771476,12.01,10.06,1693,ok,,Sasha_v70,Sasha_v70/Sasha_v70_012.png,Sasha_v70_012.png,work/frames_raw/Sasha_v70/Sasha_v70_012.png,2160,3840,8294400,0.5625,2.032,88.292,106.414,PASS
13,2,2.0,2.0,47.83,43.48,13,STEP2_TECHNICAL_METRICS,Sasha_v70/Sasha_v70_013.png,2160,3840,1.889,70.3,112.51,47.509,0.018,0.0,125.0,2672265,9.02,6.36,1772,ok,,Sasha_v70,Sasha_v70/Sasha_v70_013.png,Sasha_v70_013.png,work/frames_raw/Sasha_v70/Sasha_v70_013.png,2160,3840,8294400,0.5625,1.889,70.3,112.51,PASS
14,2,2.0,2.0,43.48,26.09,16,STEP2_TECHNICAL_METRICS,Sasha_v70/Sasha_v70_014.png,2160,3840,1.808,64.363,102.502,47.819,0.059,0.001,132.0,2416414,8.06,5.08,1788,ok,,Sasha_v70,Sasha_v70/Sasha_v70_014.png,Sasha_v70_014.png,work/frames_raw/Sasha_v70/Sasha_v70_014.png,2160,3840,8294400,0.5625,1.808,64.363,102.502,PASS
15,2,2.0,2.0,8.7,13.04,22,STEP2_TECHNICAL_METRICS,Sasha_v70/Sasha_v70_015.png,2160,3840,1.589,55.79,102.571,42.339,0.023,0.001,114.0,2202382,4.6,3.44,1831,ok,,Sasha_v70,Sasha_v70/Sasha_v70_015.png,Sasha_v70_015.png,work/frames_raw/Sasha_v70/Sasha_v70_015.png,2160,3840,8294400,0.5625,1.589,55.79,102.571,PASS
16,2,2.0,2.0,30.43,34.78,17,STEP2_TECHNICAL_METRICS,Sasha_v70/Sasha_v70_016.png,2160,3840,1.716,66.55,104.883,42.817,0.022,0.0,113.0,2538929,6.69,5.61,1800,ok,,Sasha_v70,Sasha_v70/Sasha_v70_016.png,Sasha_v70_016.png,work/frames_raw/Sasha_v70/Sasha_v70_016.png,2160,3840,8294400,0.5625,1.716,66.55,104.883,PASS
17,2,2.0,2.0,52.17,47.83,12,STEP2_TECHNICAL_METRICS,Sasha_v70/Sasha_v70_017.png,2160,3840,1.914,71.809,111.164,47.424,0.036,0.0,126.0,2730610,9.5,6.67,1765,ok,,Sasha_v70,Sasha_v70/Sasha_v70_017.png,Sasha_v70_017.png,work/frames_raw/Sasha_v70/Sasha_v70_017.png,2160,3840,8294400,0.5625,1.914,71.809,111.164,PASS
18,2,2.0,2.0,56.52,60.87,11,STEP2_TECHNICAL_METRICS,Sasha_v70/Sasha_v70_018.png,2160,3840,1.939,79.865,98.815,41.662,0.042,0.0,114.0,2678753,10.1,8.32,1741,ok,,Sasha_v70,Sasha_v70/Sasha_v70_018.png,Sasha_v70_018.png,work/frames_raw/Sasha_v70/Sasha_v70_018.png,2160,3840,8294400,0.5625,1.939,79.865,98.815,PASS
19,2,2.0,2.0,21.74,30.43,18,STEP2_TECHNICAL_METRICS,Sasha_v70/Sasha_v70_019.png,2160,3840,1.691,64.501,103.932,43.828,0.026,0.0,117.0,2420512,6.27,5.14,1804,ok,,Sasha_v70,Sasha_v70/Sasha_v70_019.png,Sasha_v70_019.png,work/frames_raw/Sasha_v70/Sasha_v70_019.png,2160,3840,8294400,0.5625,1.691,64.501,103.932,PASS
20,2,2.0,2.0,17.39,21.74,19,STEP2_TECHNICAL_METRICS,Sasha_v70/Sasha_v70_020.png,2160,3840,1.677,62.252,107.123,49.587,0.041,0.0,133.0,2315400,6.03,4.56,1808,ok,,Sasha_v70,Sasha_v70/Sasha_v70_020.png,Sasha_v70_020.png,work/frames_raw/Sasha_v70/Sasha_v70_020.png,2160,3840,8294400,0.5625,1.677,62.252,107.123,PASS
21,2,2.0,2.0,13.04,17.39,21,STEP2_TECHNICAL_METRICS,Sasha_v70/Sasha_v70_021.png,2160,3840,1.652,55.848,107.274,48.138,0.025,0.001,127.0,2260780,5.56,3.5,1819,ok,,Sasha_v70,Sasha_v70/Sasha_v70_021.png,Sasha_v70_021.png,work/frames_raw/Sasha_v70/Sasha_v70_021.png,2160,3840,8294400,0.5625,1.652,55.848,107.274,PASS
22,2,2.0,2.0,73.91,78.26,6,STEP2_TECHNICAL_METRICS,Sasha_v70/Sasha_v70_022.png,2160,3840,2.38,104.728,124.066,59.641,0.051,0.001,149.0,3426170,19.59,13.19,1582,ok,,Sasha_v70,Sasha_v70/Sasha_v70_022.png,Sasha_v70_022.png,work/frames_raw/Sasha_v70/Sasha_v70_022.png,2160,3840,8294400,0.5625,2.38,104.728,124.066,PASS
23,2,2.0,2.0,78.26,73.91,7,STEP2_TECHNICAL_METRICS,Sasha_v70/Sasha_v70_023.png,2160,3840,2.441,94.636,133.803,67.598,0.071,0.038,178.0,3435617,21.51,11.55,1579,ok,,Sasha_v70,Sasha_v70/Sasha_v70_023.png,Sasha_v70_023.png,work/frames_raw/Sasha_v70/Sasha_v70_023.png,2160,3840,8294400,0.5625,2.441,94.636,133.803,PASS
24,2,2.0,2.0,65.22,56.52,10,STEP2_TECHNICAL_METRICS,Sasha_v70/Sasha_v70_024.png,2160,3840,2.011,78.934,107.856,55.589,0.082,0.041,142.0,2701631,11.53,8.26,1719,ok,,Sasha_v70,Sasha_v70/Sasha_v70_024.png,Sasha_v70_024.png,work/frames_raw/Sasha_v70/Sasha_v70_024.png,2160,3840,8294400,0.5625,2.011,78.934,107.856,PASS
1,2,2.0,2.0,46.43,20.69,22,STEP2_TECHNICAL_METRICS,Sasha_v71/Sasha_v71_001.png,2160,3840,1.929,84.764,120.993,49.863,0.023,0.002,135.0,2684725,9.86,9.16,1730,ok,,Sasha_v71,Sasha_v71/Sasha_v71_001.png,Sasha_v71_001.png,work/frames_raw/Sasha_v71/Sasha_v71_001.png,2160,3840,8294400,0.5625,1.929,84.764,120.993,PASS
2,2,2.0,2.0,96.43,13.79,15,STEP2_TECHNICAL_METRICS,Sasha_v71/Sasha_v71_002.png,2160,3840,2.126,84.193,113.395,41.866,0.01,0.0,106.0,3024753,14.04,9.0,1678,ok,,Sasha_v71,Sasha_v71/Sasha_v71_002.png,Sasha_v71_002.png,work/frames_raw/Sasha_v71/Sasha_v71_002.png,2160,3840,8294400,0.5625,2.126,84.193,113.395,PASS
3,2,2.0,2.0,82.14,62.07,5,STEP2_TECHNICAL_METRICS,Sasha_v71/Sasha_v71_003.png,2160,3840,2.026,89.679,96.571,35.532,0.049,0.0,97.0,2697312,11.83,10.54,1685,ok,,Sasha_v71,Sasha_v71/Sasha_v71_003.png,Sasha_v71_003.png,work/frames_raw/Sasha_v71/Sasha_v71_003.png,2160,3840,8294400,0.5625,2.026,89.679,96.571,PASS
4,2,2.0,2.0,42.86,48.28,16,STEP2_TECHNICAL_METRICS,Sasha_v71/Sasha_v71_004.png,2160,3840,1.921,88.945,92.794,31.908,0.041,0.0,77.0,2598057,9.68,10.28,1718,ok,,Sasha_v71,Sasha_v71/Sasha_v71_004.png,Sasha_v71_004.png,work/frames_raw/Sasha_v71/Sasha_v71_004.png,2160,3840,8294400,0.5625,1.921,88.945,92.794,PASS
5,2,2.0,2.0,50.0,68.97,13,STEP2_TECHNICAL_METRICS,Sasha_v71/Sasha_v71_005.png,2160,3840,1.93,91.05,90.27,29.033,0.051,0.0,67.0,2585689,9.92,10.91,1706,ok,,Sasha_v71,Sasha_v71/Sasha_v71_005.png,Sasha_v71_005.png,work/frames_raw/Sasha_v71/Sasha_v71_005.png,2160,3840,8294400,0.5625,1.93,91.05,90.27,PASS
6,2,2.0,2.0,64.29,79.31,6,STEP2_TECHNICAL_METRICS,Sasha_v71/Sasha_v71_006.png,2160,3840,1.955,94.874,86.702,28.031,0.06,0.0,60.0,2496165,10.45,11.65,1692,ok,,Sasha_v71,Sasha_v71/Sasha_v71_006.png,Sasha_v71_006.png,work/frames_raw/Sasha_v71/Sasha_v71_006.png,2160,3840,8294400,0.5625,1.955,94.874,86.702,PASS
7,2,2.0,2.0,71.43,93.1,4,STEP2_TECHNICAL_METRICS,Sasha_v71/Sasha_v71_007.png,2160,3840,1.986,99.522,89.243,29.802,0.069,0.0,65.0,2637407,10.93,12.39,1673,ok,,Sasha_v71,Sasha_v71/Sasha_v71_007.png,Sasha_v71_007.png,work/frames_raw/Sasha_v71/Sasha_v71_007.png,2160,3840,8294400,0.5625,1.986,99.522,89.243,PASS
8,2,2.0,2.0,57.14,75.86,9,STEP2_TECHNICAL_METRICS,Sasha_v71/Sasha_v71_008.png,2160,3840,1.945,92.598,88.865,31.64,0.074,0.0,69.0,2555890,10.22,11.12,1699,ok,,Sasha_v71,Sasha_v71/Sasha_v71_008.png,Sasha_v71_008.png,work/frames_raw/Sasha_v71/Sasha_v71_008.png,2160,3840,8294400,0.5625,1.945,92.598,88.865,PASS
9,2,2.0,2.0,32.14,51.72,19,STEP2_TECHNICAL_METRICS,Sasha_v71/Sasha_v71_009.png,2160,3840,1.908,88.982,89.75,30.011,0.059,0.0,65.0,2614409,9.26,10.33,1722,ok,,Sasha_v71,Sasha_v71/Sasha_v71_009.png,Sasha_v71_009.png,work/frames_raw/Sasha_v71/Sasha_v71_009.png,2160,3840,8294400,0.5625,1.908,88.982,89.75,PASS
10,2,2.0,2.0,35.71,10.34,26,STEP2_TECHNICAL_METRICS,Sasha_v71/Sasha_v71_010.png,2160,3840,1.912,83.722,89.189,28.392,0.051,0.0,59.0,2545405,9.38,8.9,1743,ok,,Sasha_v71,Sasha_v71/Sasha_v71_010.png,Sasha_v71_010.png,work/frames_raw/Sasha_v71/Sasha_v71_010.png,2160,3840,8294400,0.5625,1.912,83.722,89.189,PASS
11,2,2.0,2.0,53.57,58.62,14,STEP2_TECHNICAL_METRICS,Sasha_v71/Sasha_v71_011.png,2160,3840,1.94,89.543,89.075,28.574,0.058,0.0,60.0,2610713,10.16,10.49,1709,ok,,Sasha_v71,Sasha_v71/Sasha_v71_011.png,Sasha_v71_011.png,work/frames_raw/Sasha_v71/Sasha_v71_011.png,2160,3840,8294400,0.5625,1.94,89.543,89.075,PASS
12,2,2.0,2.0,67.86,17.24,18,STEP2_TECHNICAL_METRICS,Sasha_v71/Sasha_v71_012.png,2160,3840,1.959,84.57,91.942,29.15,0.049,0.0,67.0,2606530,10.57,9.11,1720,ok,,Sasha_v71,Sasha_v71/Sasha_v71_012.png,Sasha_v71_012.png,work/frames_raw/Sasha_v71/Sasha_v71_012.png,2160,3840,8294400,0.5625,1.959,84.57,91.942,PASS
13,2,2.0,2.0,100.0,86.21,2,STEP2_TECHNICAL_METRICS,Sasha_v71/Sasha_v71_013.png,2160,3840,2.138,97.55,90.73,30.122,0.053,0.0,66.0,2930506,14.22,12.18,1638,ok,,Sasha_v71,Sasha_v71/Sasha_v71_013.png,Sasha_v71_013.png,work/frames_raw/Sasha_v71/Sasha_v71_013.png,2160,3840,8294400,0.5625,2.138,97.55,90.73,PASS
14,2,2.0,2.0,89.29,37.93,11,STEP2_TECHNICAL_METRICS,Sasha_v71/Sasha_v71_014.png,2160,3840,2.06,87.433,90.999,29.86,0.051,0.0,66.0,2777051,12.54,9.75,1687,ok,,Sasha_v71,Sasha_v71/Sasha_v71_014.png,Sasha_v71_014.png,work/frames_raw/Sasha_v71/Sasha_v71_014.png,2160,3840,8294400,0.5625,2.06,87.433,90.999,PASS
15,2,2.0,2.0,60.71,72.41,8,STEP2_TECHNICAL_METRICS,Sasha_v71/Sasha_v71_015.png,2160,3840,1.946,91.306,91.911,28.075,0.037,0.0,60.0,2606295,10.27,10.96,1700,ok,,Sasha_v71,Sasha_v71/Sasha_v71_015.png,Sasha_v71_015.png,work/frames_raw/Sasha_v71/Sasha_v71_015.png,2160,3840,8294400,0.5625,1.946,91.306,91.911,PASS
16,2,2.0,2.0,78.57,44.83,12,STEP2_TECHNICAL_METRICS,Sasha_v71/Sasha_v71_016.png,2160,3840,1.994,87.837,92.817,28.928,0.039,0.0,62.0,2628527,11.05,9.85,1704,ok,,Sasha_v71,Sasha_v71/Sasha_v71_016.png,Sasha_v71_016.png,work/frames_raw/Sasha_v71/Sasha_v71_016.png,2160,3840,8294400,0.5625,1.994,87.837,92.817,PASS
17,2,2.0,2.0,7.14,24.14,28,STEP2_TECHNICAL_METRICS,Sasha_v71/Sasha_v71_017.png,2160,3840,1.764,85.507,94.613,31.416,0.04,0.0,71.0,2365777,7.65,9.32,1756,ok,,Sasha_v71,Sasha_v71/Sasha_v71_017.png,Sasha_v71_017.png,work/frames_raw/Sasha_v71/Sasha_v71_017.png,2160,3840,8294400,0.5625,1.764,85.507,94.613,PASS
18,2,2.0,2.0,39.29,89.66,10,STEP2_TECHNICAL_METRICS,Sasha_v71/Sasha_v71_018.png,2160,3840,1.917,98.623,95.099,31.876,0.041,0.0,73.0,2566271,9.56,12.29,1696,ok,,Sasha_v71,Sasha_v71/Sasha_v71_018.png,Sasha_v71_018.png,work/frames_raw/Sasha_v71/Sasha_v71_018.png,2160,3840,8294400,0.5625,1.917,98.623,95.099,PASS
19,2,2.0,2.0,25.0,31.03,24,STEP2_TECHNICAL_METRICS,Sasha_v71/Sasha_v71_019.png,2160,3840,1.867,87.012,96.566,31.537,0.039,0.0,77.0,2582411,8.66,9.64,1742,ok,,Sasha_v71,Sasha_v71/Sasha_v71_019.png,Sasha_v71_019.png,work/frames_raw/Sasha_v71/Sasha_v71_019.png,2160,3840,8294400,0.5625,1.867,87.012,96.566,PASS
20,2,2.0,2.0,85.71,96.55,3,STEP2_TECHNICAL_METRICS,Sasha_v71/Sasha_v71_020.png,2160,3840,2.05,99.661,92.689,33.012,0.053,0.0,74.0,2702631,12.31,12.45,1659,ok,,Sasha_v71,Sasha_v71/Sasha_v71_020.png,Sasha_v71_020.png,work/frames_raw/Sasha_v71/Sasha_v71_020.png,2160,3840,8294400,0.5625,2.05,99.661,92.689,PASS
21,2,2.0,2.0,28.57,27.59,23,STEP2_TECHNICAL_METRICS,Sasha_v71/Sasha_v71_021.png,2160,3840,1.904,86.066,91.48,28.968,0.038,0.0,61.0,2547401,9.2,9.43,1737,ok,,Sasha_v71,Sasha_v71/Sasha_v71_021.png,Sasha_v71_021.png,work/frames_raw/Sasha_v71/Sasha_v71_021.png,2160,3840,8294400,0.5625,1.904,86.066,91.48,PASS
22,2,2.0,2.0,21.43,65.52,17,STEP2_TECHNICAL_METRICS,Sasha_v71/Sasha_v71_022.png,2160,3840,1.859,90.075,92.367,31.416,0.046,0.0,65.0,2420233,8.6,10.65,1727,ok,,Sasha_v71,Sasha_v71/Sasha_v71_022.png,Sasha_v71_022.png,work/frames_raw/Sasha_v71/Sasha_v71_022.png,2160,3840,8294400,0.5625,1.859,90.075,92.367,PASS
23,2,2.0,2.0,0.0,34.48,27,STEP2_TECHNICAL_METRICS,Sasha_v71/Sasha_v71_023.png,2160,3840,1.728,87.34,91.771,30.267,0.041,0.0,64.0,2368014,6.93,9.69,1758,ok,,Sasha_v71,Sasha_v71/Sasha_v71_023.png,Sasha_v71_023.png,work/frames_raw/Sasha_v71/Sasha_v71_023.png,2160,3840,8294400,0.5625,1.728,87.34,91.771,PASS
24,2,2.0,2.0,17.86,55.17,21,STEP2_TECHNICAL_METRICS,Sasha_v71/Sasha_v71_024.png,2160,3840,1.843,89.247,95.249,30.177,0.034,0.0,66.0,2512310,8.42,10.43,1734,ok,,Sasha_v71,Sasha_v71/Sasha_v71_024.png,Sasha_v71_024.png,work/frames_raw/Sasha_v71/Sasha_v71_024.png,2160,3840,8294400,0.5625,1.843,89.247,95.249,PASS
25,2,2.0,2.0,57.14,82.76,7,STEP2_TECHNICAL_METRICS,Sasha_v71/Sasha_v71_025.png,2160,3840,1.945,96.576,95.799,31.041,0.033,0.0,69.0,2719661,10.22,11.97,1689,ok,,Sasha_v71,Sasha_v71/Sasha_v71_025.png,Sasha_v71_025.png,work/frames_raw/Sasha_v71/Sasha_v71_025.png,2160,3840,8294400,0.5625,1.945,96.576,95.799,PASS
26,2,2.0,2.0,14.29,41.38,25,STEP2_TECHNICAL_METRICS,Sasha_v71/Sasha_v71_026.png,2160,3840,1.823,87.58,102.095,38.681,0.027,0.0,100.0,2532096,8.18,9.8,1747,ok,,Sasha_v71,Sasha_v71/Sasha_v71_026.png,Sasha_v71_026.png,work/frames_raw/Sasha_v71/Sasha_v71_026.png,2160,3840,8294400,0.5625,1.823,87.58,102.095,PASS
27,2,2.0,2.0,92.86,100.0,1,STEP2_TECHNICAL_METRICS,Sasha_v71/Sasha_v71_027.png,2160,3840,2.099,104.014,105.052,44.162,0.029,0.0,115.0,2983186,13.26,12.98,1642,ok,,Sasha_v71,Sasha_v71/Sasha_v71_027.png,Sasha_v71_027.png,work/frames_raw/Sasha_v71/Sasha_v71_027.png,2160,3840,8294400,0.5625,2.099,104.014,105.052,PASS
28,2,2.0,2.0,75.0,6.9,20,STEP2_TECHNICAL_METRICS,Sasha_v71/Sasha_v71_028.png,2160,3840,1.992,80.82,106.809,46.649,0.036,0.0,123.0,2835450,10.99,8.58,1724,ok,,Sasha_v71,Sasha_v71/Sasha_v71_028.png,Sasha_v71_028.png,work/frames_raw/Sasha_v71/Sasha_v71_028.png,2160,3840,8294400,0.5625,1.992,80.82,106.809,PASS
29,2,2.0,2.0,10.71,3.45,29,STEP2_TECHNICAL_METRICS,Sasha_v71/Sasha_v71_029.png,2160,3840,1.779,69.884,111.225,51.236,0.041,0.001,134.0,2500925,7.89,6.3,1781,ok,,Sasha_v71,Sasha_v71/Sasha_v71_029.png,Sasha_v71_029.png,work/frames_raw/Sasha_v71/Sasha_v71_029.png,2160,3840,8294400,0.5625,1.779,69.884,111.225,PASS
30,2,2.0,2.0,3.57,0.0,30,STEP2_TECHNICAL_METRICS,Sasha_v71/Sasha_v71_030.png,2160,3840,1.758,68.515,109.626,53.383,0.055,0.0,138.0,2411567,7.41,6.09,1786,ok,,Sasha_v71,Sasha_v71/Sasha_v71_030.png,Sasha_v71_030.png,work/frames_raw/Sasha_v71/Sasha_v71_030.png,2160,3840,8294400,0.5625,1.758,68.515,109.626,PASS
