step_name,final_filename,original_filename,frame_id,source_path,original_source_path,image_sha256,packaging_image_sha256,dataset_generation_id,step8_review_session_id,packaging_input_kind,shot_type,pose_bucket,width,height,aligned_width,aligned_height,restoration_status,clothing_desc,hair_desc,expression_desc,bg_desc,lighting_desc,flux_caption,tags_caption,v1_path,v1_image_sha256,raw_vlm_output,truncated,final_caption,vlm_attributes,omitted_attributes,model_id,model_dir,model_index_sha256,prompt_sha256,generation_settings,review_state,caption_format
STEP10_PACKAGING,sasha_rh_01.png,スクリーンショット 2026-09-30 110631.png,Sash_high_identity-img/スクリーンショット 2026-09-30 110631.png,C:\Users\maruk\Documents\Genelate_img\Sasha_re_codex\real_human_lora\work\frames_raw\Sash_high_identity-img\スクリーンショット 2026-09-30 110631.png,C:\Users\maruk\Documents\Genelate_img\Sasha_re_codex\real_human_lora\work\frames_raw\Sash_high_identity-img\スクリーンショット 2026-09-30 110631.png,6ffe9d03f9da2515801fad6dfb9f8cf045d65c4b9afff09930e42745a586d558,6ffe9d03f9da2515801fad6dfb9f8cf045d65c4b9afff09930e42745a586d558,b09674fe16b281285380bd5ae7c3d3585b2f787347d7672c74dd053bbbc968c4,0aee90574e714fb5b6d50709136243fa,STEP8_ORIGINAL,UPPER_BODY,LEFT_PROFILE,1440,1858,1440,1856,SKIPPED_NOT_NEEDED,wearing an oversized comfortable hoodie,hair tied up in a neat ponytail,serious focused expression,studio environment with neutral clean background,clean professional studio lighting,"upper body portrait of sasha_rh, a young woman, in full left side profile view, serious focused expression, wearing an oversized comfortable hoodie, hair tied up in a neat ponytail, studio environment with neutral clean background, clean professional studio lighting, high detail, authentic raw skin texture, 8k photo","sasha_rh, 1girl, solo, upper body, left profile, serious focused expression, wearing an oversized comfortable hoodie, hair tied up in a neat ponytail, studio environment with neutral clean background, clean professional studio lighting, photorealistic",C:\Users\maruk\Documents\Genelate_img\Sasha_re_codex\real_human_lora\output\dataset_flux\sasha_rh_01.png,7fcd24bae32d83530ce7db1d6d62e0e0b8a50bd504a1699618cb209be2a7e81b,"{
  ""shot"": ""profile"",
  ""pose"": ""side view"",
  ""clothing"": ""pink hoodie with text print"",
  ""hair_style"": ""long straight hair"",
  ""background"": ""indoor with window and shelves"",
  ""lighting"": ""bright"",
  ""expression"": ""neutral""
}",False,"sasha_rh. A woman is shown in profile, wearing a pink hoodie with text print, with long straight hair and a neutral expression. The setting is indoors with window and shelves, with bright lighting.","{""shot"": ""profile"", ""pose"": ""side view"", ""clothing"": ""pink hoodie with text print"", ""hair_style"": ""long straight hair"", ""background"": ""indoor with window and shelves"", ""lighting"": ""bright"", ""expression"": ""neutral""}","{""shot"": ""NOT_A_CLEAR_FRAMING_ATTRIBUTE""}",Qwen/Qwen3-VL-8B-Instruct,C:\Users\maruk\Documents\makeLora\caption_vl,520b2e05079402e9468a8701d03d1154d14b2599593afb6effa7fb60c1bff070,12ae9d3ebe9f45fe6b6be2b0f3eabd489f6e52632c0f1367b6ae20454c0fd7f8,"{""do_sample"": false, ""dtype"": ""bf16"", ""max_pixels"": 786432, ""max_new_tokens"": 512}",PENDING_HUMAN_REVIEW,natural_sentence_v1
STEP10_PACKAGING,sasha_rh_02.png,スクリーンショット 2026-09-30 105042.png,Sash_high_identity-img/スクリーンショット 2026-09-30 105042.png,C:\Users\maruk\Documents\Genelate_img\Sasha_re_codex\real_human_lora\work\frames_raw\Sash_high_identity-img\スクリーンショット 2026-09-30 105042.png,C:\Users\maruk\Documents\Genelate_img\Sasha_re_codex\real_human_lora\work\frames_raw\Sash_high_identity-img\スクリーンショット 2026-09-30 105042.png,b00b7424e495a3008ed527dad58967eb5ec58d47c7126c9388c29d4821b1a608,b00b7424e495a3008ed527dad58967eb5ec58d47c7126c9388c29d4821b1a608,b09674fe16b281285380bd5ae7c3d3585b2f787347d7672c74dd053bbbc968c4,0aee90574e714fb5b6d50709136243fa,STEP8_ORIGINAL,UPPER_BODY,RIGHT_3Q,1440,2094,1440,2096,SKIPPED_NOT_NEEDED,wearing a casual white t-shirt,wavy brunette hair with natural texture,gentle warm smile looking at camera,studio environment with neutral clean background,bright airy window light,"upper body portrait of sasha_rh, a young woman, turned slightly in three-quarter view to the right, gentle warm smile looking at camera, wearing a casual white t-shirt, wavy brunette hair with natural texture, studio environment with neutral clean background, bright airy window light, high detail, authentic raw skin texture, 8k photo","sasha_rh, 1girl, solo, upper body, right 3q, gentle warm smile looking at camera, wearing a casual white t-shirt, wavy brunette hair with natural texture, studio environment with neutral clean background, bright airy window light, photorealistic",C:\Users\maruk\Documents\Genelate_img\Sasha_re_codex\real_human_lora\output\dataset_flux\sasha_rh_02.png,c7395e5774885cf89df34db554b1291583fe324840c52cd62ed63778644cfcfa,"{
  ""shot"": ""medium"",
  ""pose"": ""front-facing"",
  ""clothing"": ""white dress with puffy sleeves"",
  ""hair_style"": ""hair in two braids"",
  ""background"": ""indoor with tent and wooden floor"",
  ""lighting"": ""soft"",
  ""expression"": ""neutral""
}",False,"sasha_rh. A woman is facing forward in a medium shot, wearing a white dress with puffy sleeves, with hair in two braids and a neutral expression. The setting is indoors with tent and wooden floor, with soft lighting.","{""shot"": ""medium"", ""pose"": ""front-facing"", ""clothing"": ""white dress with puffy sleeves"", ""hair_style"": ""hair in two braids"", ""background"": ""indoor with tent and wooden floor"", ""lighting"": ""soft"", ""expression"": ""neutral""}",{},Qwen/Qwen3-VL-8B-Instruct,C:\Users\maruk\Documents\makeLora\caption_vl,520b2e05079402e9468a8701d03d1154d14b2599593afb6effa7fb60c1bff070,12ae9d3ebe9f45fe6b6be2b0f3eabd489f6e52632c0f1367b6ae20454c0fd7f8,"{""do_sample"": false, ""dtype"": ""bf16"", ""max_pixels"": 786432, ""max_new_tokens"": 512}",PENDING_HUMAN_REVIEW,natural_sentence_v1
STEP10_PACKAGING,sasha_rh_03.png,652794808_18008722232838431_6335316425841053458_n.jpg,Sash_high_identity-img/652794808_18008722232838431_6335316425841053458_n.jpg,C:\Users\maruk\Documents\Genelate_img\Sasha_re_codex\real_human_lora\work\frames_raw\Sash_high_identity-img\652794808_18008722232838431_6335316425841053458_n.jpg,C:\Users\maruk\Documents\Genelate_img\Sasha_re_codex\real_human_lora\work\frames_raw\Sash_high_identity-img\652794808_18008722232838431_6335316425841053458_n.jpg,7e79954866df79ee93eb2603785c36d6dc37308bb7965c8f72d004fc1da683f1,7e79954866df79ee93eb2603785c36d6dc37308bb7965c8f72d004fc1da683f1,b09674fe16b281285380bd5ae7c3d3585b2f787347d7672c74dd053bbbc968c4,0aee90574e714fb5b6d50709136243fa,STEP8_ORIGINAL,CLOSE_UP,FRONT,1440,1800,1440,1808,SKIPPED_NOT_NEEDED,wearing a warm knitted sweater,natural textured hair,calm neutral expression with soft gaze,studio environment with neutral clean background,clean professional studio lighting,"extreme close-up portrait of sasha_rh, a young woman, facing forward towards camera, calm neutral expression with soft gaze, wearing a warm knitted sweater, natural textured hair, studio environment with neutral clean background, clean professional studio lighting, high detail, authentic raw skin texture, 8k photo","sasha_rh, 1girl, solo, close up, front, calm neutral expression with soft gaze, wearing a warm knitted sweater, natural textured hair, studio environment with neutral clean background, clean professional studio lighting, photorealistic",C:\Users\maruk\Documents\Genelate_img\Sasha_re_codex\real_human_lora\output\dataset_flux\sasha_rh_03.png,65c197711b6cf3d00a6da9ec69c6d66aff4f92aedd486c5bbb870505f9baff89,"{
  ""shot"": ""head and shoulders"",
  ""pose"": ""facing front"",
  ""clothing"": ""white knit sweater"",
  ""hair_style"": ""hair in pigtails"",
  ""background"": ""white"",
  ""lighting"": ""even"",
  ""expression"": ""neutral""
}",False,"sasha_rh. A woman is facing forward in a head-and-shoulders shot, wearing a white knit sweater, with hair in pigtails and a neutral expression. The background is white, with even lighting.","{""shot"": ""head and shoulders"", ""pose"": ""facing front"", ""clothing"": ""white knit sweater"", ""hair_style"": ""hair in pigtails"", ""background"": ""white"", ""lighting"": ""even"", ""expression"": ""neutral""}",{},Qwen/Qwen3-VL-8B-Instruct,C:\Users\maruk\Documents\makeLora\caption_vl,520b2e05079402e9468a8701d03d1154d14b2599593afb6effa7fb60c1bff070,12ae9d3ebe9f45fe6b6be2b0f3eabd489f6e52632c0f1367b6ae20454c0fd7f8,"{""do_sample"": false, ""dtype"": ""bf16"", ""max_pixels"": 786432, ""max_new_tokens"": 512}",PENDING_HUMAN_REVIEW,natural_sentence_v1
STEP10_PACKAGING,sasha_rh_04.png,スクリーンショット 2026-09-30 111838.png,Sash_high_identity-img/スクリーンショット 2026-09-30 111838.png,C:\Users\maruk\Documents\Genelate_img\Sasha_re_codex\real_human_lora\work\frames_raw\Sash_high_identity-img\スクリーンショット 2026-09-30 111838.png,C:\Users\maruk\Documents\Genelate_img\Sasha_re_codex\real_human_lora\work\frames_raw\Sash_high_identity-img\スクリーンショット 2026-09-30 111838.png,8ad01e4df7a74e7d3c853f1976fff086c8607af47f79d8bf0c4212b7f367932a,8ad01e4df7a74e7d3c853f1976fff086c8607af47f79d8bf0c4212b7f367932a,b09674fe16b281285380bd5ae7c3d3585b2f787347d7672c74dd053bbbc968c4,0aee90574e714fb5b6d50709136243fa,STEP8_ORIGINAL,FULL_BODY,LEFT_3Q,1440,1940,1440,1936,SKIPPED_NOT_NEEDED,wearing a floral summer dress,long dark hair falling over shoulders,calm neutral expression with soft gaze,sunlit room with window shadows in background,bright airy window light,"full body wide shot of sasha_rh, a young woman, turned slightly in three-quarter view to the left, calm neutral expression with soft gaze, wearing a floral summer dress, long dark hair falling over shoulders, sunlit room with window shadows in background, bright airy window light, high detail, authentic raw skin texture, 8k photo","sasha_rh, 1girl, solo, full body, left 3q, calm neutral expression with soft gaze, wearing a floral summer dress, long dark hair falling over shoulders, sunlit room with window shadows in background, bright airy window light, photorealistic",C:\Users\maruk\Documents\Genelate_img\Sasha_re_codex\real_human_lora\output\dataset_flux\sasha_rh_04.png,38e52edfb79a7ddef5eafd1f9e3c387d18e98ee32d627b554ffc2c791ee95fd1,"{
  ""shot"": ""full body"",
  ""pose"": ""sitting, hands raised near face"",
  ""clothing"": ""pink and cream lace dress with ruffles and ribbon bow"",
  ""hair_style"": ""long hair"",
  ""background"": ""inflatable cake chair, balloons"",
  ""lighting"": ""soft"",
  ""expression"": ""surprised""
}",False,"sasha_rh. A woman is shown in a full-body shot, wearing a pink and cream lace dress with ruffles and ribbon bow, with long hair and a surprised expression. The background is inflatable cake chair, balloons, with soft lighting.","{""shot"": ""full body"", ""pose"": ""sitting, hands raised near face"", ""clothing"": ""pink and cream lace dress with ruffles and ribbon bow"", ""hair_style"": ""long hair"", ""background"": ""inflatable cake chair, balloons"", ""lighting"": ""soft"", ""expression"": ""surprised""}","{""pose"": ""PROHIBITED_CONTENT""}",Qwen/Qwen3-VL-8B-Instruct,C:\Users\maruk\Documents\makeLora\caption_vl,520b2e05079402e9468a8701d03d1154d14b2599593afb6effa7fb60c1bff070,12ae9d3ebe9f45fe6b6be2b0f3eabd489f6e52632c0f1367b6ae20454c0fd7f8,"{""do_sample"": false, ""dtype"": ""bf16"", ""max_pixels"": 786432, ""max_new_tokens"": 512}",PENDING_HUMAN_REVIEW,natural_sentence_v1
STEP10_PACKAGING,sasha_rh_05.png,スクリーンショット 2026-09-30 105148.png,Sash_high_identity-img/スクリーンショット 2026-09-30 105148.png,C:\Users\maruk\Documents\Genelate_img\Sasha_re_codex\real_human_lora\work\frames_raw\Sash_high_identity-img\スクリーンショット 2026-09-30 105148.png,C:\Users\maruk\Documents\Genelate_img\Sasha_re_codex\real_human_lora\work\frames_raw\Sash_high_identity-img\スクリーンショット 2026-09-30 105148.png,42d1c0835c99d8c65838be3837379c1b787341efd5be8282aa94540a17ba85a5,42d1c0835c99d8c65838be3837379c1b787341efd5be8282aa94540a17ba85a5,b09674fe16b281285380bd5ae7c3d3585b2f787347d7672c74dd053bbbc968c4,0aee90574e714fb5b6d50709136243fa,STEP8_ORIGINAL,UPPER_BODY,RIGHT_3Q,1440,2412,1440,2416,SKIPPED_NOT_NEEDED,wearing a casual white t-shirt,wavy brunette hair with natural texture,calm neutral expression with soft gaze,studio environment with neutral clean background,bright airy window light,"upper body portrait of sasha_rh, a young woman, turned slightly in three-quarter view to the right, calm neutral expression with soft gaze, wearing a casual white t-shirt, wavy brunette hair with natural texture, studio environment with neutral clean background, bright airy window light, high detail, authentic raw skin texture, 8k photo","sasha_rh, 1girl, solo, upper body, right 3q, calm neutral expression with soft gaze, wearing a casual white t-shirt, wavy brunette hair with natural texture, studio environment with neutral clean background, bright airy window light, photorealistic",C:\Users\maruk\Documents\Genelate_img\Sasha_re_codex\real_human_lora\output\dataset_flux\sasha_rh_05.png,b60a814bf06b1b17c35a43cbcc8377c73be2b5f39e52b269d9783c45e29879ae,"{
  ""shot"": ""medium"",
  ""pose"": ""frontal"",
  ""clothing"": ""white dress with puffy sleeves"",
  ""hair_style"": ""hair in two braids"",
  ""background"": ""indoor with wooden floor and fabric backdrop"",
  ""lighting"": ""soft"",
  ""expression"": ""neutral""
}",False,"sasha_rh. A woman is facing forward in a medium shot, wearing a white dress with puffy sleeves, with hair in two braids and a neutral expression. The setting is indoors with wooden floor and fabric backdrop, with soft lighting.","{""shot"": ""medium"", ""pose"": ""frontal"", ""clothing"": ""white dress with puffy sleeves"", ""hair_style"": ""hair in two braids"", ""background"": ""indoor with wooden floor and fabric backdrop"", ""lighting"": ""soft"", ""expression"": ""neutral""}",{},Qwen/Qwen3-VL-8B-Instruct,C:\Users\maruk\Documents\makeLora\caption_vl,520b2e05079402e9468a8701d03d1154d14b2599593afb6effa7fb60c1bff070,12ae9d3ebe9f45fe6b6be2b0f3eabd489f6e52632c0f1367b6ae20454c0fd7f8,"{""do_sample"": false, ""dtype"": ""bf16"", ""max_pixels"": 786432, ""max_new_tokens"": 512}",PENDING_HUMAN_REVIEW,natural_sentence_v1
STEP10_PACKAGING,sasha_rh_06.png,SaveTik.co_7543503138088537379_2.jpeg,Sash_high_identity-img/SaveTik.co_7543503138088537379_2.jpeg,C:\Users\maruk\Documents\Genelate_img\Sasha_re_codex\real_human_lora\work\frames_raw\Sash_high_identity-img\SaveTik.co_7543503138088537379_2.jpeg,C:\Users\maruk\Documents\Genelate_img\Sasha_re_codex\real_human_lora\work\frames_raw\Sash_high_identity-img\SaveTik.co_7543503138088537379_2.jpeg,eec26220770cc91fb2d77dc2718a6f4c6752ccb07e02fe03b31dab942f3c9094,eec26220770cc91fb2d77dc2718a6f4c6752ccb07e02fe03b31dab942f3c9094,b09674fe16b281285380bd5ae7c3d3585b2f787347d7672c74dd053bbbc968c4,0aee90574e714fb5b6d50709136243fa,STEP8_ORIGINAL,FULL_BODY,FRONT,1440,1920,1440,1920,SKIPPED_NOT_NEEDED,wearing a casual white t-shirt,hair tied up in a neat ponytail,gentle warm smile looking at camera,studio environment with neutral clean background,clean professional studio lighting,"full body wide shot of sasha_rh, a young woman, facing forward towards camera, gentle warm smile looking at camera, wearing a casual white t-shirt, hair tied up in a neat ponytail, studio environment with neutral clean background, clean professional studio lighting, high detail, authentic raw skin texture, 8k photo","sasha_rh, 1girl, solo, full body, front, gentle warm smile looking at camera, wearing a casual white t-shirt, hair tied up in a neat ponytail, studio environment with neutral clean background, clean professional studio lighting, photorealistic",C:\Users\maruk\Documents\Genelate_img\Sasha_re_codex\real_human_lora\output\dataset_flux\sasha_rh_06.png,4355e9ce23a44993b49df7a3fea6630125d4892cb37acf75749cae4fe48d2c4e,"{
  ""shot"": ""full body"",
  ""pose"": ""arms outstretched"",
  ""clothing"": ""blue and white striped sleeveless dress with buttons"",
  ""hair_style"": ""hair in a ponytail"",
  ""background"": ""ocean and sky"",
  ""lighting"": ""natural daylight"",
  ""expression"": ""neutral""
}",False,"sasha_rh. A woman is shown in arms outstretched in a full-body shot, wearing a blue and white striped sleeveless dress with buttons, with hair in a ponytail and a neutral expression. The background is ocean and sky, with natural daylight.","{""shot"": ""full body"", ""pose"": ""arms outstretched"", ""clothing"": ""blue and white striped sleeveless dress with buttons"", ""hair_style"": ""hair in a ponytail"", ""background"": ""ocean and sky"", ""lighting"": ""natural daylight"", ""expression"": ""neutral""}",{},Qwen/Qwen3-VL-8B-Instruct,C:\Users\maruk\Documents\makeLora\caption_vl,520b2e05079402e9468a8701d03d1154d14b2599593afb6effa7fb60c1bff070,12ae9d3ebe9f45fe6b6be2b0f3eabd489f6e52632c0f1367b6ae20454c0fd7f8,"{""do_sample"": false, ""dtype"": ""bf16"", ""max_pixels"": 786432, ""max_new_tokens"": 512}",PENDING_HUMAN_REVIEW,natural_sentence_v1
STEP10_PACKAGING,sasha_rh_07.png,654025529_18101141824898533_326058541450589604_n.jpg,Sash_high_identity-img/654025529_18101141824898533_326058541450589604_n.jpg,C:\Users\maruk\Documents\Genelate_img\Sasha_re_codex\real_human_lora\work\frames_raw\Sash_high_identity-img\654025529_18101141824898533_326058541450589604_n.jpg,C:\Users\maruk\Documents\Genelate_img\Sasha_re_codex\real_human_lora\work\frames_raw\Sash_high_identity-img\654025529_18101141824898533_326058541450589604_n.jpg,914f8228e99602a9d71ae2f4f9796ddcc5122a5011fc49b05dd4a079bea8b5b7,914f8228e99602a9d71ae2f4f9796ddcc5122a5011fc49b05dd4a079bea8b5b7,b09674fe16b281285380bd5ae7c3d3585b2f787347d7672c74dd053bbbc968c4,0aee90574e714fb5b6d50709136243fa,STEP8_ORIGINAL,CLOSE_UP,FRONT,1440,1799,1440,1792,SKIPPED_NOT_NEEDED,wearing an elegant black evening dress,natural textured hair,calm neutral expression with soft gaze,studio environment with neutral clean background,clean professional studio lighting,"extreme close-up portrait of sasha_rh, a young woman, facing forward towards camera, calm neutral expression with soft gaze, wearing an elegant black evening dress, natural textured hair, studio environment with neutral clean background, clean professional studio lighting, high detail, authentic raw skin texture, 8k photo","sasha_rh, 1girl, solo, close up, front, calm neutral expression with soft gaze, wearing an elegant black evening dress, natural textured hair, studio environment with neutral clean background, clean professional studio lighting, photorealistic",C:\Users\maruk\Documents\Genelate_img\Sasha_re_codex\real_human_lora\output\dataset_flux\sasha_rh_07.png,2ffe7386add4d55f5bab404f60f9ccfbdec9c2b9f515ec77bac9ef10eca3be30,"{
  ""shot"": ""head and shoulders"",
  ""pose"": ""front-facing"",
  ""clothing"": ""sparkly silver spaghetti strap top"",
  ""hair_style"": ""long hair with white bow"",
  ""background"": ""white"",
  ""lighting"": ""soft"",
  ""expression"": ""neutral""
}",False,"sasha_rh. A woman is facing forward in a head-and-shoulders shot, wearing a sparkly silver spaghetti strap top, with long hair with white bow and a neutral expression. The background is white, with soft lighting.","{""shot"": ""head and shoulders"", ""pose"": ""front-facing"", ""clothing"": ""sparkly silver spaghetti strap top"", ""hair_style"": ""long hair with white bow"", ""background"": ""white"", ""lighting"": ""soft"", ""expression"": ""neutral""}",{},Qwen/Qwen3-VL-8B-Instruct,C:\Users\maruk\Documents\makeLora\caption_vl,520b2e05079402e9468a8701d03d1154d14b2599593afb6effa7fb60c1bff070,12ae9d3ebe9f45fe6b6be2b0f3eabd489f6e52632c0f1367b6ae20454c0fd7f8,"{""do_sample"": false, ""dtype"": ""bf16"", ""max_pixels"": 786432, ""max_new_tokens"": 512}",PENDING_HUMAN_REVIEW,natural_sentence_v1
STEP10_PACKAGING,sasha_rh_08.png,スクリーンショット 2026-09-30 105344.png,Sash_high_identity-img/スクリーンショット 2026-09-30 105344.png,C:\Users\maruk\Documents\Genelate_img\Sasha_re_codex\real_human_lora\work\frames_raw\Sash_high_identity-img\スクリーンショット 2026-09-30 105344.png,C:\Users\maruk\Documents\Genelate_img\Sasha_re_codex\real_human_lora\work\frames_raw\Sash_high_identity-img\スクリーンショット 2026-09-30 105344.png,4dbced93c1e4d05b516c65feef30da7cc9bfa6917f24e4e54927dfdd2e592a85,4dbced93c1e4d05b516c65feef30da7cc9bfa6917f24e4e54927dfdd2e592a85,b09674fe16b281285380bd5ae7c3d3585b2f787347d7672c74dd053bbbc968c4,0aee90574e714fb5b6d50709136243fa,STEP8_ORIGINAL,UPPER_BODY,FRONT,1440,2706,1440,2704,SKIPPED_NOT_NEEDED,wearing a warm knitted sweater,hair tied up in a neat ponytail,calm neutral expression with soft gaze,studio environment with neutral clean background,clean professional studio lighting,"upper body portrait of sasha_rh, a young woman, facing forward towards camera, calm neutral expression with soft gaze, wearing a warm knitted sweater, hair tied up in a neat ponytail, studio environment with neutral clean background, clean professional studio lighting, high detail, authentic raw skin texture, 8k photo","sasha_rh, 1girl, solo, upper body, front, calm neutral expression with soft gaze, wearing a warm knitted sweater, hair tied up in a neat ponytail, studio environment with neutral clean background, clean professional studio lighting, photorealistic",C:\Users\maruk\Documents\Genelate_img\Sasha_re_codex\real_human_lora\output\dataset_flux\sasha_rh_08.png,3ccd07142fcd83ebec1ce6db1ed1cc805f4009af99c1e2a673bf1ecc2c5e26bb,"{
  ""shot"": ""full torso"",
  ""pose"": ""front-facing"",
  ""clothing"": ""pink long-sleeved top with ruffled neckline and small embroidered patch"",
  ""hair_style"": ""long straight hair"",
  ""background"": ""solid light gray"",
  ""lighting"": ""soft even"",
  ""expression"": ""neutral with slight smile""
}",False,"sasha_rh. A woman is facing forward in a full torso, wearing a pink long-sleeved top with ruffled neckline and small embroidered patch, with long straight hair and a neutral with slight smile expression. The background is solid light gray, with soft even lighting.","{""shot"": ""full torso"", ""pose"": ""front-facing"", ""clothing"": ""pink long-sleeved top with ruffled neckline and small embroidered patch"", ""hair_style"": ""long straight hair"", ""background"": ""solid light gray"", ""lighting"": ""soft even"", ""expression"": ""neutral with slight smile""}",{},Qwen/Qwen3-VL-8B-Instruct,C:\Users\maruk\Documents\makeLora\caption_vl,520b2e05079402e9468a8701d03d1154d14b2599593afb6effa7fb60c1bff070,12ae9d3ebe9f45fe6b6be2b0f3eabd489f6e52632c0f1367b6ae20454c0fd7f8,"{""do_sample"": false, ""dtype"": ""bf16"", ""max_pixels"": 786432, ""max_new_tokens"": 512}",PENDING_HUMAN_REVIEW,natural_sentence_v1
STEP10_PACKAGING,sasha_rh_09.png,スクリーンショット 2026-09-30 110644.png,Sash_high_identity-img/スクリーンショット 2026-09-30 110644.png,C:\Users\maruk\Documents\Genelate_img\Sasha_re_codex\real_human_lora\work\frames_raw\Sash_high_identity-img\スクリーンショット 2026-09-30 110644.png,C:\Users\maruk\Documents\Genelate_img\Sasha_re_codex\real_human_lora\work\frames_raw\Sash_high_identity-img\スクリーンショット 2026-09-30 110644.png,c4ddd636159cacc32e7d0fab42fd6069d8c5aba60b930399c5f2d3ea49bf2e5e,c4ddd636159cacc32e7d0fab42fd6069d8c5aba60b930399c5f2d3ea49bf2e5e,b09674fe16b281285380bd5ae7c3d3585b2f787347d7672c74dd053bbbc968c4,0aee90574e714fb5b6d50709136243fa,STEP8_ORIGINAL,CLOSE_UP,LEFT_3Q,1440,2297,1440,2304,SKIPPED_NOT_NEEDED,wearing a warm knitted sweater,wavy brunette hair with natural texture,calm neutral expression with soft gaze,studio environment with neutral clean background,bright airy window light,"extreme close-up portrait of sasha_rh, a young woman, turned slightly in three-quarter view to the left, calm neutral expression with soft gaze, wearing a warm knitted sweater, wavy brunette hair with natural texture, studio environment with neutral clean background, bright airy window light, high detail, authentic raw skin texture, 8k photo","sasha_rh, 1girl, solo, close up, left 3q, calm neutral expression with soft gaze, wearing a warm knitted sweater, wavy brunette hair with natural texture, studio environment with neutral clean background, bright airy window light, photorealistic",C:\Users\maruk\Documents\Genelate_img\Sasha_re_codex\real_human_lora\output\dataset_flux\sasha_rh_09.png,73c45356084d40c33108b01fbefd9a9b9c1b9b0c307468558d82259aabfb2402,"{
  ""shot"": ""close-up"",
  ""pose"": ""looking at camera"",
  ""clothing"": ""black and white striped sweater"",
  ""hair_style"": ""long hair"",
  ""background"": ""flowers"",
  ""lighting"": ""soft"",
  ""expression"": ""neutral""
}",False,"sasha_rh. A woman is looking at camera in a close-up shot, wearing a black and white striped sweater, with long hair and a neutral expression. The background is flowers, with soft lighting.","{""shot"": ""close-up"", ""pose"": ""looking at camera"", ""clothing"": ""black and white striped sweater"", ""hair_style"": ""long hair"", ""background"": ""flowers"", ""lighting"": ""soft"", ""expression"": ""neutral""}",{},Qwen/Qwen3-VL-8B-Instruct,C:\Users\maruk\Documents\makeLora\caption_vl,520b2e05079402e9468a8701d03d1154d14b2599593afb6effa7fb60c1bff070,12ae9d3ebe9f45fe6b6be2b0f3eabd489f6e52632c0f1367b6ae20454c0fd7f8,"{""do_sample"": false, ""dtype"": ""bf16"", ""max_pixels"": 786432, ""max_new_tokens"": 512}",PENDING_HUMAN_REVIEW,natural_sentence_v1
STEP10_PACKAGING,sasha_rh_10.png,Sasha_v23_001.png,Sasha_v23/Sasha_v23_001.png,C:\Users\maruk\Documents\Genelate_img\Sasha_re_codex\real_human_lora\work\frames_raw\Sasha_v23\Sasha_v23_001.png,C:\Users\maruk\Documents\Genelate_img\Sasha_re_codex\real_human_lora\work\frames_raw\Sasha_v23\Sasha_v23_001.png,8d189f91cdfbb280fe60fd325a5f5bc8a4888e2060de851791df8694c7b147b2,8d189f91cdfbb280fe60fd325a5f5bc8a4888e2060de851791df8694c7b147b2,bd72f194f62260fb728b77b26c75c5491b178908bff53393e197c11137bf9a40,0aee90574e714fb5b6d50709136243fa,STEP8_ORIGINAL,UPPER_BODY,LEFT_PROFILE,2160,3840,2160,3840,SKIPPED_NOT_NEEDED,wearing a floral summer dress,hair tied up in a neat ponytail,serious focused expression,studio environment with neutral clean background,soft golden hour sunlight with gentle shadows,"upper body portrait of sasha_rh, a young woman, in full left side profile view, serious focused expression, wearing a floral summer dress, hair tied up in a neat ponytail, studio environment with neutral clean background, soft golden hour sunlight with gentle shadows, high detail, authentic raw skin texture, 8k photo","sasha_rh, 1girl, solo, upper body, left profile, serious focused expression, wearing a floral summer dress, hair tied up in a neat ponytail, studio environment with neutral clean background, soft golden hour sunlight with gentle shadows, photorealistic",C:\Users\maruk\Documents\Genelate_img\Sasha_re_codex\real_human_lora\output\dataset_flux\sasha_rh_10.png,6f675dbeae3c6c517a03ee979eb28f72384fd39b1a78655d6330c37c3f4878b4,"{
  ""shot"": ""medium close-up"",
  ""pose"": ""looking up and to the left"",
  ""clothing"": ""black sleeveless top with white abstract print"",
  ""hair_style"": ""long wavy hair"",
  ""background"": ""tall building and greenery"",
  ""lighting"": ""natural daylight"",
  ""expression"": ""neutral""
}",False,"sasha_rh. A woman is looking up and to the left in a medium close-up, wearing a black sleeveless top with white abstract print, with long wavy hair and a neutral expression. The background is tall building and greenery, with natural daylight.","{""shot"": ""medium close-up"", ""pose"": ""looking up and to the left"", ""clothing"": ""black sleeveless top with white abstract print"", ""hair_style"": ""long wavy hair"", ""background"": ""tall building and greenery"", ""lighting"": ""natural daylight"", ""expression"": ""neutral""}",{},Qwen/Qwen3-VL-8B-Instruct,C:\Users\maruk\Documents\makeLora\caption_vl,520b2e05079402e9468a8701d03d1154d14b2599593afb6effa7fb60c1bff070,12ae9d3ebe9f45fe6b6be2b0f3eabd489f6e52632c0f1367b6ae20454c0fd7f8,"{""do_sample"": false, ""dtype"": ""bf16"", ""max_pixels"": 786432, ""max_new_tokens"": 512}",PENDING_HUMAN_REVIEW,natural_sentence_v1
STEP10_PACKAGING,sasha_rh_11.png,スクリーンショット 2026-09-30 111248.png,Sash_high_identity-img/スクリーンショット 2026-09-30 111248.png,C:\Users\maruk\Documents\Genelate_img\Sasha_re_codex\real_human_lora\work\frames_raw\Sash_high_identity-img\スクリーンショット 2026-09-30 111248.png,C:\Users\maruk\Documents\Genelate_img\Sasha_re_codex\real_human_lora\work\frames_raw\Sash_high_identity-img\スクリーンショット 2026-09-30 111248.png,9d0903274b427c66e064f12ca61d2902ec4177fc3c665aa9917ebadf66c973f6,9d0903274b427c66e064f12ca61d2902ec4177fc3c665aa9917ebadf66c973f6,b09674fe16b281285380bd5ae7c3d3585b2f787347d7672c74dd053bbbc968c4,0aee90574e714fb5b6d50709136243fa,STEP8_ORIGINAL,FULL_BODY,FRONT,1440,3057,1440,3056,SKIPPED_NOT_NEEDED,wearing casual modern streetwear,long dark hair falling over shoulders,calm neutral expression with soft gaze,studio environment with neutral clean background,bright airy window light,"full body wide shot of sasha_rh, a young woman, facing forward towards camera, calm neutral expression with soft gaze, wearing casual modern streetwear, long dark hair falling over shoulders, studio environment with neutral clean background, bright airy window light, high detail, authentic raw skin texture, 8k photo","sasha_rh, 1girl, solo, full body, front, calm neutral expression with soft gaze, wearing casual modern streetwear, long dark hair falling over shoulders, studio environment with neutral clean background, bright airy window light, photorealistic",C:\Users\maruk\Documents\Genelate_img\Sasha_re_codex\real_human_lora\output\dataset_flux\sasha_rh_11.png,07cc101990d4131a7f361dd59adf308568038fd00da3d750d5dac6fec0e74660,"{
  ""shot"": ""full body"",
  ""pose"": ""front-facing"",
  ""clothing"": ""red sleeveless dress with white ruffled collar and bow, white long-sleeve shirt with ruffled cuffs"",
  ""hair_style"": ""hair with curls and waves"",
  ""background"": ""plain white"",
  ""lighting"": ""even"",
  ""expression"": ""neutral""
}",False,"sasha_rh. A woman is facing forward in a full-body shot, wearing a red sleeveless dress with white ruffled collar and bow, white long-sleeve shirt with ruffled cuffs, with hair with curls and waves and a neutral expression. The background is plain white, with even lighting.","{""shot"": ""full body"", ""pose"": ""front-facing"", ""clothing"": ""red sleeveless dress with white ruffled collar and bow, white long-sleeve shirt with ruffled cuffs"", ""hair_style"": ""hair with curls and waves"", ""background"": ""plain white"", ""lighting"": ""even"", ""expression"": ""neutral""}",{},Qwen/Qwen3-VL-8B-Instruct,C:\Users\maruk\Documents\makeLora\caption_vl,520b2e05079402e9468a8701d03d1154d14b2599593afb6effa7fb60c1bff070,12ae9d3ebe9f45fe6b6be2b0f3eabd489f6e52632c0f1367b6ae20454c0fd7f8,"{""do_sample"": false, ""dtype"": ""bf16"", ""max_pixels"": 786432, ""max_new_tokens"": 512}",PENDING_HUMAN_REVIEW,natural_sentence_v1
STEP10_PACKAGING,sasha_rh_12.png,スクリーンショット 2026-09-30 111038.png,Sash_high_identity-img/スクリーンショット 2026-09-30 111038.png,C:\Users\maruk\Documents\Genelate_img\Sasha_re_codex\real_human_lora\work\frames_raw\Sash_high_identity-img\スクリーンショット 2026-09-30 111038.png,C:\Users\maruk\Documents\Genelate_img\Sasha_re_codex\real_human_lora\work\frames_raw\Sash_high_identity-img\スクリーンショット 2026-09-30 111038.png,82329e6ebf99d44898b69126cd292a9b8a604eaf6df70247fdbbea04ecb551c8,82329e6ebf99d44898b69126cd292a9b8a604eaf6df70247fdbbea04ecb551c8,b09674fe16b281285380bd5ae7c3d3585b2f787347d7672c74dd053bbbc968c4,0aee90574e714fb5b6d50709136243fa,STEP8_ORIGINAL,UPPER_BODY,LEFT_3Q,1440,2270,1440,2272,SKIPPED_NOT_NEEDED,wearing a warm knitted sweater,natural textured hair,calm neutral expression with soft gaze,studio environment with neutral clean background,clean professional studio lighting,"upper body portrait of sasha_rh, a young woman, turned slightly in three-quarter view to the left, calm neutral expression with soft gaze, wearing a warm knitted sweater, natural textured hair, studio environment with neutral clean background, clean professional studio lighting, high detail, authentic raw skin texture, 8k photo","sasha_rh, 1girl, solo, upper body, left 3q, calm neutral expression with soft gaze, wearing a warm knitted sweater, natural textured hair, studio environment with neutral clean background, clean professional studio lighting, photorealistic",C:\Users\maruk\Documents\Genelate_img\Sasha_re_codex\real_human_lora\output\dataset_flux\sasha_rh_12.png,f0b2ce0f102b4da44dba2636106b5875e9b689af601c3e31fdd8de353abee909,"{
  ""shot"": ""head and shoulders"",
  ""pose"": ""facing front"",
  ""clothing"": ""light blue turtleneck sweater with cable knit pattern"",
  ""hair_style"": ""long wavy hair with side braid and hair clip"",
  ""background"": ""red furry surface"",
  ""lighting"": ""soft"",
  ""expression"": ""neutral""
}",False,"sasha_rh. A woman is facing forward in a head-and-shoulders shot, wearing a light blue turtleneck sweater with cable knit pattern, with long wavy hair with side braid and hair clip and a neutral expression. The background is red furry surface, with soft lighting.","{""shot"": ""head and shoulders"", ""pose"": ""facing front"", ""clothing"": ""light blue turtleneck sweater with cable knit pattern"", ""hair_style"": ""long wavy hair with side braid and hair clip"", ""background"": ""red furry surface"", ""lighting"": ""soft"", ""expression"": ""neutral""}",{},Qwen/Qwen3-VL-8B-Instruct,C:\Users\maruk\Documents\makeLora\caption_vl,520b2e05079402e9468a8701d03d1154d14b2599593afb6effa7fb60c1bff070,12ae9d3ebe9f45fe6b6be2b0f3eabd489f6e52632c0f1367b6ae20454c0fd7f8,"{""do_sample"": false, ""dtype"": ""bf16"", ""max_pixels"": 786432, ""max_new_tokens"": 512}",PENDING_HUMAN_REVIEW,natural_sentence_v1
STEP10_PACKAGING,sasha_rh_13.png,スクリーンショット 2026-09-30 111214.png,Sash_high_identity-img/スクリーンショット 2026-09-30 111214.png,C:\Users\maruk\Documents\Genelate_img\Sasha_re_codex\real_human_lora\work\frames_raw\Sash_high_identity-img\スクリーンショット 2026-09-30 111214.png,C:\Users\maruk\Documents\Genelate_img\Sasha_re_codex\real_human_lora\work\frames_raw\Sash_high_identity-img\スクリーンショット 2026-09-30 111214.png,8eddea217ac67630f87aa72c7322ab5c14f654135e0a7c2102687c4a173b1086,8eddea217ac67630f87aa72c7322ab5c14f654135e0a7c2102687c4a173b1086,b09674fe16b281285380bd5ae7c3d3585b2f787347d7672c74dd053bbbc968c4,0aee90574e714fb5b6d50709136243fa,STEP8_ORIGINAL,UPPER_BODY,FRONT,1440,2847,1440,2848,SKIPPED_NOT_NEEDED,wearing a warm knitted sweater,hair tied up in a neat ponytail,gentle warm smile looking at camera,studio environment with neutral clean background,bright airy window light,"upper body portrait of sasha_rh, a young woman, facing forward towards camera, gentle warm smile looking at camera, wearing a warm knitted sweater, hair tied up in a neat ponytail, studio environment with neutral clean background, bright airy window light, high detail, authentic raw skin texture, 8k photo","sasha_rh, 1girl, solo, upper body, front, gentle warm smile looking at camera, wearing a warm knitted sweater, hair tied up in a neat ponytail, studio environment with neutral clean background, bright airy window light, photorealistic",C:\Users\maruk\Documents\Genelate_img\Sasha_re_codex\real_human_lora\output\dataset_flux\sasha_rh_13.png,2eb2c03113e71b071a72121385ccb55aeb8089fe8575b6d001097dc9eca13e1f,"{
  ""shot"": ""full body"",
  ""pose"": ""front-facing"",
  ""clothing"": ""red sleeveless dress with white ruffled collar and white long sleeves"",
  ""hair_style"": ""hair in loose waves with headband"",
  ""background"": ""plain white"",
  ""lighting"": ""soft"",
  ""expression"": ""smiling""
}",False,"sasha_rh. A woman is facing forward in a full-body shot, wearing a red sleeveless dress with white ruffled collar and white long sleeves, with hair in loose waves with headband and a smiling. The background is plain white, with soft lighting.","{""shot"": ""full body"", ""pose"": ""front-facing"", ""clothing"": ""red sleeveless dress with white ruffled collar and white long sleeves"", ""hair_style"": ""hair in loose waves with headband"", ""background"": ""plain white"", ""lighting"": ""soft"", ""expression"": ""smiling""}",{},Qwen/Qwen3-VL-8B-Instruct,C:\Users\maruk\Documents\makeLora\caption_vl,520b2e05079402e9468a8701d03d1154d14b2599593afb6effa7fb60c1bff070,12ae9d3ebe9f45fe6b6be2b0f3eabd489f6e52632c0f1367b6ae20454c0fd7f8,"{""do_sample"": false, ""dtype"": ""bf16"", ""max_pixels"": 786432, ""max_new_tokens"": 512}",PENDING_HUMAN_REVIEW,natural_sentence_v1
STEP10_PACKAGING,sasha_rh_14.png,スクリーンショット 2026-09-30 111403.png,Sash_high_identity-img/スクリーンショット 2026-09-30 111403.png,C:\Users\maruk\Documents\Genelate_img\Sasha_re_codex\real_human_lora\work\frames_raw\Sash_high_identity-img\スクリーンショット 2026-09-30 111403.png,C:\Users\maruk\Documents\Genelate_img\Sasha_re_codex\real_human_lora\work\frames_raw\Sash_high_identity-img\スクリーンショット 2026-09-30 111403.png,58c342a9abcf28674abf22911d8e2425fadcb8fa603bb677ab6b5cb4dc61e082,58c342a9abcf28674abf22911d8e2425fadcb8fa603bb677ab6b5cb4dc61e082,b09674fe16b281285380bd5ae7c3d3585b2f787347d7672c74dd053bbbc968c4,0aee90574e714fb5b6d50709136243fa,STEP8_ORIGINAL,UPPER_BODY,FRONT,1440,2680,1440,2688,SKIPPED_NOT_NEEDED,wearing a stylish black top,hair tied up in a neat ponytail,calm neutral expression with soft gaze,studio environment with neutral clean background,clean professional studio lighting,"upper body portrait of sasha_rh, a young woman, facing forward towards camera, calm neutral expression with soft gaze, wearing a stylish black top, hair tied up in a neat ponytail, studio environment with neutral clean background, clean professional studio lighting, high detail, authentic raw skin texture, 8k photo","sasha_rh, 1girl, solo, upper body, front, calm neutral expression with soft gaze, wearing a stylish black top, hair tied up in a neat ponytail, studio environment with neutral clean background, clean professional studio lighting, photorealistic",C:\Users\maruk\Documents\Genelate_img\Sasha_re_codex\real_human_lora\output\dataset_flux\sasha_rh_14.png,9fa7ce57128d1862b89ef81bb24f00509719d4081bb4016731f950e63d2c842c,"{
  ""shot"": ""upper body"",
  ""pose"": ""front-facing"",
  ""clothing"": ""pink ruffled crop top with bow waistband skirt"",
  ""hair_style"": ""long blonde hair with side bow"",
  ""background"": ""white"",
  ""lighting"": ""studio"",
  ""expression"": ""neutral""
}",False,"sasha_rh. A woman is facing forward in a upper-body shot, wearing a pink ruffled crop top with bow waistband skirt, with long blonde hair with side bow and a neutral expression. The background is white, with studio lighting.","{""shot"": ""upper body"", ""pose"": ""front-facing"", ""clothing"": ""pink ruffled crop top with bow waistband skirt"", ""hair_style"": ""long blonde hair with side bow"", ""background"": ""white"", ""lighting"": ""studio"", ""expression"": ""neutral""}",{},Qwen/Qwen3-VL-8B-Instruct,C:\Users\maruk\Documents\makeLora\caption_vl,520b2e05079402e9468a8701d03d1154d14b2599593afb6effa7fb60c1bff070,12ae9d3ebe9f45fe6b6be2b0f3eabd489f6e52632c0f1367b6ae20454c0fd7f8,"{""do_sample"": false, ""dtype"": ""bf16"", ""max_pixels"": 786432, ""max_new_tokens"": 512}",PENDING_HUMAN_REVIEW,natural_sentence_v1
STEP10_PACKAGING,sasha_rh_15.png,スクリーンショット 2026-09-30 112018.png,Sash_high_identity-img/スクリーンショット 2026-09-30 112018.png,C:\Users\maruk\Documents\Genelate_img\Sasha_re_codex\real_human_lora\work\frames_raw\Sash_high_identity-img\スクリーンショット 2026-09-30 112018.png,C:\Users\maruk\Documents\Genelate_img\Sasha_re_codex\real_human_lora\work\frames_raw\Sash_high_identity-img\スクリーンショット 2026-09-30 112018.png,ce96ca9f1169a10beac00bc5e098f956629374b3d62bd63f6d3fbfd03de1b6fe,ce96ca9f1169a10beac00bc5e098f956629374b3d62bd63f6d3fbfd03de1b6fe,b09674fe16b281285380bd5ae7c3d3585b2f787347d7672c74dd053bbbc968c4,0aee90574e714fb5b6d50709136243fa,STEP8_ORIGINAL,UPPER_BODY,LEFT_3Q,1440,2536,1440,2544,SKIPPED_NOT_NEEDED,wearing casual modern streetwear,hair tied up in a neat ponytail,calm neutral expression with soft gaze,studio environment with neutral clean background,clean professional studio lighting,"upper body portrait of sasha_rh, a young woman, turned slightly in three-quarter view to the left, calm neutral expression with soft gaze, wearing casual modern streetwear, hair tied up in a neat ponytail, studio environment with neutral clean background, clean professional studio lighting, high detail, authentic raw skin texture, 8k photo","sasha_rh, 1girl, solo, upper body, left 3q, calm neutral expression with soft gaze, wearing casual modern streetwear, hair tied up in a neat ponytail, studio environment with neutral clean background, clean professional studio lighting, photorealistic",C:\Users\maruk\Documents\Genelate_img\Sasha_re_codex\real_human_lora\output\dataset_flux\sasha_rh_15.png,8e28af13d6d18703a4486288732676f3cc16800c727f7d248f1a084bc6ac1b72,"{
  ""shot"": ""medium close-up"",
  ""pose"": ""front-facing"",
  ""clothing"": ""white crop top with thin straps and light pink skirt"",
  ""hair_style"": ""long hair with braids"",
  ""background"": ""plain white"",
  ""lighting"": ""even"",
  ""expression"": ""neutral""
}",False,"sasha_rh. A woman is facing forward in a medium close-up, wearing a white crop top with thin straps and light pink skirt, with long hair with braids and a neutral expression. The background is plain white, with even lighting.","{""shot"": ""medium close-up"", ""pose"": ""front-facing"", ""clothing"": ""white crop top with thin straps and light pink skirt"", ""hair_style"": ""long hair with braids"", ""background"": ""plain white"", ""lighting"": ""even"", ""expression"": ""neutral""}",{},Qwen/Qwen3-VL-8B-Instruct,C:\Users\maruk\Documents\makeLora\caption_vl,520b2e05079402e9468a8701d03d1154d14b2599593afb6effa7fb60c1bff070,12ae9d3ebe9f45fe6b6be2b0f3eabd489f6e52632c0f1367b6ae20454c0fd7f8,"{""do_sample"": false, ""dtype"": ""bf16"", ""max_pixels"": 786432, ""max_new_tokens"": 512}",PENDING_HUMAN_REVIEW,natural_sentence_v1
STEP10_PACKAGING,sasha_rh_16.png,スクリーンショット 2026-09-30 110609.png,Sash_high_identity-img/スクリーンショット 2026-09-30 110609.png,C:\Users\maruk\Documents\Genelate_img\Sasha_re_codex\real_human_lora\work\frames_raw\Sash_high_identity-img\スクリーンショット 2026-09-30 110609.png,C:\Users\maruk\Documents\Genelate_img\Sasha_re_codex\real_human_lora\work\frames_raw\Sash_high_identity-img\スクリーンショット 2026-09-30 110609.png,a0187e624e4d50d20edcb5cd1acc1e6c644a896dae14b98fdc748d2daa502645,a0187e624e4d50d20edcb5cd1acc1e6c644a896dae14b98fdc748d2daa502645,b09674fe16b281285380bd5ae7c3d3585b2f787347d7672c74dd053bbbc968c4,0aee90574e714fb5b6d50709136243fa,STEP8_ORIGINAL,CLOSE_UP,LEFT_3Q,1440,1921,1440,1920,SKIPPED_NOT_NEEDED,wearing an oversized comfortable hoodie,hair tied up in a neat ponytail,gentle warm smile looking at camera,studio environment with neutral clean background,clean professional studio lighting,"extreme close-up portrait of sasha_rh, a young woman, turned slightly in three-quarter view to the left, gentle warm smile looking at camera, wearing an oversized comfortable hoodie, hair tied up in a neat ponytail, studio environment with neutral clean background, clean professional studio lighting, high detail, authentic raw skin texture, 8k photo","sasha_rh, 1girl, solo, close up, left 3q, gentle warm smile looking at camera, wearing an oversized comfortable hoodie, hair tied up in a neat ponytail, studio environment with neutral clean background, clean professional studio lighting, photorealistic",C:\Users\maruk\Documents\Genelate_img\Sasha_re_codex\real_human_lora\output\dataset_flux\sasha_rh_16.png,3004c5554abefe60f2dc72b887ed413b3379a8b7eed78035e76aabf1b6b29eb6,"{
  ""shot"": ""close-up"",
  ""pose"": ""looking at camera"",
  ""clothing"": ""pink hoodie with text print"",
  ""hair_style"": ""long straight hair"",
  ""background"": ""indoor with window"",
  ""lighting"": ""bright"",
  ""expression"": ""neutral""
}",False,"sasha_rh. A woman is looking at camera in a close-up shot, wearing a pink hoodie with text print, with long straight hair and a neutral expression. The setting is indoors with window, with bright lighting.","{""shot"": ""close-up"", ""pose"": ""looking at camera"", ""clothing"": ""pink hoodie with text print"", ""hair_style"": ""long straight hair"", ""background"": ""indoor with window"", ""lighting"": ""bright"", ""expression"": ""neutral""}",{},Qwen/Qwen3-VL-8B-Instruct,C:\Users\maruk\Documents\makeLora\caption_vl,520b2e05079402e9468a8701d03d1154d14b2599593afb6effa7fb60c1bff070,12ae9d3ebe9f45fe6b6be2b0f3eabd489f6e52632c0f1367b6ae20454c0fd7f8,"{""do_sample"": false, ""dtype"": ""bf16"", ""max_pixels"": 786432, ""max_new_tokens"": 512}",PENDING_HUMAN_REVIEW,natural_sentence_v1
STEP10_PACKAGING,sasha_rh_17.png,スクリーンショット 2026-09-30 110439.png,Sash_high_identity-img/スクリーンショット 2026-09-30 110439.png,C:\Users\maruk\Documents\Genelate_img\Sasha_re_codex\real_human_lora\work\frames_raw\Sash_high_identity-img\スクリーンショット 2026-09-30 110439.png,C:\Users\maruk\Documents\Genelate_img\Sasha_re_codex\real_human_lora\work\frames_raw\Sash_high_identity-img\スクリーンショット 2026-09-30 110439.png,16bb9d481f23ed13e9e856fbe29858cf11db3a1f314dcac577aed1066e270119,16bb9d481f23ed13e9e856fbe29858cf11db3a1f314dcac577aed1066e270119,b09674fe16b281285380bd5ae7c3d3585b2f787347d7672c74dd053bbbc968c4,0aee90574e714fb5b6d50709136243fa,STEP8_ORIGINAL,UPPER_BODY,RIGHT_3Q,1440,1975,1440,1968,SKIPPED_NOT_NEEDED,wearing an elegant black evening dress,hair tied up in a neat ponytail,gentle warm smile looking at camera,sunlit room with window shadows in background,bright airy window light,"upper body portrait of sasha_rh, a young woman, turned slightly in three-quarter view to the right, gentle warm smile looking at camera, wearing an elegant black evening dress, hair tied up in a neat ponytail, sunlit room with window shadows in background, bright airy window light, high detail, authentic raw skin texture, 8k photo","sasha_rh, 1girl, solo, upper body, right 3q, gentle warm smile looking at camera, wearing an elegant black evening dress, hair tied up in a neat ponytail, sunlit room with window shadows in background, bright airy window light, photorealistic",C:\Users\maruk\Documents\Genelate_img\Sasha_re_codex\real_human_lora\output\dataset_flux\sasha_rh_17.png,e0b22cbf4a953f21bdc0a4f26bd1bae5a34bb9ed23d67e3c9faaad2a2817bc80,"{
  ""shot"": ""upper body"",
  ""pose"": ""front-facing"",
  ""clothing"": ""off-white dress with puffy sleeves and beaded waistband"",
  ""hair_style"": ""hair in pigtails with ribbon bows"",
  ""background"": ""light-colored curtains"",
  ""lighting"": ""natural"",
  ""expression"": ""neutral""
}",False,"sasha_rh. A woman is facing forward in a upper-body shot, wearing a off-white dress with puffy sleeves and beaded waistband, with hair in pigtails with ribbon bows and a neutral expression. The background is light-colored curtains, with natural lighting.","{""shot"": ""upper body"", ""pose"": ""front-facing"", ""clothing"": ""off-white dress with puffy sleeves and beaded waistband"", ""hair_style"": ""hair in pigtails with ribbon bows"", ""background"": ""light-colored curtains"", ""lighting"": ""natural"", ""expression"": ""neutral""}",{},Qwen/Qwen3-VL-8B-Instruct,C:\Users\maruk\Documents\makeLora\caption_vl,520b2e05079402e9468a8701d03d1154d14b2599593afb6effa7fb60c1bff070,12ae9d3ebe9f45fe6b6be2b0f3eabd489f6e52632c0f1367b6ae20454c0fd7f8,"{""do_sample"": false, ""dtype"": ""bf16"", ""max_pixels"": 786432, ""max_new_tokens"": 512}",PENDING_HUMAN_REVIEW,natural_sentence_v1
STEP10_PACKAGING,sasha_rh_18.png,スクリーンショット 2026-09-30 110314.png,Sash_high_identity-img/スクリーンショット 2026-09-30 110314.png,C:\Users\maruk\Documents\Genelate_img\Sasha_re_codex\real_human_lora\work\frames_raw\Sash_high_identity-img\スクリーンショット 2026-09-30 110314.png,C:\Users\maruk\Documents\Genelate_img\Sasha_re_codex\real_human_lora\work\frames_raw\Sash_high_identity-img\スクリーンショット 2026-09-30 110314.png,8a0196bb5640a5fba0510741f1cdb5f6faaa258ae90716a61349945c95a035ec,8a0196bb5640a5fba0510741f1cdb5f6faaa258ae90716a61349945c95a035ec,b09674fe16b281285380bd5ae7c3d3585b2f787347d7672c74dd053bbbc968c4,0aee90574e714fb5b6d50709136243fa,STEP8_ORIGINAL,UPPER_BODY,FRONT,1541,1440,1536,1440,SKIPPED_NOT_NEEDED,wearing casual modern streetwear,hair tied up in a neat ponytail,calm neutral expression with soft gaze,studio environment with neutral clean background,clean professional studio lighting,"upper body portrait of sasha_rh, a young woman, facing forward towards camera, calm neutral expression with soft gaze, wearing casual modern streetwear, hair tied up in a neat ponytail, studio environment with neutral clean background, clean professional studio lighting, high detail, authentic raw skin texture, 8k photo","sasha_rh, 1girl, solo, upper body, front, calm neutral expression with soft gaze, wearing casual modern streetwear, hair tied up in a neat ponytail, studio environment with neutral clean background, clean professional studio lighting, photorealistic",C:\Users\maruk\Documents\Genelate_img\Sasha_re_codex\real_human_lora\output\dataset_flux\sasha_rh_18.png,471900836bbf09b734a3440e0e18cb50179e81c2c333a70552878252fbf967e7,"{
  ""shot"": ""close-up"",
  ""pose"": ""arms above head"",
  ""clothing"": ""blue and white checkered button-up shirt"",
  ""hair_style"": ""medium-length hair"",
  ""background"": ""plain light-colored wall"",
  ""lighting"": ""soft"",
  ""expression"": ""neutral""
}",False,"sasha_rh. A woman is shown in arms above head in a close-up shot, wearing a blue and white checkered button-up shirt, with medium-length hair and a neutral expression. The background is plain light-colored wall, with soft lighting.","{""shot"": ""close-up"", ""pose"": ""arms above head"", ""clothing"": ""blue and white checkered button-up shirt"", ""hair_style"": ""medium-length hair"", ""background"": ""plain light-colored wall"", ""lighting"": ""soft"", ""expression"": ""neutral""}",{},Qwen/Qwen3-VL-8B-Instruct,C:\Users\maruk\Documents\makeLora\caption_vl,520b2e05079402e9468a8701d03d1154d14b2599593afb6effa7fb60c1bff070,12ae9d3ebe9f45fe6b6be2b0f3eabd489f6e52632c0f1367b6ae20454c0fd7f8,"{""do_sample"": false, ""dtype"": ""bf16"", ""max_pixels"": 786432, ""max_new_tokens"": 512}",PENDING_HUMAN_REVIEW,natural_sentence_v1
STEP10_PACKAGING,sasha_rh_19.png,スクリーンショット 2026-09-30 110734.png,Sash_high_identity-img/スクリーンショット 2026-09-30 110734.png,C:\Users\maruk\Documents\Genelate_img\Sasha_re_codex\real_human_lora\work\frames_raw\Sash_high_identity-img\スクリーンショット 2026-09-30 110734.png,C:\Users\maruk\Documents\Genelate_img\Sasha_re_codex\real_human_lora\work\frames_raw\Sash_high_identity-img\スクリーンショット 2026-09-30 110734.png,0eada9a3cf06146442f336116d5d12c367c7a9eff1948b7c58e6c467749e0a9b,0eada9a3cf06146442f336116d5d12c367c7a9eff1948b7c58e6c467749e0a9b,b09674fe16b281285380bd5ae7c3d3585b2f787347d7672c74dd053bbbc968c4,0aee90574e714fb5b6d50709136243fa,STEP8_ORIGINAL,CLOSE_UP,FRONT,1440,2510,1440,2512,SKIPPED_NOT_NEEDED,wearing a floral summer dress,natural textured hair,calm neutral expression with soft gaze,studio environment with neutral clean background,bright airy window light,"extreme close-up portrait of sasha_rh, a young woman, facing forward towards camera, calm neutral expression with soft gaze, wearing a floral summer dress, natural textured hair, studio environment with neutral clean background, bright airy window light, high detail, authentic raw skin texture, 8k photo","sasha_rh, 1girl, solo, close up, front, calm neutral expression with soft gaze, wearing a floral summer dress, natural textured hair, studio environment with neutral clean background, bright airy window light, photorealistic",C:\Users\maruk\Documents\Genelate_img\Sasha_re_codex\real_human_lora\output\dataset_flux\sasha_rh_19.png,a2e5cb38710e2b74a62722dc08cc33592bbc983a0d47287e2bc40b59f30c6f08,"{
  ""shot"": ""close-up"",
  ""pose"": ""facing front"",
  ""clothing"": ""dark top"",
  ""hair_style"": ""long hair"",
  ""background"": ""textured wall with flowers"",
  ""lighting"": ""soft"",
  ""expression"": ""neutral""
}",False,"sasha_rh. A woman is facing forward in a close-up shot, wearing a dark top, with long hair and a neutral expression. The background is textured wall with flowers, with soft lighting.","{""shot"": ""close-up"", ""pose"": ""facing front"", ""clothing"": ""dark top"", ""hair_style"": ""long hair"", ""background"": ""textured wall with flowers"", ""lighting"": ""soft"", ""expression"": ""neutral""}",{},Qwen/Qwen3-VL-8B-Instruct,C:\Users\maruk\Documents\makeLora\caption_vl,520b2e05079402e9468a8701d03d1154d14b2599593afb6effa7fb60c1bff070,12ae9d3ebe9f45fe6b6be2b0f3eabd489f6e52632c0f1367b6ae20454c0fd7f8,"{""do_sample"": false, ""dtype"": ""bf16"", ""max_pixels"": 786432, ""max_new_tokens"": 512}",PENDING_HUMAN_REVIEW,natural_sentence_v1
STEP10_PACKAGING,sasha_rh_20.png,スクリーンショット 2026-09-30 111314.png,Sash_high_identity-img/スクリーンショット 2026-09-30 111314.png,C:\Users\maruk\Documents\Genelate_img\Sasha_re_codex\real_human_lora\work\frames_raw\Sash_high_identity-img\スクリーンショット 2026-09-30 111314.png,C:\Users\maruk\Documents\Genelate_img\Sasha_re_codex\real_human_lora\work\frames_raw\Sash_high_identity-img\スクリーンショット 2026-09-30 111314.png,eccda1ac898b0071e7a7e5e555b6a5950d377ddba1bd62d84c5dcbb4de5bec42,eccda1ac898b0071e7a7e5e555b6a5950d377ddba1bd62d84c5dcbb4de5bec42,b09674fe16b281285380bd5ae7c3d3585b2f787347d7672c74dd053bbbc968c4,0aee90574e714fb5b6d50709136243fa,STEP8_ORIGINAL,CLOSE_UP,FRONT,1440,1677,1440,1680,SKIPPED_NOT_NEEDED,wearing a floral summer dress,wavy brunette hair with natural texture,calm neutral expression with soft gaze,studio environment with neutral clean background,bright airy window light,"extreme close-up portrait of sasha_rh, a young woman, facing forward towards camera, calm neutral expression with soft gaze, wearing a floral summer dress, wavy brunette hair with natural texture, studio environment with neutral clean background, bright airy window light, high detail, authentic raw skin texture, 8k photo","sasha_rh, 1girl, solo, close up, front, calm neutral expression with soft gaze, wearing a floral summer dress, wavy brunette hair with natural texture, studio environment with neutral clean background, bright airy window light, photorealistic",C:\Users\maruk\Documents\Genelate_img\Sasha_re_codex\real_human_lora\output\dataset_flux\sasha_rh_20.png,9dbf94fa5dfa916b7726f6ccb0f97149b739dc7c7c5b736647cb654d76b44652,"{
  ""shot"": ""close-up"",
  ""pose"": ""lying down, hands under chin"",
  ""clothing"": ""purple pajamas with white trim"",
  ""hair_style"": ""long wavy hair with a flower clip"",
  ""background"": ""white bedding and headboard"",
  ""lighting"": ""soft"",
  ""expression"": ""neutral""
}",False,"sasha_rh. A woman is shown in a close-up shot, wearing a purple pajamas with white trim, with long wavy hair with a flower clip and a neutral expression. The background is white bedding and headboard, with soft lighting.","{""shot"": ""close-up"", ""pose"": ""lying down, hands under chin"", ""clothing"": ""purple pajamas with white trim"", ""hair_style"": ""long wavy hair with a flower clip"", ""background"": ""white bedding and headboard"", ""lighting"": ""soft"", ""expression"": ""neutral""}","{""pose"": ""PROHIBITED_CONTENT""}",Qwen/Qwen3-VL-8B-Instruct,C:\Users\maruk\Documents\makeLora\caption_vl,520b2e05079402e9468a8701d03d1154d14b2599593afb6effa7fb60c1bff070,12ae9d3ebe9f45fe6b6be2b0f3eabd489f6e52632c0f1367b6ae20454c0fd7f8,"{""do_sample"": false, ""dtype"": ""bf16"", ""max_pixels"": 786432, ""max_new_tokens"": 512}",PENDING_HUMAN_REVIEW,natural_sentence_v1
STEP10_PACKAGING,sasha_rh_21.png,スクリーンショット 2026-09-30 111340.png,Sash_high_identity-img/スクリーンショット 2026-09-30 111340.png,C:\Users\maruk\Documents\Genelate_img\Sasha_re_codex\real_human_lora\work\frames_raw\Sash_high_identity-img\スクリーンショット 2026-09-30 111340.png,C:\Users\maruk\Documents\Genelate_img\Sasha_re_codex\real_human_lora\work\frames_raw\Sash_high_identity-img\スクリーンショット 2026-09-30 111340.png,4dcea64e759071488186391c35a7cca65df7deafc8386a2adcc3db30a5476efb,4dcea64e759071488186391c35a7cca65df7deafc8386a2adcc3db30a5476efb,b09674fe16b281285380bd5ae7c3d3585b2f787347d7672c74dd053bbbc968c4,0aee90574e714fb5b6d50709136243fa,STEP8_ORIGINAL,CLOSE_UP,RIGHT_3Q,1440,2725,1440,2720,SKIPPED_NOT_NEEDED,wearing an elegant black evening dress,hair tied up in a neat ponytail,calm neutral expression with soft gaze,studio environment with neutral clean background,bright airy window light,"extreme close-up portrait of sasha_rh, a young woman, turned slightly in three-quarter view to the right, calm neutral expression with soft gaze, wearing an elegant black evening dress, hair tied up in a neat ponytail, studio environment with neutral clean background, bright airy window light, high detail, authentic raw skin texture, 8k photo","sasha_rh, 1girl, solo, close up, right 3q, calm neutral expression with soft gaze, wearing an elegant black evening dress, hair tied up in a neat ponytail, studio environment with neutral clean background, bright airy window light, photorealistic",C:\Users\maruk\Documents\Genelate_img\Sasha_re_codex\real_human_lora\output\dataset_flux\sasha_rh_21.png,bfb062b2ed916a0ee8bf74bc1abd4998834aa6464535e9096e06cf4c82047dda,"{
  ""shot"": ""close-up"",
  ""pose"": ""side profile"",
  ""clothing"": ""yellow blouse with ruffled neckline"",
  ""hair_style"": ""hair in two braids"",
  ""background"": ""car interior"",
  ""lighting"": ""even"",
  ""expression"": ""neutral""
}",False,"sasha_rh. A woman is shown in side profile in a close-up shot, wearing a yellow blouse with ruffled neckline, with hair in two braids and a neutral expression. The background is car interior, with even lighting.","{""shot"": ""close-up"", ""pose"": ""side profile"", ""clothing"": ""yellow blouse with ruffled neckline"", ""hair_style"": ""hair in two braids"", ""background"": ""car interior"", ""lighting"": ""even"", ""expression"": ""neutral""}",{},Qwen/Qwen3-VL-8B-Instruct,C:\Users\maruk\Documents\makeLora\caption_vl,520b2e05079402e9468a8701d03d1154d14b2599593afb6effa7fb60c1bff070,12ae9d3ebe9f45fe6b6be2b0f3eabd489f6e52632c0f1367b6ae20454c0fd7f8,"{""do_sample"": false, ""dtype"": ""bf16"", ""max_pixels"": 786432, ""max_new_tokens"": 512}",PENDING_HUMAN_REVIEW,natural_sentence_v1
STEP10_PACKAGING,sasha_rh_22.png,スクリーンショット 2026-09-30 111946.png,Sash_high_identity-img/スクリーンショット 2026-09-30 111946.png,C:\Users\maruk\Documents\Genelate_img\Sasha_re_codex\real_human_lora\work\frames_raw\Sash_high_identity-img\スクリーンショット 2026-09-30 111946.png,C:\Users\maruk\Documents\Genelate_img\Sasha_re_codex\real_human_lora\work\frames_raw\Sash_high_identity-img\スクリーンショット 2026-09-30 111946.png,da9f2740e721b0ee72b797b2b74cb69a24c4171736edb29eb07eeac6a2a726ca,da9f2740e721b0ee72b797b2b74cb69a24c4171736edb29eb07eeac6a2a726ca,b09674fe16b281285380bd5ae7c3d3585b2f787347d7672c74dd053bbbc968c4,0aee90574e714fb5b6d50709136243fa,STEP8_ORIGINAL,UPPER_BODY,RIGHT_3Q,1440,2693,1440,2688,SKIPPED_NOT_NEEDED,wearing athletic sportswear,hair tied up in a neat ponytail,calm neutral expression with soft gaze,studio environment with neutral clean background,bright airy window light,"upper body portrait of sasha_rh, a young woman, turned slightly in three-quarter view to the right, calm neutral expression with soft gaze, wearing athletic sportswear, hair tied up in a neat ponytail, studio environment with neutral clean background, bright airy window light, high detail, authentic raw skin texture, 8k photo","sasha_rh, 1girl, solo, upper body, right 3q, calm neutral expression with soft gaze, wearing athletic sportswear, hair tied up in a neat ponytail, studio environment with neutral clean background, bright airy window light, photorealistic",C:\Users\maruk\Documents\Genelate_img\Sasha_re_codex\real_human_lora\output\dataset_flux\sasha_rh_22.png,3aa06cda4191593618b2703d024a058b6b1d3f17900b5f583f9f3b39439e123f,"{
  ""shot"": ""full body"",
  ""pose"": ""standing, hand on visor, other hand holding hoop"",
  ""clothing"": ""white crop top with pink trim, pink leggings"",
  ""hair_style"": ""long hair in two braids"",
  ""background"": ""plain white"",
  ""lighting"": ""even"",
  ""expression"": ""neutral""
}",False,"sasha_rh. A woman is standing, hand on visor, other hand holding hoop in a full-body shot, wearing a white crop top with pink trim, pink leggings, with long hair in two braids and a neutral expression. The background is plain white, with even lighting.","{""shot"": ""full body"", ""pose"": ""standing, hand on visor, other hand holding hoop"", ""clothing"": ""white crop top with pink trim, pink leggings"", ""hair_style"": ""long hair in two braids"", ""background"": ""plain white"", ""lighting"": ""even"", ""expression"": ""neutral""}",{},Qwen/Qwen3-VL-8B-Instruct,C:\Users\maruk\Documents\makeLora\caption_vl,520b2e05079402e9468a8701d03d1154d14b2599593afb6effa7fb60c1bff070,12ae9d3ebe9f45fe6b6be2b0f3eabd489f6e52632c0f1367b6ae20454c0fd7f8,"{""do_sample"": false, ""dtype"": ""bf16"", ""max_pixels"": 786432, ""max_new_tokens"": 512}",PENDING_HUMAN_REVIEW,natural_sentence_v1
STEP10_PACKAGING,sasha_rh_23.png,スクリーンショット 2026-09-30 110933.png,Sash_high_identity-img/スクリーンショット 2026-09-30 110933.png,C:\Users\maruk\Documents\Genelate_img\Sasha_re_codex\real_human_lora\work\frames_raw\Sash_high_identity-img\スクリーンショット 2026-09-30 110933.png,C:\Users\maruk\Documents\Genelate_img\Sasha_re_codex\real_human_lora\work\frames_raw\Sash_high_identity-img\スクリーンショット 2026-09-30 110933.png,039598d8883d320f0faf23e0a92e89930e7c8f4431dc8e385b759b5862aaab20,039598d8883d320f0faf23e0a92e89930e7c8f4431dc8e385b759b5862aaab20,b09674fe16b281285380bd5ae7c3d3585b2f787347d7672c74dd053bbbc968c4,0aee90574e714fb5b6d50709136243fa,STEP8_ORIGINAL,CLOSE_UP,RIGHT_3Q,1440,2241,1440,2240,SKIPPED_NOT_NEEDED,wearing athletic sportswear,hair tied up in a neat ponytail,calm neutral expression with soft gaze,studio environment with neutral clean background,clean professional studio lighting,"extreme close-up portrait of sasha_rh, a young woman, turned slightly in three-quarter view to the right, calm neutral expression with soft gaze, wearing athletic sportswear, hair tied up in a neat ponytail, studio environment with neutral clean background, clean professional studio lighting, high detail, authentic raw skin texture, 8k photo","sasha_rh, 1girl, solo, close up, right 3q, calm neutral expression with soft gaze, wearing athletic sportswear, hair tied up in a neat ponytail, studio environment with neutral clean background, clean professional studio lighting, photorealistic",C:\Users\maruk\Documents\Genelate_img\Sasha_re_codex\real_human_lora\output\dataset_flux\sasha_rh_23.png,83316fd9703496fedad5a000216db5d2efdd7b042da5d12ff09751fe5a7f853d,"{
  ""shot"": ""head and shoulders"",
  ""pose"": ""front-facing"",
  ""clothing"": ""pink tie-dye sweatshirt"",
  ""hair_style"": ""long hair with side part"",
  ""background"": ""speckled wall"",
  ""lighting"": ""even"",
  ""expression"": ""neutral""
}",False,"sasha_rh. A woman is facing forward in a head-and-shoulders shot, wearing a pink tie-dye sweatshirt, with long hair with side part and a neutral expression. The background is speckled wall, with even lighting.","{""shot"": ""head and shoulders"", ""pose"": ""front-facing"", ""clothing"": ""pink tie-dye sweatshirt"", ""hair_style"": ""long hair with side part"", ""background"": ""speckled wall"", ""lighting"": ""even"", ""expression"": ""neutral""}",{},Qwen/Qwen3-VL-8B-Instruct,C:\Users\maruk\Documents\makeLora\caption_vl,520b2e05079402e9468a8701d03d1154d14b2599593afb6effa7fb60c1bff070,12ae9d3ebe9f45fe6b6be2b0f3eabd489f6e52632c0f1367b6ae20454c0fd7f8,"{""do_sample"": false, ""dtype"": ""bf16"", ""max_pixels"": 786432, ""max_new_tokens"": 512}",PENDING_HUMAN_REVIEW,natural_sentence_v1
STEP10_PACKAGING,sasha_rh_24.png,スクリーンショット 2026-09-30 111857.png,Sash_high_identity-img/スクリーンショット 2026-09-30 111857.png,C:\Users\maruk\Documents\Genelate_img\Sasha_re_codex\real_human_lora\work\frames_raw\Sash_high_identity-img\スクリーンショット 2026-09-30 111857.png,C:\Users\maruk\Documents\Genelate_img\Sasha_re_codex\real_human_lora\work\frames_raw\Sash_high_identity-img\スクリーンショット 2026-09-30 111857.png,e08a6b7a2c2c68f6a312a5d6edadd218afdb9c13197e19148413e123c322c05b,e08a6b7a2c2c68f6a312a5d6edadd218afdb9c13197e19148413e123c322c05b,b09674fe16b281285380bd5ae7c3d3585b2f787347d7672c74dd053bbbc968c4,0aee90574e714fb5b6d50709136243fa,STEP8_ORIGINAL,FULL_BODY,FRONT,1440,2986,1440,2992,SKIPPED_NOT_NEEDED,wearing a floral summer dress,long dark hair falling over shoulders,gentle warm smile looking at camera,sunlit room with window shadows in background,soft golden hour sunlight with gentle shadows,"full body wide shot of sasha_rh, a young woman, facing forward towards camera, gentle warm smile looking at camera, wearing a floral summer dress, long dark hair falling over shoulders, sunlit room with window shadows in background, soft golden hour sunlight with gentle shadows, high detail, authentic raw skin texture, 8k photo","sasha_rh, 1girl, solo, full body, front, gentle warm smile looking at camera, wearing a floral summer dress, long dark hair falling over shoulders, sunlit room with window shadows in background, soft golden hour sunlight with gentle shadows, photorealistic",C:\Users\maruk\Documents\Genelate_img\Sasha_re_codex\real_human_lora\output\dataset_flux\sasha_rh_24.png,085877a5f6e0d105ac934861d4b7386f5491f8442cbc2522f384dc2a165433cb,"{
  ""shot"": ""full body"",
  ""pose"": ""hand near face"",
  ""clothing"": ""pink floral halter dress with bow belt"",
  ""hair_style"": ""long hair"",
  ""background"": ""poolside with white wall and greenery"",
  ""lighting"": ""bright sunlight"",
  ""expression"": ""smiling""
}",False,"sasha_rh. A woman is shown in a full-body shot, wearing a pink floral halter dress with bow belt, with long hair and a smiling. The background is poolside with white wall and greenery, with bright sunlight.","{""shot"": ""full body"", ""pose"": ""hand near face"", ""clothing"": ""pink floral halter dress with bow belt"", ""hair_style"": ""long hair"", ""background"": ""poolside with white wall and greenery"", ""lighting"": ""bright sunlight"", ""expression"": ""smiling""}","{""pose"": ""PROHIBITED_CONTENT""}",Qwen/Qwen3-VL-8B-Instruct,C:\Users\maruk\Documents\makeLora\caption_vl,520b2e05079402e9468a8701d03d1154d14b2599593afb6effa7fb60c1bff070,12ae9d3ebe9f45fe6b6be2b0f3eabd489f6e52632c0f1367b6ae20454c0fd7f8,"{""do_sample"": false, ""dtype"": ""bf16"", ""max_pixels"": 786432, ""max_new_tokens"": 512}",PENDING_HUMAN_REVIEW,natural_sentence_v1
STEP10_PACKAGING,sasha_rh_25.png,スクリーンショット 2026-09-30 105518.png,Sash_high_identity-img/スクリーンショット 2026-09-30 105518.png,C:\Users\maruk\Documents\Genelate_img\Sasha_re_codex\real_human_lora\work\frames_raw\Sash_high_identity-img\スクリーンショット 2026-09-30 105518.png,C:\Users\maruk\Documents\Genelate_img\Sasha_re_codex\real_human_lora\work\frames_raw\Sash_high_identity-img\スクリーンショット 2026-09-30 105518.png,ca5b6f723dff330e6dcaa087927cc16683eff75cae8019b43c04386117c9c931,ca5b6f723dff330e6dcaa087927cc16683eff75cae8019b43c04386117c9c931,b09674fe16b281285380bd5ae7c3d3585b2f787347d7672c74dd053bbbc968c4,0aee90574e714fb5b6d50709136243fa,STEP8_ORIGINAL,FULL_BODY,FRONT,1440,2043,1440,2048,SKIPPED_NOT_NEEDED,wearing a warm knitted sweater,hair tied up in a neat ponytail,calm neutral expression with soft gaze,studio environment with neutral clean background,bright airy window light,"full body wide shot of sasha_rh, a young woman, facing forward towards camera, calm neutral expression with soft gaze, wearing a warm knitted sweater, hair tied up in a neat ponytail, studio environment with neutral clean background, bright airy window light, high detail, authentic raw skin texture, 8k photo","sasha_rh, 1girl, solo, full body, front, calm neutral expression with soft gaze, wearing a warm knitted sweater, hair tied up in a neat ponytail, studio environment with neutral clean background, bright airy window light, photorealistic",C:\Users\maruk\Documents\Genelate_img\Sasha_re_codex\real_human_lora\output\dataset_flux\sasha_rh_25.png,a9888b97ebd4fe3a012075d745deb609ccb1d4a5bca2418272a37532c4bcc136,"{
  ""shot"": ""full body"",
  ""pose"": ""front view"",
  ""clothing"": ""light blue sweatshirt with butterfly applique and ruffled sleeves, white layered skirt"",
  ""hair_style"": ""long wavy hair with side part"",
  ""background"": ""plain white"",
  ""lighting"": ""even studio lighting"",
  ""expression"": ""neutral with slight smile""
}",False,"sasha_rh. A woman is facing forward in a full-body shot, wearing a light blue sweatshirt with butterfly applique and ruffled sleeves, white layered skirt, with long wavy hair with side part and a neutral with slight smile expression. The background is plain white, with even studio lighting.","{""shot"": ""full body"", ""pose"": ""front view"", ""clothing"": ""light blue sweatshirt with butterfly applique and ruffled sleeves, white layered skirt"", ""hair_style"": ""long wavy hair with side part"", ""background"": ""plain white"", ""lighting"": ""even studio lighting"", ""expression"": ""neutral with slight smile""}",{},Qwen/Qwen3-VL-8B-Instruct,C:\Users\maruk\Documents\makeLora\caption_vl,520b2e05079402e9468a8701d03d1154d14b2599593afb6effa7fb60c1bff070,12ae9d3ebe9f45fe6b6be2b0f3eabd489f6e52632c0f1367b6ae20454c0fd7f8,"{""do_sample"": false, ""dtype"": ""bf16"", ""max_pixels"": 786432, ""max_new_tokens"": 512}",PENDING_HUMAN_REVIEW,natural_sentence_v1
STEP10_PACKAGING,sasha_rh_26.png,Sasha_v05_021.png,Sasha_v05/Sasha_v05_021.png,C:\Users\maruk\Documents\Genelate_img\Sasha_re_codex\real_human_lora\work\frames_raw\Sasha_v05\Sasha_v05_021.png,C:\Users\maruk\Documents\Genelate_img\Sasha_re_codex\real_human_lora\work\frames_raw\Sasha_v05\Sasha_v05_021.png,62833f8c8ab82df9d18b3fa299130e152fbe8e52505141860f8babece139ff68,62833f8c8ab82df9d18b3fa299130e152fbe8e52505141860f8babece139ff68,bd72f194f62260fb728b77b26c75c5491b178908bff53393e197c11137bf9a40,0aee90574e714fb5b6d50709136243fa,STEP8_ORIGINAL,FULL_BODY,FRONT,2160,3840,2160,3840,SKIPPED_NOT_NEEDED,wearing a casual white t-shirt,hair tied up in a neat ponytail,gentle warm smile looking at camera,studio environment with neutral clean background,clean professional studio lighting,"full body wide shot of sasha_rh, a young woman, facing forward towards camera, gentle warm smile looking at camera, wearing a casual white t-shirt, hair tied up in a neat ponytail, studio environment with neutral clean background, clean professional studio lighting, high detail, authentic raw skin texture, 8k photo","sasha_rh, 1girl, solo, full body, front, gentle warm smile looking at camera, wearing a casual white t-shirt, hair tied up in a neat ponytail, studio environment with neutral clean background, clean professional studio lighting, photorealistic",C:\Users\maruk\Documents\Genelate_img\Sasha_re_codex\real_human_lora\output\dataset_flux\sasha_rh_26.png,17a7fb82257c501661f32b52a472d9f764ffd47f41409232abfe4f36df773d4a,"{
  ""shot"": ""full body"",
  ""pose"": ""facing forward, hands raised"",
  ""clothing"": ""white t-shirt with black cursive text, brown plaid skirt"",
  ""hair_style"": ""long wavy hair"",
  ""background"": ""outdoor pool area"",
  ""lighting"": ""natural daylight"",
  ""expression"": ""smiling""
}",False,"sasha_rh. A woman is facing forward, hands raised in a full-body shot, wearing a white t-shirt with black cursive text, brown plaid skirt, with long wavy hair and a smiling. The setting is outdoors pool area, with natural daylight.","{""shot"": ""full body"", ""pose"": ""facing forward, hands raised"", ""clothing"": ""white t-shirt with black cursive text, brown plaid skirt"", ""hair_style"": ""long wavy hair"", ""background"": ""outdoor pool area"", ""lighting"": ""natural daylight"", ""expression"": ""smiling""}",{},Qwen/Qwen3-VL-8B-Instruct,C:\Users\maruk\Documents\makeLora\caption_vl,520b2e05079402e9468a8701d03d1154d14b2599593afb6effa7fb60c1bff070,12ae9d3ebe9f45fe6b6be2b0f3eabd489f6e52632c0f1367b6ae20454c0fd7f8,"{""do_sample"": false, ""dtype"": ""bf16"", ""max_pixels"": 786432, ""max_new_tokens"": 512}",PENDING_HUMAN_REVIEW,natural_sentence_v1
STEP10_PACKAGING,sasha_rh_27.png,スクリーンショット 2026-09-30 110409.png,Sash_high_identity-img/スクリーンショット 2026-09-30 110409.png,C:\Users\maruk\Documents\Genelate_img\Sasha_re_codex\real_human_lora\work\frames_raw\Sash_high_identity-img\スクリーンショット 2026-09-30 110409.png,C:\Users\maruk\Documents\Genelate_img\Sasha_re_codex\real_human_lora\work\frames_raw\Sash_high_identity-img\スクリーンショット 2026-09-30 110409.png,572862e0937b5ab122f78853f6db2b5d3acdc3b1b2bc2662762e086a03b5107a,572862e0937b5ab122f78853f6db2b5d3acdc3b1b2bc2662762e086a03b5107a,b09674fe16b281285380bd5ae7c3d3585b2f787347d7672c74dd053bbbc968c4,0aee90574e714fb5b6d50709136243fa,STEP8_ORIGINAL,UPPER_BODY,LEFT_3Q,1440,2405,1440,2400,SKIPPED_NOT_NEEDED,wearing stylish casual clothes,hair tied up in a neat ponytail,calm neutral expression with soft gaze,studio environment with neutral clean background,clean professional studio lighting,"upper body portrait of sasha_rh, a young woman, turned slightly in three-quarter view to the left, calm neutral expression with soft gaze, wearing stylish casual clothes, hair tied up in a neat ponytail, studio environment with neutral clean background, clean professional studio lighting, high detail, authentic raw skin texture, 8k photo","sasha_rh, 1girl, solo, upper body, left 3q, calm neutral expression with soft gaze, wearing stylish casual clothes, hair tied up in a neat ponytail, studio environment with neutral clean background, clean professional studio lighting, photorealistic",C:\Users\maruk\Documents\Genelate_img\Sasha_re_codex\real_human_lora\output\dataset_flux\sasha_rh_27.png,0f7d4c9d26d2266a1943c8369d249d12feac474b31efe2a06cd0bc1ff76ebffe,"{
  ""shot"": ""full torso"",
  ""pose"": ""facing front"",
  ""clothing"": ""light green polo dress with white collar and black trim"",
  ""hair_style"": ""hair in ponytail"",
  ""background"": ""floral arrangement"",
  ""lighting"": ""bright"",
  ""expression"": ""smiling""
}",False,"sasha_rh. A woman is facing forward in a full torso, wearing a light green polo dress with white collar and black trim, with hair in ponytail and a smiling. The background is floral arrangement, with bright lighting.","{""shot"": ""full torso"", ""pose"": ""facing front"", ""clothing"": ""light green polo dress with white collar and black trim"", ""hair_style"": ""hair in ponytail"", ""background"": ""floral arrangement"", ""lighting"": ""bright"", ""expression"": ""smiling""}",{},Qwen/Qwen3-VL-8B-Instruct,C:\Users\maruk\Documents\makeLora\caption_vl,520b2e05079402e9468a8701d03d1154d14b2599593afb6effa7fb60c1bff070,12ae9d3ebe9f45fe6b6be2b0f3eabd489f6e52632c0f1367b6ae20454c0fd7f8,"{""do_sample"": false, ""dtype"": ""bf16"", ""max_pixels"": 786432, ""max_new_tokens"": 512}",PENDING_HUMAN_REVIEW,natural_sentence_v1
STEP10_PACKAGING,sasha_rh_28.png,スクリーンショット 2026-09-30 110424.png,Sash_high_identity-img/スクリーンショット 2026-09-30 110424.png,C:\Users\maruk\Documents\Genelate_img\Sasha_re_codex\real_human_lora\work\frames_raw\Sash_high_identity-img\スクリーンショット 2026-09-30 110424.png,C:\Users\maruk\Documents\Genelate_img\Sasha_re_codex\real_human_lora\work\frames_raw\Sash_high_identity-img\スクリーンショット 2026-09-30 110424.png,2a1b6fa8f24cc5ea4a658d6851c65c5f986488949ccb7d07c7d09d4e390151cd,2a1b6fa8f24cc5ea4a658d6851c65c5f986488949ccb7d07c7d09d4e390151cd,b09674fe16b281285380bd5ae7c3d3585b2f787347d7672c74dd053bbbc968c4,0aee90574e714fb5b6d50709136243fa,STEP8_ORIGINAL,CLOSE_UP,FRONT,1440,2706,1440,2704,SKIPPED_NOT_NEEDED,wearing a casual white t-shirt,hair tied up in a neat ponytail,gentle warm smile looking at camera,sunlit room with window shadows in background,soft golden hour sunlight with gentle shadows,"extreme close-up portrait of sasha_rh, a young woman, facing forward towards camera, gentle warm smile looking at camera, wearing a casual white t-shirt, hair tied up in a neat ponytail, sunlit room with window shadows in background, soft golden hour sunlight with gentle shadows, high detail, authentic raw skin texture, 8k photo","sasha_rh, 1girl, solo, close up, front, gentle warm smile looking at camera, wearing a casual white t-shirt, hair tied up in a neat ponytail, sunlit room with window shadows in background, soft golden hour sunlight with gentle shadows, photorealistic",C:\Users\maruk\Documents\Genelate_img\Sasha_re_codex\real_human_lora\output\dataset_flux\sasha_rh_28.png,cc7d2f6706aeab4f5711c1e844ac334b4ed181841976320e9473662162ee5788,"{
  ""shot"": ""head and shoulders"",
  ""pose"": ""facing camera"",
  ""clothing"": ""grey and black raglan t-shirt with black text print"",
  ""hair_style"": ""long wavy hair"",
  ""background"": ""green grass and trees"",
  ""lighting"": ""golden hour"",
  ""expression"": ""smiling""
}",False,"sasha_rh. A woman is facing camera in a head-and-shoulders shot, wearing a grey and black raglan t-shirt with black text print, with long wavy hair and a smiling. The background is green grass and trees, with golden hour lighting.","{""shot"": ""head and shoulders"", ""pose"": ""facing camera"", ""clothing"": ""grey and black raglan t-shirt with black text print"", ""hair_style"": ""long wavy hair"", ""background"": ""green grass and trees"", ""lighting"": ""golden hour"", ""expression"": ""smiling""}",{},Qwen/Qwen3-VL-8B-Instruct,C:\Users\maruk\Documents\makeLora\caption_vl,520b2e05079402e9468a8701d03d1154d14b2599593afb6effa7fb60c1bff070,12ae9d3ebe9f45fe6b6be2b0f3eabd489f6e52632c0f1367b6ae20454c0fd7f8,"{""do_sample"": false, ""dtype"": ""bf16"", ""max_pixels"": 786432, ""max_new_tokens"": 512}",PENDING_HUMAN_REVIEW,natural_sentence_v1
STEP10_PACKAGING,sasha_rh_29.png,スクリーンショット 2026-09-30 110504.png,Sash_high_identity-img/スクリーンショット 2026-09-30 110504.png,C:\Users\maruk\Documents\Genelate_img\Sasha_re_codex\real_human_lora\work\frames_raw\Sash_high_identity-img\スクリーンショット 2026-09-30 110504.png,C:\Users\maruk\Documents\Genelate_img\Sasha_re_codex\real_human_lora\work\frames_raw\Sash_high_identity-img\スクリーンショット 2026-09-30 110504.png,6a6adfe01ab3f532088b9fddfff186e13aebcf6f76b944ba93e3b05bb1858b0a,6a6adfe01ab3f532088b9fddfff186e13aebcf6f76b944ba93e3b05bb1858b0a,b09674fe16b281285380bd5ae7c3d3585b2f787347d7672c74dd053bbbc968c4,0aee90574e714fb5b6d50709136243fa,STEP8_ORIGINAL,UPPER_BODY,FRONT,1440,2253,1440,2256,SKIPPED_NOT_NEEDED,wearing athletic sportswear,wavy brunette hair with natural texture,gentle warm smile looking at camera,studio environment with neutral clean background,bright airy window light,"upper body portrait of sasha_rh, a young woman, facing forward towards camera, gentle warm smile looking at camera, wearing athletic sportswear, wavy brunette hair with natural texture, studio environment with neutral clean background, bright airy window light, high detail, authentic raw skin texture, 8k photo","sasha_rh, 1girl, solo, upper body, front, gentle warm smile looking at camera, wearing athletic sportswear, wavy brunette hair with natural texture, studio environment with neutral clean background, bright airy window light, photorealistic",C:\Users\maruk\Documents\Genelate_img\Sasha_re_codex\real_human_lora\output\dataset_flux\sasha_rh_29.png,342f1a6eb1b3c6099b6f6202f7cdd5e0f06f119d4927118c8948140ae1f4d6a7,"{
  ""shot"": ""medium"",
  ""pose"": ""sitting"",
  ""clothing"": ""black one-piece swimsuit with Mickey Mouse graphic"",
  ""hair_style"": ""long wavy hair"",
  ""background"": ""beach with ocean and boat"",
  ""lighting"": ""overcast"",
  ""expression"": ""neutral""
}",False,"sasha_rh. A woman is sitting in a medium shot, wearing a black one-piece swimsuit with Mickey Mouse graphic, with long wavy hair and a neutral expression. The background is beach with ocean and boat, with overcast lighting.","{""shot"": ""medium"", ""pose"": ""sitting"", ""clothing"": ""black one-piece swimsuit with Mickey Mouse graphic"", ""hair_style"": ""long wavy hair"", ""background"": ""beach with ocean and boat"", ""lighting"": ""overcast"", ""expression"": ""neutral""}",{},Qwen/Qwen3-VL-8B-Instruct,C:\Users\maruk\Documents\makeLora\caption_vl,520b2e05079402e9468a8701d03d1154d14b2599593afb6effa7fb60c1bff070,12ae9d3ebe9f45fe6b6be2b0f3eabd489f6e52632c0f1367b6ae20454c0fd7f8,"{""do_sample"": false, ""dtype"": ""bf16"", ""max_pixels"": 786432, ""max_new_tokens"": 512}",PENDING_HUMAN_REVIEW,natural_sentence_v1
STEP10_PACKAGING,sasha_rh_30.png,スクリーンショット 2026-09-30 110039.png,Sash_high_identity-img/スクリーンショット 2026-09-30 110039.png,C:\Users\maruk\Documents\Genelate_img\Sasha_re_codex\real_human_lora\work\frames_raw\Sash_high_identity-img\スクリーンショット 2026-09-30 110039.png,C:\Users\maruk\Documents\Genelate_img\Sasha_re_codex\real_human_lora\work\frames_raw\Sash_high_identity-img\スクリーンショット 2026-09-30 110039.png,2144136bb1d9e3e9bd4b1b132b88c224f8c54962ba06dfdbe6b597572002482d,2144136bb1d9e3e9bd4b1b132b88c224f8c54962ba06dfdbe6b597572002482d,b09674fe16b281285380bd5ae7c3d3585b2f787347d7672c74dd053bbbc968c4,0aee90574e714fb5b6d50709136243fa,STEP8_ORIGINAL,FULL_BODY,FRONT,1440,2170,1440,2176,SKIPPED_NOT_NEEDED,wearing stylish casual clothes,hair tied up in a neat ponytail,calm neutral expression with soft gaze,studio environment with neutral clean background,bright airy window light,"full body wide shot of sasha_rh, a young woman, facing forward towards camera, calm neutral expression with soft gaze, wearing stylish casual clothes, hair tied up in a neat ponytail, studio environment with neutral clean background, bright airy window light, high detail, authentic raw skin texture, 8k photo","sasha_rh, 1girl, solo, full body, front, calm neutral expression with soft gaze, wearing stylish casual clothes, hair tied up in a neat ponytail, studio environment with neutral clean background, bright airy window light, photorealistic",C:\Users\maruk\Documents\Genelate_img\Sasha_re_codex\real_human_lora\output\dataset_flux\sasha_rh_30.png,05fca26a353073723a966287db47fa9855029e373f98efae0f4ef9d457c9b944,"{
  ""shot"": ""full body"",
  ""pose"": ""sitting"",
  ""clothing"": ""white long-sleeve pajama set with deer and star pattern"",
  ""hair_style"": ""long wavy hair"",
  ""background"": ""plain wall"",
  ""lighting"": ""soft"",
  ""expression"": ""smiling""
}",False,"sasha_rh. A woman is sitting in a full-body shot, wearing a white long-sleeve pajama set with deer and star pattern, with long wavy hair and a smiling. The background is plain wall, with soft lighting.","{""shot"": ""full body"", ""pose"": ""sitting"", ""clothing"": ""white long-sleeve pajama set with deer and star pattern"", ""hair_style"": ""long wavy hair"", ""background"": ""plain wall"", ""lighting"": ""soft"", ""expression"": ""smiling""}",{},Qwen/Qwen3-VL-8B-Instruct,C:\Users\maruk\Documents\makeLora\caption_vl,520b2e05079402e9468a8701d03d1154d14b2599593afb6effa7fb60c1bff070,12ae9d3ebe9f45fe6b6be2b0f3eabd489f6e52632c0f1367b6ae20454c0fd7f8,"{""do_sample"": false, ""dtype"": ""bf16"", ""max_pixels"": 786432, ""max_new_tokens"": 512}",PENDING_HUMAN_REVIEW,natural_sentence_v1
STEP10_PACKAGING,sasha_rh_31.png,スクリーンショット 2026-09-30 110146.png,Sash_high_identity-img/スクリーンショット 2026-09-30 110146.png,C:\Users\maruk\Documents\Genelate_img\Sasha_re_codex\real_human_lora\work\frames_raw\Sash_high_identity-img\スクリーンショット 2026-09-30 110146.png,C:\Users\maruk\Documents\Genelate_img\Sasha_re_codex\real_human_lora\work\frames_raw\Sash_high_identity-img\スクリーンショット 2026-09-30 110146.png,8fc91b287245c84dacf198e8926168a23dafec8e757c6fb4d124a44895af10fb,8fc91b287245c84dacf198e8926168a23dafec8e757c6fb4d124a44895af10fb,b09674fe16b281285380bd5ae7c3d3585b2f787347d7672c74dd053bbbc968c4,0aee90574e714fb5b6d50709136243fa,STEP8_ORIGINAL,FULL_BODY,RIGHT_3Q,1783,1440,1776,1440,SKIPPED_NOT_NEEDED,wearing casual modern streetwear,hair tied up in a neat ponytail,gentle warm smile looking at camera,studio environment with neutral clean background,clean professional studio lighting,"full body wide shot of sasha_rh, a young woman, turned slightly in three-quarter view to the right, gentle warm smile looking at camera, wearing casual modern streetwear, hair tied up in a neat ponytail, studio environment with neutral clean background, clean professional studio lighting, high detail, authentic raw skin texture, 8k photo","sasha_rh, 1girl, solo, full body, right 3q, gentle warm smile looking at camera, wearing casual modern streetwear, hair tied up in a neat ponytail, studio environment with neutral clean background, clean professional studio lighting, photorealistic",C:\Users\maruk\Documents\Genelate_img\Sasha_re_codex\real_human_lora\output\dataset_flux\sasha_rh_31.png,a3ee3723770fe3caf7320c8f53d8f429c8b9f3d777e4c232dc0932b036df367e,"{
  ""shot"": ""medium"",
  ""pose"": ""sitting"",
  ""clothing"": ""white t-shirt with fruit graphic, white shorts"",
  ""hair_style"": ""hair in ponytail with headband"",
  ""background"": ""water and mountains"",
  ""lighting"": ""overcast"",
  ""expression"": ""neutral""
}",False,"sasha_rh. A woman is sitting in a medium shot, wearing white t-shirt with fruit graphic, white shorts, with hair in ponytail with headband and a neutral expression. The background is water and mountains, with overcast lighting.","{""shot"": ""medium"", ""pose"": ""sitting"", ""clothing"": ""white t-shirt with fruit graphic, white shorts"", ""hair_style"": ""hair in ponytail with headband"", ""background"": ""water and mountains"", ""lighting"": ""overcast"", ""expression"": ""neutral""}",{},Qwen/Qwen3-VL-8B-Instruct,C:\Users\maruk\Documents\makeLora\caption_vl,520b2e05079402e9468a8701d03d1154d14b2599593afb6effa7fb60c1bff070,12ae9d3ebe9f45fe6b6be2b0f3eabd489f6e52632c0f1367b6ae20454c0fd7f8,"{""do_sample"": false, ""dtype"": ""bf16"", ""max_pixels"": 786432, ""max_new_tokens"": 512}",PENDING_HUMAN_REVIEW,natural_sentence_v1
STEP10_PACKAGING,sasha_rh_32.png,Sasha_v22_020.png,Sasha_v22/Sasha_v22_020.png,C:\Users\maruk\Documents\Genelate_img\Sasha_re_codex\real_human_lora\work\frames_raw\Sasha_v22\Sasha_v22_020.png,C:\Users\maruk\Documents\Genelate_img\Sasha_re_codex\real_human_lora\work\frames_raw\Sasha_v22\Sasha_v22_020.png,1e87833fca47593501ecae97a6a74ad983a2ec6c6de93cb990bbb92f4c57c0f7,1e87833fca47593501ecae97a6a74ad983a2ec6c6de93cb990bbb92f4c57c0f7,bd72f194f62260fb728b77b26c75c5491b178908bff53393e197c11137bf9a40,0aee90574e714fb5b6d50709136243fa,STEP8_ORIGINAL,CLOSE_UP,LEFT_3Q,2160,3840,2160,3840,SKIPPED_NOT_NEEDED,wearing a casual white t-shirt,hair tied up in a neat ponytail,serious focused expression,studio environment with neutral clean background,clean professional studio lighting,"extreme close-up portrait of sasha_rh, a young woman, turned slightly in three-quarter view to the left, serious focused expression, wearing a casual white t-shirt, hair tied up in a neat ponytail, studio environment with neutral clean background, clean professional studio lighting, high detail, authentic raw skin texture, 8k photo","sasha_rh, 1girl, solo, close up, left 3q, serious focused expression, wearing a casual white t-shirt, hair tied up in a neat ponytail, studio environment with neutral clean background, clean professional studio lighting, photorealistic",C:\Users\maruk\Documents\Genelate_img\Sasha_re_codex\real_human_lora\output\dataset_flux\sasha_rh_32.png,5f3af3391d7bb82f7d406e14691fcbeaa6820b648d228576c19905b361afc15a,"{
  ""shot"": ""medium close-up"",
  ""pose"": ""facing camera"",
  ""clothing"": ""white ribbed polo shirt with black trim"",
  ""hair_style"": ""hair tied back"",
  ""background"": ""car interior with buildings outside"",
  ""lighting"": ""natural daylight"",
  ""expression"": ""neutral""
}",False,"sasha_rh. A woman is facing camera in a medium close-up, wearing a white ribbed polo shirt with black trim, with hair tied back and a neutral expression. The background is car interior with buildings outside, with natural daylight.","{""shot"": ""medium close-up"", ""pose"": ""facing camera"", ""clothing"": ""white ribbed polo shirt with black trim"", ""hair_style"": ""hair tied back"", ""background"": ""car interior with buildings outside"", ""lighting"": ""natural daylight"", ""expression"": ""neutral""}",{},Qwen/Qwen3-VL-8B-Instruct,C:\Users\maruk\Documents\makeLora\caption_vl,520b2e05079402e9468a8701d03d1154d14b2599593afb6effa7fb60c1bff070,12ae9d3ebe9f45fe6b6be2b0f3eabd489f6e52632c0f1367b6ae20454c0fd7f8,"{""do_sample"": false, ""dtype"": ""bf16"", ""max_pixels"": 786432, ""max_new_tokens"": 512}",PENDING_HUMAN_REVIEW,natural_sentence_v1
STEP10_PACKAGING,sasha_rh_33.png,Sasha_v41_005.png,Sasha_v41/Sasha_v41_005.png,C:\Users\maruk\Documents\Genelate_img\Sasha_re_codex\real_human_lora\work\frames_raw\Sasha_v41\Sasha_v41_005.png,C:\Users\maruk\Documents\Genelate_img\Sasha_re_codex\real_human_lora\work\frames_raw\Sasha_v41\Sasha_v41_005.png,8337064d693533ddb8392c91635f121b67b677f0aa36633db0c8a7d20c5ffbc3,8337064d693533ddb8392c91635f121b67b677f0aa36633db0c8a7d20c5ffbc3,bd72f194f62260fb728b77b26c75c5491b178908bff53393e197c11137bf9a40,0aee90574e714fb5b6d50709136243fa,STEP8_ORIGINAL,CLOSE_UP,FRONT,2160,3840,2160,3840,SKIPPED_NOT_NEEDED,wearing a casual white t-shirt,hair tied up in a neat ponytail,gentle warm smile looking at camera,studio environment with neutral clean background,bright airy window light,"extreme close-up portrait of sasha_rh, a young woman, facing forward towards camera, gentle warm smile looking at camera, wearing a casual white t-shirt, hair tied up in a neat ponytail, studio environment with neutral clean background, bright airy window light, high detail, authentic raw skin texture, 8k photo","sasha_rh, 1girl, solo, close up, front, gentle warm smile looking at camera, wearing a casual white t-shirt, hair tied up in a neat ponytail, studio environment with neutral clean background, bright airy window light, photorealistic",C:\Users\maruk\Documents\Genelate_img\Sasha_re_codex\real_human_lora\output\dataset_flux\sasha_rh_33.png,eb1c275d30acea61b4f5eb241272e58e0ccaba78af6861e65e9e64d8fb47aa56,"{
  ""shot"": ""close-up"",
  ""pose"": ""facing forward"",
  ""clothing"": ""white shirt with cartoon characters"",
  ""hair_style"": ""hair pulled back"",
  ""background"": ""indoor wall with faint mural"",
  ""lighting"": ""even indoor"",
  ""expression"": ""smiling""
}",False,"sasha_rh. A woman is facing forward in a close-up shot, wearing a white shirt with cartoon characters, with hair pulled back and a smiling. The setting is indoors wall with faint mural, with even indoor lighting.","{""shot"": ""close-up"", ""pose"": ""facing forward"", ""clothing"": ""white shirt with cartoon characters"", ""hair_style"": ""hair pulled back"", ""background"": ""indoor wall with faint mural"", ""lighting"": ""even indoor"", ""expression"": ""smiling""}",{},Qwen/Qwen3-VL-8B-Instruct,C:\Users\maruk\Documents\makeLora\caption_vl,520b2e05079402e9468a8701d03d1154d14b2599593afb6effa7fb60c1bff070,12ae9d3ebe9f45fe6b6be2b0f3eabd489f6e52632c0f1367b6ae20454c0fd7f8,"{""do_sample"": false, ""dtype"": ""bf16"", ""max_pixels"": 786432, ""max_new_tokens"": 512}",PENDING_HUMAN_REVIEW,natural_sentence_v1
STEP10_PACKAGING,sasha_rh_34.png,Sasha_v22_035.png,Sasha_v22/Sasha_v22_035.png,C:\Users\maruk\Documents\Genelate_img\Sasha_re_codex\real_human_lora\work\frames_raw\Sasha_v22\Sasha_v22_035.png,C:\Users\maruk\Documents\Genelate_img\Sasha_re_codex\real_human_lora\work\frames_raw\Sasha_v22\Sasha_v22_035.png,abe38c9fd5c7b35edc1f0b7e8dbe833cbcf3189f2ec3185347fc8dcfd855ac0e,abe38c9fd5c7b35edc1f0b7e8dbe833cbcf3189f2ec3185347fc8dcfd855ac0e,bd72f194f62260fb728b77b26c75c5491b178908bff53393e197c11137bf9a40,0aee90574e714fb5b6d50709136243fa,STEP8_ORIGINAL,CLOSE_UP,FRONT,2160,3840,2160,3840,SKIPPED_NOT_NEEDED,wearing a casual white t-shirt,hair tied up in a neat ponytail,serious focused expression,studio environment with neutral clean background,clean professional studio lighting,"extreme close-up portrait of sasha_rh, a young woman, facing forward towards camera, serious focused expression, wearing a casual white t-shirt, hair tied up in a neat ponytail, studio environment with neutral clean background, clean professional studio lighting, high detail, authentic raw skin texture, 8k photo","sasha_rh, 1girl, solo, close up, front, serious focused expression, wearing a casual white t-shirt, hair tied up in a neat ponytail, studio environment with neutral clean background, clean professional studio lighting, photorealistic",C:\Users\maruk\Documents\Genelate_img\Sasha_re_codex\real_human_lora\output\dataset_flux\sasha_rh_34.png,71774732cfae814ebed6121195d5eac2d2b2c688015b45962bdd0460e4938d6b,"{
  ""shot"": ""close-up"",
  ""pose"": ""facing camera"",
  ""clothing"": ""white ribbed polo shirt with black trim"",
  ""hair_style"": ""hair pulled back"",
  ""background"": ""car interior"",
  ""lighting"": ""natural daylight"",
  ""expression"": ""mouth open""
}",False,"sasha_rh. A woman is facing camera in a close-up shot, wearing a white ribbed polo shirt with black trim, with hair pulled back and a mouth open expression. The background is car interior, with natural daylight.","{""shot"": ""close-up"", ""pose"": ""facing camera"", ""clothing"": ""white ribbed polo shirt with black trim"", ""hair_style"": ""hair pulled back"", ""background"": ""car interior"", ""lighting"": ""natural daylight"", ""expression"": ""mouth open""}",{},Qwen/Qwen3-VL-8B-Instruct,C:\Users\maruk\Documents\makeLora\caption_vl,520b2e05079402e9468a8701d03d1154d14b2599593afb6effa7fb60c1bff070,12ae9d3ebe9f45fe6b6be2b0f3eabd489f6e52632c0f1367b6ae20454c0fd7f8,"{""do_sample"": false, ""dtype"": ""bf16"", ""max_pixels"": 786432, ""max_new_tokens"": 512}",PENDING_HUMAN_REVIEW,natural_sentence_v1
STEP10_PACKAGING,sasha_rh_35.png,スクリーンショット 2026-09-30 110956.png,Sash_high_identity-img/スクリーンショット 2026-09-30 110956.png,C:\Users\maruk\Documents\Genelate_img\Sasha_re_codex\real_human_lora\work\frames_raw\Sash_high_identity-img\スクリーンショット 2026-09-30 110956.png,C:\Users\maruk\Documents\Genelate_img\Sasha_re_codex\real_human_lora\work\frames_raw\Sash_high_identity-img\スクリーンショット 2026-09-30 110956.png,39f50451c23a76c75723bfcbf9b8ca3bdf2d6932d66b2be28894cbe17f5c3da1,39f50451c23a76c75723bfcbf9b8ca3bdf2d6932d66b2be28894cbe17f5c3da1,b09674fe16b281285380bd5ae7c3d3585b2f787347d7672c74dd053bbbc968c4,0aee90574e714fb5b6d50709136243fa,STEP8_ORIGINAL,FULL_BODY,FRONT,1440,2165,1440,2160,SKIPPED_NOT_NEEDED,wearing athletic sportswear,hair tied up in a neat ponytail,gentle warm smile looking at camera,studio environment with neutral clean background,clean professional studio lighting,"full body wide shot of sasha_rh, a young woman, facing forward towards camera, gentle warm smile looking at camera, wearing athletic sportswear, hair tied up in a neat ponytail, studio environment with neutral clean background, clean professional studio lighting, high detail, authentic raw skin texture, 8k photo","sasha_rh, 1girl, solo, full body, front, gentle warm smile looking at camera, wearing athletic sportswear, hair tied up in a neat ponytail, studio environment with neutral clean background, clean professional studio lighting, photorealistic",C:\Users\maruk\Documents\Genelate_img\Sasha_re_codex\real_human_lora\output\dataset_flux\sasha_rh_35.png,5312131dfe95e35b715cab0c5248a13dca54473d75d81b4fc1416f03219cf241,"{
  ""shot"": ""full body"",
  ""pose"": ""standing"",
  ""clothing"": ""pink t-shirt with white text, white skirt"",
  ""hair_style"": ""hair in loose waves"",
  ""background"": ""red track with buildings"",
  ""lighting"": ""overcast"",
  ""expression"": ""neutral""
}",False,"sasha_rh. A woman is standing in a full-body shot, wearing a pink t-shirt with white text, white skirt, with hair in loose waves and a neutral expression. The background is red track with buildings, with overcast lighting.","{""shot"": ""full body"", ""pose"": ""standing"", ""clothing"": ""pink t-shirt with white text, white skirt"", ""hair_style"": ""hair in loose waves"", ""background"": ""red track with buildings"", ""lighting"": ""overcast"", ""expression"": ""neutral""}",{},Qwen/Qwen3-VL-8B-Instruct,C:\Users\maruk\Documents\makeLora\caption_vl,520b2e05079402e9468a8701d03d1154d14b2599593afb6effa7fb60c1bff070,12ae9d3ebe9f45fe6b6be2b0f3eabd489f6e52632c0f1367b6ae20454c0fd7f8,"{""do_sample"": false, ""dtype"": ""bf16"", ""max_pixels"": 786432, ""max_new_tokens"": 512}",PENDING_HUMAN_REVIEW,natural_sentence_v1
STEP10_PACKAGING,sasha_rh_36.png,Sasha_v08_020.png,Sasha_v08/Sasha_v08_020.png,C:\Users\maruk\Documents\Genelate_img\Sasha_re_codex\real_human_lora\work\frames_raw\Sasha_v08\Sasha_v08_020.png,C:\Users\maruk\Documents\Genelate_img\Sasha_re_codex\real_human_lora\work\frames_raw\Sasha_v08\Sasha_v08_020.png,7e45e25d4167d081f6ce47feecf7886ee22b16df17d3ae6f37508a44ca57f637,7e45e25d4167d081f6ce47feecf7886ee22b16df17d3ae6f37508a44ca57f637,bd72f194f62260fb728b77b26c75c5491b178908bff53393e197c11137bf9a40,0aee90574e714fb5b6d50709136243fa,STEP8_ORIGINAL,UPPER_BODY,RIGHT_3Q,2160,3840,2160,3840,SKIPPED_NOT_NEEDED,wearing a stylish black top,hair tied up in a neat ponytail,gentle warm smile looking at camera,studio environment with neutral clean background,soft golden hour sunlight with gentle shadows,"upper body portrait of sasha_rh, a young woman, turned slightly in three-quarter view to the right, gentle warm smile looking at camera, wearing a stylish black top, hair tied up in a neat ponytail, studio environment with neutral clean background, soft golden hour sunlight with gentle shadows, high detail, authentic raw skin texture, 8k photo","sasha_rh, 1girl, solo, upper body, right 3q, gentle warm smile looking at camera, wearing a stylish black top, hair tied up in a neat ponytail, studio environment with neutral clean background, soft golden hour sunlight with gentle shadows, photorealistic",C:\Users\maruk\Documents\Genelate_img\Sasha_re_codex\real_human_lora\output\dataset_flux\sasha_rh_36.png,19e7653cfe7b59008d9b9a7a8420b17ecd9f5e1bc8616e8260bad6a4f16aca7a,"{
  ""shot"": ""medium close-up"",
  ""pose"": ""arms behind head"",
  ""clothing"": ""black sleeveless top"",
  ""hair_style"": ""long hair"",
  ""background"": ""pond with lily pads"",
  ""lighting"": ""bright daylight"",
  ""expression"": ""smiling""
}",False,"sasha_rh. A woman is shown in arms behind head in a medium close-up, wearing a black sleeveless top, with long hair and a smiling. The background is pond with lily pads, with bright daylight.","{""shot"": ""medium close-up"", ""pose"": ""arms behind head"", ""clothing"": ""black sleeveless top"", ""hair_style"": ""long hair"", ""background"": ""pond with lily pads"", ""lighting"": ""bright daylight"", ""expression"": ""smiling""}",{},Qwen/Qwen3-VL-8B-Instruct,C:\Users\maruk\Documents\makeLora\caption_vl,520b2e05079402e9468a8701d03d1154d14b2599593afb6effa7fb60c1bff070,12ae9d3ebe9f45fe6b6be2b0f3eabd489f6e52632c0f1367b6ae20454c0fd7f8,"{""do_sample"": false, ""dtype"": ""bf16"", ""max_pixels"": 786432, ""max_new_tokens"": 512}",PENDING_HUMAN_REVIEW,natural_sentence_v1
STEP10_PACKAGING,sasha_rh_37.png,Sasha_v23_002.png,Sasha_v23/Sasha_v23_002.png,C:\Users\maruk\Documents\Genelate_img\Sasha_re_codex\real_human_lora\work\frames_raw\Sasha_v23\Sasha_v23_002.png,C:\Users\maruk\Documents\Genelate_img\Sasha_re_codex\real_human_lora\work\frames_raw\Sasha_v23\Sasha_v23_002.png,b5f5e30559ee45f282c75c1000aadbf1b739957702e5dbd4ab5d190340553967,b5f5e30559ee45f282c75c1000aadbf1b739957702e5dbd4ab5d190340553967,bd72f194f62260fb728b77b26c75c5491b178908bff53393e197c11137bf9a40,0aee90574e714fb5b6d50709136243fa,STEP8_ORIGINAL,UPPER_BODY,LEFT_PROFILE,2160,3840,2160,3840,SKIPPED_NOT_NEEDED,wearing a stylish black top,hair tied up in a neat ponytail,serious focused expression,studio environment with neutral clean background,soft diffused natural daylight,"upper body portrait of sasha_rh, a young woman, in full left side profile view, serious focused expression, wearing a stylish black top, hair tied up in a neat ponytail, studio environment with neutral clean background, soft diffused natural daylight, high detail, authentic raw skin texture, 8k photo","sasha_rh, 1girl, solo, upper body, left profile, serious focused expression, wearing a stylish black top, hair tied up in a neat ponytail, studio environment with neutral clean background, soft diffused natural daylight, photorealistic",C:\Users\maruk\Documents\Genelate_img\Sasha_re_codex\real_human_lora\output\dataset_flux\sasha_rh_37.png,e426edbed55acc61f66e7862603ad1d2d390331ff307e8bf0b2c36bf6911721d,"{
  ""shot"": ""medium"",
  ""pose"": ""side profile"",
  ""clothing"": ""black sleeveless dress with white abstract print"",
  ""hair_style"": ""blonde hair with shoulder-length waves"",
  ""background"": ""tall building and greenery"",
  ""lighting"": ""overcast"",
  ""expression"": ""neutral""
}",False,"sasha_rh. A woman is shown in side profile in a medium shot, wearing a black sleeveless dress with white abstract print, with blonde hair with shoulder-length waves and a neutral expression. The background is tall building and greenery, with overcast lighting.","{""shot"": ""medium"", ""pose"": ""side profile"", ""clothing"": ""black sleeveless dress with white abstract print"", ""hair_style"": ""blonde hair with shoulder-length waves"", ""background"": ""tall building and greenery"", ""lighting"": ""overcast"", ""expression"": ""neutral""}",{},Qwen/Qwen3-VL-8B-Instruct,C:\Users\maruk\Documents\makeLora\caption_vl,520b2e05079402e9468a8701d03d1154d14b2599593afb6effa7fb60c1bff070,12ae9d3ebe9f45fe6b6be2b0f3eabd489f6e52632c0f1367b6ae20454c0fd7f8,"{""do_sample"": false, ""dtype"": ""bf16"", ""max_pixels"": 786432, ""max_new_tokens"": 512}",PENDING_HUMAN_REVIEW,natural_sentence_v1
STEP10_PACKAGING,sasha_rh_38.png,Sasha_v16_001.png,Sasha_v16/Sasha_v16_001.png,C:\Users\maruk\Documents\Genelate_img\Sasha_re_codex\real_human_lora\work\frames_raw\Sasha_v16\Sasha_v16_001.png,C:\Users\maruk\Documents\Genelate_img\Sasha_re_codex\real_human_lora\work\frames_raw\Sasha_v16\Sasha_v16_001.png,b01e3f8a3ce27b2d1be0a0753a31834599bd7407481c896e3ad1c40863e27b63,b01e3f8a3ce27b2d1be0a0753a31834599bd7407481c896e3ad1c40863e27b63,bd72f194f62260fb728b77b26c75c5491b178908bff53393e197c11137bf9a40,0aee90574e714fb5b6d50709136243fa,STEP8_ORIGINAL,UPPER_BODY,RIGHT_3Q,2160,3840,2160,3840,SKIPPED_NOT_NEEDED,wearing stylish casual clothes,hair tied up in a neat ponytail,gentle warm smile looking at camera,studio environment with neutral clean background,bright airy window light,"upper body portrait of sasha_rh, a young woman, turned slightly in three-quarter view to the right, gentle warm smile looking at camera, wearing stylish casual clothes, hair tied up in a neat ponytail, studio environment with neutral clean background, bright airy window light, high detail, authentic raw skin texture, 8k photo","sasha_rh, 1girl, solo, upper body, right 3q, gentle warm smile looking at camera, wearing stylish casual clothes, hair tied up in a neat ponytail, studio environment with neutral clean background, bright airy window light, photorealistic",C:\Users\maruk\Documents\Genelate_img\Sasha_re_codex\real_human_lora\output\dataset_flux\sasha_rh_38.png,4ff088ea4efb1dc155e0f1c4087d23629d2d0f2a24e53d3d88f7a70adcb4fc2a,"{
  ""shot"": ""close-up"",
  ""pose"": ""facing camera"",
  ""clothing"": ""green t-shirt with text print"",
  ""hair_style"": ""hair in two pigtails"",
  ""background"": ""interior with chair and screen"",
  ""lighting"": ""bright"",
  ""expression"": ""neutral""
}",False,"sasha_rh. A woman is facing camera in a close-up shot, wearing a green t-shirt with text print, with hair in two pigtails and a neutral expression. The background is interior with chair and screen, with bright lighting.","{""shot"": ""close-up"", ""pose"": ""facing camera"", ""clothing"": ""green t-shirt with text print"", ""hair_style"": ""hair in two pigtails"", ""background"": ""interior with chair and screen"", ""lighting"": ""bright"", ""expression"": ""neutral""}",{},Qwen/Qwen3-VL-8B-Instruct,C:\Users\maruk\Documents\makeLora\caption_vl,520b2e05079402e9468a8701d03d1154d14b2599593afb6effa7fb60c1bff070,12ae9d3ebe9f45fe6b6be2b0f3eabd489f6e52632c0f1367b6ae20454c0fd7f8,"{""do_sample"": false, ""dtype"": ""bf16"", ""max_pixels"": 786432, ""max_new_tokens"": 512}",PENDING_HUMAN_REVIEW,natural_sentence_v1
STEP10_PACKAGING,sasha_rh_39.png,Sasha_v11_001.png,Sasha_v11/Sasha_v11_001.png,C:\Users\maruk\Documents\Genelate_img\Sasha_re_codex\real_human_lora\work\frames_raw\Sasha_v11\Sasha_v11_001.png,C:\Users\maruk\Documents\Genelate_img\Sasha_re_codex\real_human_lora\work\frames_raw\Sasha_v11\Sasha_v11_001.png,9b6a2b5d770299175ac638289faba78f6f4c1fede746704fd6c58b9b44c44c71,9b6a2b5d770299175ac638289faba78f6f4c1fede746704fd6c58b9b44c44c71,bd72f194f62260fb728b77b26c75c5491b178908bff53393e197c11137bf9a40,0aee90574e714fb5b6d50709136243fa,STEP8_ORIGINAL,UPPER_BODY,FRONT,2160,3840,2160,3840,SKIPPED_NOT_NEEDED,wearing a floral summer dress,hair styled in a messy bun,gentle warm smile looking at camera,studio environment with neutral clean background,clean professional studio lighting,"upper body portrait of sasha_rh, a young woman, facing forward towards camera, gentle warm smile looking at camera, wearing a floral summer dress, hair styled in a messy bun, studio environment with neutral clean background, clean professional studio lighting, high detail, authentic raw skin texture, 8k photo","sasha_rh, 1girl, solo, upper body, front, gentle warm smile looking at camera, wearing a floral summer dress, hair styled in a messy bun, studio environment with neutral clean background, clean professional studio lighting, photorealistic",C:\Users\maruk\Documents\Genelate_img\Sasha_re_codex\real_human_lora\output\dataset_flux\sasha_rh_39.png,8e5cfa56ddb37128f0e48fee39e196003d48173ba392940d212c54d6b52e850c,"{
  ""shot"": ""medium"",
  ""pose"": ""facing camera"",
  ""clothing"": ""blue and white striped dress"",
  ""hair_style"": ""long hair"",
  ""background"": ""wall with photos"",
  ""lighting"": ""even"",
  ""expression"": ""smiling""
}",False,"sasha_rh. A woman is facing camera in a medium shot, wearing a blue and white striped dress, with long hair and a smiling. The background is wall with photos, with even lighting.","{""shot"": ""medium"", ""pose"": ""facing camera"", ""clothing"": ""blue and white striped dress"", ""hair_style"": ""long hair"", ""background"": ""wall with photos"", ""lighting"": ""even"", ""expression"": ""smiling""}",{},Qwen/Qwen3-VL-8B-Instruct,C:\Users\maruk\Documents\makeLora\caption_vl,520b2e05079402e9468a8701d03d1154d14b2599593afb6effa7fb60c1bff070,12ae9d3ebe9f45fe6b6be2b0f3eabd489f6e52632c0f1367b6ae20454c0fd7f8,"{""do_sample"": false, ""dtype"": ""bf16"", ""max_pixels"": 786432, ""max_new_tokens"": 512}",PENDING_HUMAN_REVIEW,natural_sentence_v1
STEP10_PACKAGING,sasha_rh_40.png,スクリーンショット 2026-09-30 110056.png,Sash_high_identity-img/スクリーンショット 2026-09-30 110056.png,C:\Users\maruk\Documents\Genelate_img\Sasha_re_codex\real_human_lora\work\frames_raw\Sash_high_identity-img\スクリーンショット 2026-09-30 110056.png,C:\Users\maruk\Documents\Genelate_img\Sasha_re_codex\real_human_lora\work\frames_raw\Sash_high_identity-img\スクリーンショット 2026-09-30 110056.png,860c29b3669de73f5dd4c370b3fc068de4a68c99d64d343dca4f27cac079addf,860c29b3669de73f5dd4c370b3fc068de4a68c99d64d343dca4f27cac079addf,b09674fe16b281285380bd5ae7c3d3585b2f787347d7672c74dd053bbbc968c4,0aee90574e714fb5b6d50709136243fa,STEP8_ORIGINAL,FULL_BODY,RIGHT_PROFILE,1440,2557,1440,2560,SKIPPED_NOT_NEEDED,wearing a floral summer dress,long dark hair falling over shoulders,calm neutral expression with soft gaze,sunlit room with window shadows in background,bright airy window light,"full body wide shot of sasha_rh, a young woman, in full right side profile view, calm neutral expression with soft gaze, wearing a floral summer dress, long dark hair falling over shoulders, sunlit room with window shadows in background, bright airy window light, high detail, authentic raw skin texture, 8k photo","sasha_rh, 1girl, solo, full body, right profile, calm neutral expression with soft gaze, wearing a floral summer dress, long dark hair falling over shoulders, sunlit room with window shadows in background, bright airy window light, photorealistic",C:\Users\maruk\Documents\Genelate_img\Sasha_re_codex\real_human_lora\output\dataset_flux\sasha_rh_40.png,fd6d00b5b1a2112812afd5d5a875dc74d30f8b0c72d69b3cb6a24edb67b0a441,"{
  ""shot"": ""medium"",
  ""pose"": ""side profile"",
  ""clothing"": ""white long-sleeved dress with deer and foliage print"",
  ""hair_style"": ""blond hair in loose waves"",
  ""background"": ""window with white frame"",
  ""lighting"": ""natural"",
  ""expression"": ""smiling""
}",False,"sasha_rh. A woman is shown in side profile in a medium shot, wearing a white long-sleeved dress with deer and foliage print, with blond hair in loose waves and a smiling. The background is window with white frame, with natural lighting.","{""shot"": ""medium"", ""pose"": ""side profile"", ""clothing"": ""white long-sleeved dress with deer and foliage print"", ""hair_style"": ""blond hair in loose waves"", ""background"": ""window with white frame"", ""lighting"": ""natural"", ""expression"": ""smiling""}",{},Qwen/Qwen3-VL-8B-Instruct,C:\Users\maruk\Documents\makeLora\caption_vl,520b2e05079402e9468a8701d03d1154d14b2599593afb6effa7fb60c1bff070,12ae9d3ebe9f45fe6b6be2b0f3eabd489f6e52632c0f1367b6ae20454c0fd7f8,"{""do_sample"": false, ""dtype"": ""bf16"", ""max_pixels"": 786432, ""max_new_tokens"": 512}",PENDING_HUMAN_REVIEW,natural_sentence_v1
